claim,description,date,rating,url
este guerrillero marica ni siquiera sabe de qué está hablando,Se trata de un montaje hecho sobre una entrevista del 2017 al político republicano cuando ejercía por primera vez la presidencia de Estados Unidos.,14/11/2024,Falso,https://colombiacheck.com/chequeos/video-en-el-que-trump-aparece-insultando-y-llamando-guerrillero-petro-fue-manipulado-con
Nicolás Petro le ordenó a un juez suspender el juicio en su contra,La defensa del exdiputado le solicitó suspender la audiencia preparatoria pero el juez reprochó el recurso y reanudó la diligencia un día después.,24/08/2025,Falso,https://colombiacheck.com/chequeos/juicio-contra-nicolas-petro-aun-ni-empieza-y-en-redes-ya-dicen-que-se-suspendio-por-orden
Crímenes descritos en tabla viral fueron perpetrados por las FARC,La tabla fue tomada de una videocolumna de “El Control” de María Andrea Nieto en Revista Semana que data de 2022 y Colombiacheck ya había verificado desinformaciones similares incluso antes.,08/05/2024,Falso,https://colombiacheck.com/chequeos/imagen-que-atribuye-las-farc-todos-los-crimenes-del-conflicto-armado-reaparece-en-redes
Nicolás Escobar Soto fue secuestrado y enterrado vivo por Gustavo Petro,El empresario fue plagiado por el M-19 pero no hay evidencia de que el hoy presidente haya participado en el crimen pues no era parte de la estructura militar de la guerrilla sino de su ala política.,25/09/2024,Falso,https://colombiacheck.com/chequeos/desinformacion-que-vincula-petro-con-mortal-secuestro-de-nicolas-escobar-soto-circula-de
Hoy es hoy. Y ayer fue hoy ayer. Mañana será hoy mañana.,La cuenta desinformadora @ByViral24 republicó el contenido editado donde la posible candidata demócrata a la Presidencia de Estados Unidos parece decir incoherencias.,23/07/2024,Falso,https://colombiacheck.com/chequeos/video-manipulado-de-vicepresidenta-kamala-harris-diciendo-hoy-es-hoy-llega-colombia
Foto de Iván Cepeda junto a Iván Márquez rearmado,La manipulación se hizo sobre una imagen del vídeo en el que varios exjefes de la antigua guerrilla anunciaron su regreso al conflicto armado como el grupo Segunda Marquetalia.,27/02/2026,Falso,https://colombiacheck.com/chequeos/peticion-de-investigar-cepeda-por-farc-politica-usa-montaje-que-lo-junta-con-ivan-marquez
Foto de Martha Peralta en campaña vestida como indígena emberá,La imagen fue tomada en Panamá hace 20 años y no muestra a la reelecta senadora wayuú del MAIS pero algunos usuarios tomaron el meme crítico de manera literal.,09/03/2026,Falso,https://colombiacheck.com/chequeos/satira-contra-martha-peralta-la-compara-con-foto-de-embera-panamena-no-es-ella-en-campana
Audios de WhatsApp alertan sobre amenazas de bombas en Cali,La Gobernación del Valle la Alcaldía y la Terminal de Transporte de la ciudad desmintieron estas notas de voz anónimas que circulan por WhatsApp.,04/09/2025,Falso,https://colombiacheck.com/chequeos/audios-atribuyen-falsamente-autoridades-de-cali-supuestas-alertas-de-bomba-en-sitios
Saldo a pagar en la declaración de renta de Uribe en 2018 es de 0 pesos,El expresidente cubrió por adelantado los 83 8 millones de pesos que le correspondían pero en redes lo atacan con base en un trino viejo y engañoso de Gustavo Bolívar sobre su declaración.,26/12/2024,Cuestionable,https://colombiacheck.com/chequeos/saldo-del-impuesto-de-renta-de-uribe-en-2018-fue-0-porque-ya-habia-pagado-en-anticipo-y
Registraduría usó software para inyectar votos al Pacto Histórico en 2022,La aparente noticia de “último minuto” alude a veedurías internacionales que entregaron sus balances en 2022 y no mencionaron esa denuncia.,18/02/2025,Falso,https://colombiacheck.com/chequeos/audio-sobre-supuesta-inyeccion-de-votos-al-pacto-historico-se-basa-en-informes-que-no
Reforma laboral de Petro eliminó 10 festivos,La norma permite pactar un día de descanso diferente al domingo tal como ya se podía desde 2002 solo que ahora debe ser por escrito. No suprimió los feriados.,04/07/2025,Falso,https://colombiacheck.com/chequeos/reforma-laboral-del-gobierno-petro-no-elimina-los-lunes-festivos-como-afirman
Líder del ELN invitó a votar por Paloma Valencia o Abelardo de la Espriella,La imagen imita al medio para hacer creer que alias ‘Yerson’ pidió apoyar a la derecha. En cambio el jefe guerrillero le dijo que el grupo armado no pide votos por ningún candidato.,22/05/2026,Falso,https://colombiacheck.com/chequeos/suplantacion-semana-atribuye-falsa-invitacion-del-eln-votar-por-valencia-y-de-la-espriella
Pastrana y Santos están en la junta directiva de Thomas Greg & Sons,Quienes todavía están en ese órgano empresarial de la contratista son los exministros Noemí Sanín y Ricardo Lozano.,16/07/2025,Cuestionable,https://colombiacheck.com/chequeos/pastrana-y-santos-ya-no-hacen-parte-de-la-junta-directiva-de-thomas-greg-sons
Video muestra buses contratados para campaña de De la Espriella,Los buses que muestra la grabación no estaban transportando a seguidores del candidato presidencial sino a miembros de la Asociación de Consejos Comunitarios del Norte del Cauca que llegaron a Bogotá a protestar contra el gobierno.,24/02/2026,Falso,https://colombiacheck.com/chequeos/video-no-muestra-buses-de-abelardo-de-la-espriella-sino-de-los-consejos-comunitarios-del
W informa que Maria José Pizarro recibió dinero para aprobar las reformas,La pieza es un montaje sobre otra nota del medio de comunicación que nada tiene que ver con pagos a la senadora por parte de Petro y Olmedo López como dice la desinformación.,10/07/2024,Falso,https://colombiacheck.com/chequeos/w-radio-no-publico-supuesta-noticia-de-que-maria-jose-pizarro-recibio-dinero-para-0
Tributaria sube impuesto de renta del 39% al 41% a quienes ganen 142 millon,Las nuevas tasas afectarían a quienes ganen en promedio más de 10 millones mensuales. MinHacienda también desmintió al mandatario.,10/09/2025,Falso,https://colombiacheck.com/chequeos/petro-miente-sobre-su-tributaria-no-le-sube-impuestos-solo-quienes-ganen-mas-de-142
Reformas a la constitución del 91: Petro cero,Publicaciones que enumeran los cambios a la Carta Política realizados en cada gobierno desde 1991 también tienen mal la cifra de Duque.,14/06/2024,Cuestionable,https://colombiacheck.com/chequeos/con-petro-si-se-han-hecho-reformas-la-constitucion-y-comparacion-con-expresidentes-es
La derecha en Francia arrasa en elecciones en octubre de 2025,Se trata de una encuesta de septiembre que estudia la intención de voto de los franceses para las elecciones del 2027,06/11/2025,Falso,https://colombiacheck.com/chequeos/con-noticia-sobre-reciente-sondeo-de-opinion-sugieren-que-la-derecha-gano-elecciones-en
Video del fin de guardias venezolanos entregandose en Colombia,El video fue grabado en Los Teques municipio vecino del Distrito Capital. Comenzó a circular horas antes de que el CNE diera por ganador a Maduro en las presidenciales.,31/07/2024,Falso,https://colombiacheck.com/chequeos/estos-guardias-venezolanos-no-se-entregaron-colombia-es-un-despliegue-cerca-de-caracas
Frente de la LIberación del Pueblo ganó en Sri Lanka con 56% de los votos,El presidente electo Anura Dissanayaka del partido marxista Frente de Liberación Popular tampoco obtuvo 56% de los votos que señaló el mandatario colombiano sino 42%.,23/09/2024,Cuestionable,https://colombiacheck.com/chequeos/video-difundido-por-petro-tras-elecciones-en-sri-lanka-es-viejo-no-corresponde-estos
Foto de Sergio Fajardo dormido en el debate de RCN,En la imagen actual el candidato del centro no reclina la cabeza de esa manera. Fue editada utilizando un fragmento de otra que fue tomada en la campaña de 2018.,14/05/2026,Falso,https://colombiacheck.com/chequeos/montaje-muestra-fajardo-dormido-en-debate-presidencial-de-rcn-con-base-en-foto-vieja
Hay capturas masivas de jurados de votación tras elecciones del 8 de marzo.,No hay registro de los supuestos operativos y sus tiempos resultan cuando menos improbables. La desinformación alienta narrativas petristas sobre fraude masivo.,20/03/2026,Falso,https://colombiacheck.com/chequeos/falsa-ola-de-capturas-jurados-de-votacion-se-ilustra-con-fotos-de-ladrones-o-sin-origen
"“Subiendo el salario mínimo, suben los impuestos y crece la pobreza”: Uribe",El expresidente dijo que la subida en la remuneración “fracasa” si se acompaña de alzas tributarias no que lo primero sea la causa de lo segundo.,27/10/2025,Cuestionable,https://colombiacheck.com/chequeos/cita-inexacta-tergiversa-critica-de-uribe-relacion-entre-aumento-del-salario-minimo-y-de
"E-14 de mesas en San Francisco, Cundinamarca, no tenían firmas de jurados",Los formularios de delegados se vieron sin firmas en la web de la Registraduría durante el preconteo. En las actas de claveros que van al escrutinio sí aparecen.,22/06/2026,Cuestionable,https://colombiacheck.com/chequeos/video-sobre-e-14-sin-firmas-en-san-francisco-cundinamarca-muestra-copias-incompletas
Alias Malayo fue capturado en el gobierno de Abelardo de la Espriella,La detención del hombre de confianza de ‘Bendito Menor’ ocurrió el 30 de junio en Riohacha antes de la posesión de De la Espriella el 7 de agosto.,13/08/2026,Falso,https://colombiacheck.com/chequeos/captura-de-alias-malayo-ocurrio-en-el-gobierno-petro-no-en-el-de-de-la-espriella
Nicolás Maduro es el presidente de Venezuela. Debemos reconocerlo,Desinformadores chavistas difunden un pantallazo de una columna de 2022 sobre la disputa por el interinato de Guaidó como si fuera del actual contexto poselectoral.,30/09/2024,Cuestionable,https://colombiacheck.com/chequeos/articulo-en-new-york-times-que-pide-reconocer-maduro-como-presidente-es-viejo-no-de-2024
Nuestro presidente ha hablado y seguiremos usando Pegasus para mostrar la v,Cuentas petristas y de supuestos medios publicaron el pantallazo falso. Aunque el expresidente tuiteó a favor del software de espionaje la exdirectora de Semana no respondió ese mensaje. Se trata de un montaje.,18/11/2024,Falso,https://colombiacheck.com/chequeos/vicky-davila-no-trino-seguiremos-usando-pegasus-para-mostrar-la-verdad-en-respuesta-uribe
Marcan tarjetones a favor de Iván Cepeda,La grabación circula como supuesta denuncia contra la campaña del candidato oficialista.,17/06/2026,Cuestionable,https://colombiacheck.com/chequeos/tarjetones-marcados-favor-de-cepeda-en-este-video-son-muestras-no-validas-para-votar-no
Coca incautada con cara de Petro sustenta investigaciones en EEUU,Las autoridades europeas nunca vincularon al mandatario con la cocaína incautada que tampoco se ha mencionado como indicio para las pesquisas norteamericanas.,26/03/2026,Cuestionable,https://colombiacheck.com/chequeos/indagacion-petro-en-ee-uu-revive-desinformacion-sobre-joker-con-su-cara-en-cargamento-de
Este video es de venezolanos regresando en lancha desde Colombia,De acuerdo a la geolocalización de EsPaja las lanchas van en sentido contrario de lo que sería si viniesen desde Colombia. La fecha de publicación del video original coincide con un acto de campaña de Nicolás Maduro en el Zulia.,27/07/2024,Falso,https://colombiacheck.com/chequeos/video-no-muestra-venezolanos-que-vinieron-en-lancha-de-colombia-para-votar-el-28j
Sofía Petro vaticina ‘estallido social’ si gana Abelardo de la Espriella,Una imagen falsa manipula lo que registró El Tiempo en una pieza similar de 2022 para adaptarlo al contexto de 2026 al cambiar al candidato presidencial aludido.,29/05/2026,Falso,https://colombiacheck.com/chequeos/sofia-petro-vaticino-estallido-social-si-ganaba-hernandez-no-ha-dicho-esto-sobre-de-la
Video de Rodrigo Londoño apoyando precandidatura de Iván Cepeda,El presidente del partido Comunes “saludó” en X la precandidatura presidencial del senador del Polo pero esta grabación es de 2021 y se refiere a otro tema.,11/09/2025,Cuestionable,https://colombiacheck.com/chequeos/este-video-de-apoyo-de-rodrigo-londono-ivan-cepeda-es-viejo-y-no-tiene-contexto-electoral
Orden de retirar placa sobre Palacio de Justicia busca limpiar al M-19,La orden de 2023 atiende al reclamo de las víctimas sobre la inexactitud del aviso. Se busca incluir la responsabilidad de la Fuerza Pública junto a la de la guerrilla.,05/03/2025,Cuestionable,https://colombiacheck.com/chequeos/jep-ordeno-cambiar-placa-sobre-toma-del-palacio-de-justicia-pero-no-para-limpiar-al-m-19
La corrupción insaciable del Gobierno del Cambio llegó también al Chocó,La denuncia de la Contraloría está relacionada con el programa ‘Todos por el Pacífico’ que inició en 2011 y terminó su ejecución en julio de 2017 y septiembre de 2022 cuando Gustavo Petro apenas llevaba un mes en la Presidencia.,19/06/2024,Falso,https://colombiacheck.com/chequeos/corrupcion-en-proyectos-de-acueducto-en-el-choco-no-es-del-gobierno-petro
"Petro ya le subió mucho a los trabajadores. En mi gobierno, yo rebajaré los",El expresidente ha asociado los incrementos con un mayor coste de vida. La desinformación comenzó a circular previo a la discusión del nuevo salario mínimo.,05/12/2025,Cuestionable,https://colombiacheck.com/chequeos/uribe-no-dijo-que-petro-ya-le-subio-mucho-los-trabajadores-pero-critica-sus-ajustes
Jueza Sandra Heredia facultó al Gobierno Petro para hacer interceptaciones,Un influenciador tergiversa la decisión de validar las escuchas al expresidente como pruebas. Su legalidad ya había sido avalada en otros tribunales.,29/07/2025,Falso,https://colombiacheck.com/chequeos/fallo-contra-uribe-jueza-heredia-no-argumento-que-petro-puede-interceptar-cualquiera
Maria Fernanda Cabal trinó en contra de Vicky Dávila,No hay rastro del mensaje falsamente atribuido a la senadora del Centro Democrático donde aparentemente le reclama a la saliente directora de Semana por tener “vínculos con peligrosos mafiosos”.,20/11/2024,Falso,https://colombiacheck.com/chequeos/me-prometiste-que-no-te-ibas-lanzar-supuesto-trino-de-cabal-contra-vicky-davila-es-un
Video de Petro consumiendo droga,La grabación original fue editada para omitir que antes de pasarse la mano por la nariz el mandatario tomó agua de una botella que le pasó su equipo de seguridad.,30/04/2025,Falso,https://colombiacheck.com/chequeos/petro-no-esta-consumiendo-drogas-en-este-video-sacado-de-contexto
"“Me encargaré de capturar a Álvaro Uribe"": fiscal Luz Adriana Camargo",No hay registro de que la funcionaria haya hecho ese anuncio ni en los medios públicos ni en otros. La imagen que circula en redes sociales es una suplantación.,29/10/2025,Falso,https://colombiacheck.com/chequeos/imitacion-rtvc-atribuye-falsa-cita-fiscal-camargo-sobre-captura-uribe-y-quienes-lo
Video abuchean a Álvaro Uribe en La Calera antes del fallo en juicio,Usuarios en redes sociales han compartido la grabación como si fuera reciente antes de la audiencia de sentido del fallo. En realidad es de septiembre de 2019.,28/07/2025,Cuestionable,https://colombiacheck.com/chequeos/video-de-uribe-siendo-abucheado-en-la-calera-no-es-cercano-juicio-por-manipulacion-de
Video de Iván Duque en el que habla de un nuevo cerco diplomático en Ven,En la grabación original que es de un episodio de su video podcast en el que conversó con el líder opositor venezolano Leopoldo López no dice eso.,10/01/2025,Falso,https://colombiacheck.com/chequeos/video-de-duque-diciendo-que-se-necesita-un-nuevo-cerco-diplomatico-en-venezuela-es
"Petro dijo: ""vamos a expropiar para democratizar la tierra fértil"".",La desinformación arma la frase con recortes de distintos segmentos de una entrevista que el influenciador Levy Rincón le hizo en julio de 2020 al entonces senador.,08/10/2025,Falso,https://colombiacheck.com/chequeos/montaje-acomoda-audio-de-petro-para-que-parezca-decir-que-va-expropiar-al-estilo-de-chavez
Miguel Uribe habría pedido a Marco Rubio intervención militar a Colombia,La desinformación que utiliza el logo de La República para engañar ya había sido desmentida en enero por Colombiacheck.,08/07/2025,Falso,https://colombiacheck.com/chequeos/caso-leyva-revive-montaje-que-senala-miguel-uribe-de-pedirle-rubio-una-intervencion
"No coma cuento y comparta. Con Uribe, Santos, Duque y Pastrana se liquidaro",El influenciador petrista publicó un video con información cuestionable sobre la plata que se les entrega a las EPS y la auditoría del Estado.,06/06/2024,Cuestionable,https://colombiacheck.com/chequeos/celso-tete-crespo-desinforma-sobre-plata-las-eps-tras-anuncio-del-retiro-de-sura
Tengo videos de Petro recibiendo dinero de narcos y drogado,Sobre un video real de La FM con críticas del expresidente al actual mandatario montaron una frase más que en realidad no dijo.,30/05/2024,Cuestionable,https://colombiacheck.com/chequeos/aunque-pastrana-hablo-de-fusion-entre-narcotrafico-y-gobierno-petro-no-anuncio-videos-como
Miguel Uribe habría pedido a Marco Rubio una intervención militar,No existe registro sobre la supuesta noticia. La imagen que circula no coincide con los diseños de ese medio que también desmintió la publicación. Se trata de un montaje.,28/01/2025,Falso,https://colombiacheck.com/chequeos/la-republica-no-publico-que-miguel-uribe-turbay-le-pidio-estados-unidos-una-intervencion
Video de Abelardo de la Espriella pateando bolsas con cadáveres,El clip viral altera una grabación real en la que el mandatario sí camina entre bolsas pero no las patea. Hay señales de que pudo ser manipulado con inteligencia artificial.,10/09/2026,Falso,https://colombiacheck.com/chequeos/video-manipulado-muestra-abelardo-de-la-espriella-pateando-bolsas-con-cadaveres
Gobierno Petro ordenó prohibir aplicaciones de movilidad en junio de 2024,Una reciente publicación viral tergiversa una noticia sobre cargos formulados contra Uber Cabify y Didi por presuntas infracciones al régimen de libre y leal competencia.,16/05/2024,Cuestionable,https://colombiacheck.com/chequeos/gustavo-petro-no-ordeno-prohibir-plataformas-digitales-de-transporte-partir-de-junio-de
Iván Cepeda dice que apoyará a la juventud ni a la educación,En la grabación completa el candidato presidencial del Pacto Histórico describe lo que según él ocurriría en Colombia bajo un eventual gobierno de Abelardo de la Espriella.,16/06/2026,Cuestionable,https://colombiacheck.com/chequeos/video-recorta-discurso-de-ivan-cepeda-para-hacer-creer-que-se-opone-la-educacion-y-la
Ghislaine Maxwell confirma encuentros entre Trump y  Jeffrey Epstein,No se han filtrado documentos como los allí descritos con declaraciones de la cómplice del fallecido delincuente sexual contra el presidente estadounidense.,21/10/2025,Falso,https://colombiacheck.com/chequeos/video-de-ia-hace-falsa-atribucion-ghislaine-maxwell-de-testimonio-contra-trump-por-epstein
Gustavo Petro concede entrevista a periodista ateo Alan Brooks sobre la fe,No hay registros de la supuesta entrevista y además hay indicios de que el video que circula en redes sociales fue generado con inteligencia artificial.,30/05/2025,Falso,https://colombiacheck.com/chequeos/gustavo-petro-no-concedio-una-entrevista-sobre-la-fe-periodista-ateo-alan-brooks
Uribe sí se reunió con Noboa antes de guerra comercial con Colombia,El medio colombiano Noticias UNO publicó una fotografía de Álvaro Uribe y Daniel Noboa vinculándola a la crisis arancelaria entre Ecuador y Colombia. La imagen es auténtica pero fue tomada en noviembre de 2024 más de un año antes de que esa disputa comenzara.,29/04/2026,Falso,https://colombiacheck.com/chequeos/la-fotografia-de-uribe-con-noboa-es-real-pero-fue-tomada-en-noviembre-de-2024-meses-antes
Corte Suprema determinó congresistas financiados por el Cartel de los soles,La cuenta desinformadora tomó un titular de El Tiempo sobre los hallazgos de la Corte Suprema para endilgarle falsamente una revelación que no aparece allí.,10/10/2025,Falso,https://colombiacheck.com/chequeos/viral-24-tergiversa-el-ocultamiento-de-gastos-de-campana-petro-como-nexo-con-cartel-de-los
Portada de revista Semana para hoy. Álvaro Uribe Vélez,La imagen muestra una foto del expresidente superpuesta sobre el cuerpo de Olmedo López junto al falso titular y de la supuesta historia central.,06/06/2024,Falso,https://colombiacheck.com/chequeos/portada-de-revista-semana-con-el-rostro-de-uribe-y-el-titulo-el-imputado-es-un-montaje
Imagen de supuesto triunfo de Edmundo González con 65%,En redes sociales movieron esta encuesta a boca de urna como si se tratara de los resultados de las elecciones.,29/07/2024,Cuestionable,https://colombiacheck.com/chequeos/estos-supuestos-resultados-de-elecciones-en-venezuela-son-de-una-exit-poll-publicada-por
La UE le envió un ultimátum a Gustavo Petro,Otros parlamentarios que participaron en la misma plenaria manifestaron su apoyo a las políticas del presidente de Colombia.,07/10/2025,Cuestionable,https://colombiacheck.com/chequeos/otra-intervencion-de-un-eurodiputado-de-ultraderecha-pasa-por-ultimatum-de-europa-petro
Jota Pe Hernández fue rechazado de consulta interna del Centro Democrático,El senador de Alianza Verde no podría participar en una elección interna de ese otro partido que tampoco planea escoger su candidatura presidencial en las urnas.,26/08/2025,Falso,https://colombiacheck.com/chequeos/veto-jota-pe-hernandez-falsamente-atribuido-al-centro-democratico-alude-consulta
Álvaro Uribe expidió Ley 970 que hoy en día afecta a semillas de campesinos,Una imagen presenta de forma inexacta información sobre la norma cuestionada por afectar a campesinos dando a entender que se trata de una ley vigente.,27/09/2024,Cuestionable,https://colombiacheck.com/chequeos/la-ley-970-sobre-semillas-decretada-por-uribe-era-una-resolucion-de-su-gobierno-derogada
Donald Trump dijo que trabajará con Nicolás Maduro como presidente de Ven,No hay evidencia de que el presidente electo de Estados Unidos haya realizado dichas declaraciones. Fue una opinión personal del senador republicano Bernie Moreno.,09/01/2025,Falso,https://colombiacheck.com/chequeos/trump-no-ha-dicho-que-trabajara-con-maduro-por-ser-el-presidente-que-se-posesiona-en
"Marco Rubiom secretario de Estado, pidió extradición de Maduro",En redes anuncian la solicitud como si fuera reciente ahora que el senador estadounidense es postulado a secretario de Estado de Trump con un video viejo y que tampoco tiene relación.,26/12/2024,Cuestionable,https://colombiacheck.com/chequeos/marco-rubio-si-pidio-extradicion-de-maduro-pero-en-2022
Trump presentó ley para instalar chip neuralink en cerebro de bebés,En páginas oficiales del país norteamericano no existe evidencia de un proyecto de ley que permita instalar chips en niños nacidos en Estados Unidos. Tampoco hay registros de que se haya anunciado.,22/03/2025,Falso,https://colombiacheck.com/chequeos/no-existe-proyecto-de-ley-en-estados-unidos-para-instalar-chip-neuralink-recien-nacidos-ni
El video que Maria Fernanda Cabal para que no salga en redes que ridícula,El clip original es una sátira con una candidata ficticia mexicana. El que circula con la senadora fue manipulado posiblemente con inteligencia artificial.,12/07/2024,Falso,https://colombiacheck.com/chequeos/video-de-maria-fernanda-cabal-cantando-parodia-politica-de-telepatia-es-un-montaje
Andrés Pastrana y Juan M. Santos hace parte de la junta directiva de TGS,El impreciso organigrama resurgió por una mención sin pruebas del presidente a una “promesa” de la empresa de asegurarle la Presidencia al candidato opositor.,16/04/2026,Cuestionable,https://colombiacheck.com/chequeos/mensaje-infundado-de-petro-contra-thomas-greg-y-de-la-espriella-revive-desinformacion
Victoria del Tigre: recuperó 9 menores y 41 disidentes se entregaron,La misma institución aclaró que los 41 disidentes sometidos y los 9 menores recuperados son el resultado de ocho meses de operaciones militares un periodo cuya mayor parte corresponde al gobierno Petro.,18/09/2026,Cuestionable,https://colombiacheck.com/chequeos/cifras-del-ejercito-en-el-canon-del-micay-corresponden-todo-2026-no-solo-al-inicio-del
Vea con quien anda el gran hpta que atentó contra Miguel Uribe Turbay,Se trata de un exintegrante de una ‘primera línea’ que fue asesinado en 2024 por la misma disidencia armada de las antiguas FARC que lo había reclutado.,10/06/2025,Falso,https://colombiacheck.com/chequeos/este-joven-en-fotos-con-figuras-del-petrismo-no-fue-el-sicario-que-atento-contra-miguel
Antonella Petro se va del país porque se cansó de tener un papá guerrillero,No hay evidencia de que la hija menor del mandatario haya hecho las declaraciones que le atribuyen tras su salida del país.,24/09/2024,Falso,https://colombiacheck.com/chequeos/portada-de-revista-con-supuestos-insultos-de-antonella-petro-su-papa-el-presidente-es-un
Dante Gebel destacó logros de Gustavo Petro en una de sus prédicas,La publicación viral usa imágenes de un sermón religioso para atribuirle al famoso pastor un discurso político manipulado con inteligencia artificial.,31/10/2025,Falso,https://colombiacheck.com/chequeos/montaje-con-ia-utiliza-video-viejo-del-predicador-dante-gebel-para-hacer-propaganda-petro
“Voy a proponerle al presidente TRUMP que libere a Nicolás Maduro”: Petro,No hay evidencia de que el presidente de Colombia haya anunciado plantearle a Trump la idea de sacar de la cárcel al depuesto gobernante de Venezuela.,26/01/2026,Falso,https://colombiacheck.com/chequeos/falsa-propuesta-atribuida-petro-sobre-liberar-maduro-circula-con-una-suplantacion-cali-es
Iván Mordisco colaborará con la Fiscalía sobre financiación campaña Petro,No hay evidencias de que el jefe del Estado Mayor Central de las disidencias haya hecho ese anuncio. Su última aparición pública fue en un video del 18 de noviembre y no se refiere al tema de la financiación.,03/12/2025,Falso,https://colombiacheck.com/chequeos/ivan-mordisco-no-anuncio-que-colaborara-con-la-fiscalia-para-entregar-pruebas-sobre
Comandante del ELN es la mamá de Juliana Guerrero,La madre de la joven es Yahaira Jiménez mientras el verdadero nombre de la guerrillera ‘Silvana Guerrero’ es Luz Amanda Pallares.,29/04/2026,Falso,https://colombiacheck.com/chequeos/falsa-relacion-madre-hija-entre-juliana-guerrero-y-jefa-del-eln-se-basa-en-su-alias
Semana publicó encuesta que muestra 40% de intención de reelegir a Petro,Se trata de una suplantación que no ha sido publicada por la revista sumándose al patrón recurrente de desinformación de una página petrista.,15/09/2025,Falso,https://colombiacheck.com/chequeos/narrativa-reeleccionista-se-impulsa-con-el-montaje-de-una-portada-y-una-encuesta
"En un trino viejo Uribe llamó a Abelardo De La Espriella, ""ladroncito""",En la publicación del 2012 el expresidente se refería al excongresista Miguel Alfonso De La Espriella condenado por parapolítica.,10/11/2025,Falso,https://colombiacheck.com/chequeos/alvaro-uribe-no-le-dijo-ladroncito-abelardo-de-la-espriella-en-un-trino-viejo
Discursos de Trump y de Petro en la Asamblea General de la ONU,El presidente de Estados Unidos anfitrión de la Asamblea siempre habla de segundo y suele tener mucho más público que otros. El de Colombia fue uno de los últimos de la tarde de ese día.,01/10/2025,Verdadero pero...,https://colombiacheck.com/chequeos/contraste-de-audiencia-entre-discursos-de-petro-y-trump-en-la-onu-esta-fuera-de-contexto
Video muestra a médicos de la clínica Santa Fe burlándose de Miguel Uribe,Salvador Mattar y Édgard Castro mencionados en el video viral son de Barranquilla y la clínica bogotana desmintió el vínculo.,13/06/2025,Falso,https://colombiacheck.com/chequeos/estos-medicos-que-hablan-sobre-la-salud-de-miguel-uribe-no-son-de-la-fundacion-santa-fe
"Asistentes a evento de presidencia en Ubaté gritaron ""Fuera, Petro""",El metraje original fue grabado el pasado 20 de febrero en el evento “Juntos por la transformación del campo” donde no sonó la supuesta arenga.,27/02/2025,Falso,https://colombiacheck.com/chequeos/audio-de-fuera-petro-en-video-del-recibimiento-al-presidente-en-ubate-es-montado
Guerrillera y mujer que da indicaciones a sicario de M. Uribe son la misma,En redes las confunden y señalan sin pruebas. La única mujer vinculada al crimen hasta el momento es Katherine Martínez alias ‘Gabriela’.,18/06/2025,Falso,https://colombiacheck.com/chequeos/alias-tania-no-es-una-mujer-que-mueve-los-ojos-en-videos-del-atentado-contra-miguel-uribe
Audio del registrador nacional prueba fraude en las elecciones,La falsa grabación tiene entonación y pausas poco naturales. Detectores arrojaron altas probabilidades de que haya sido generado de manera sintética.,17/03/2026,Falso,https://colombiacheck.com/chequeos/audio-de-ia-simula-voz-del-registrador-penagos-en-supuesta-planeacion-de-fraude-con-efrain
"Asesinato de Miguel Uribe fue ajuste de cuentas, dice BBC",La desinformación suplanta al medio para mover el señalamiento sin pruebas de que el crimen fue un ‘ajuste de cuentas’ entre mafias de esmeralderos.,25/08/2025,Falso,https://colombiacheck.com/chequeos/imitacion-bbc-sigue-libreto-de-petro-y-eln-sobre-asesinato-de-uribe-turbay-para-atacar-su
Foto muestra multitud en evento reciente de De la Espriella,La imagen fue tomada en un evento de campaña del entonces candidato presidencial Federico “Fico” Gutierrez que se hizo en Barranquilla y al que asistió el abogado Abelardo de la Espriella.,16/02/2026,Cuestionable,https://colombiacheck.com/chequeos/foto-de-abelardo-de-la-espriella-en-evento-masivo-no-es-de-la-actual-campana-sino-de-2022
Cosas que hacía la juez Heredia mientras Uribe hacia su última declaración,El fragmento de la grabación fue descontextualizado para atacar una vez más a la funcionaria que sentenció al expresidente por fraude procesal y soborno a testigos.,05/08/2025,Falso,https://colombiacheck.com/chequeos/video-de-jueza-heredia-riendose-es-despues-de-la-audiencia-de-condena-uribe-no-mientras-el
Álvaro Uribe pagó a los magistrados del Tribunal para su absolución,No hay registro de la supuesta denuncia o del anuncio de investigación de la Fiscalía en ese u otros medios. La pieza es una imitación de las de la emisora en redes.,29/10/2025,Falso,https://colombiacheck.com/chequeos/imagen-que-suplanta-radio-nacional-senala-sin-pruebas-uribe-de-pagar-por-su-absolucion
Foto de Milei cuando discutió con Boric y Petro en el G20,La imagen circuló después de que el presidente de Colombia Gustavo Petro afirmó que tuvo un rifirrafe con su homólogo argentino durante la cumbre en Río de Janeiro.,23/12/2024,Falso,https://colombiacheck.com/chequeos/esta-foto-de-javier-milei-con-cara-de-indispuesto-y-tirado-en-el-suelo-en-el-g20-fue
Gobernador de Texas dijo que si Dios fuera inmigrante ilegal lo deportaría,No hay evidencia de que los funcionarios estadounidenses hayan dicho tales declaraciones. Hay indicios de que el audio fue generado con inteligencia artificial.,18/07/2025,Falso,https://colombiacheck.com/chequeos/gobernador-y-alcalde-de-texas-no-dijeron-que-tambien-deportarian-dios-si-fuera-inmigrante
Biden aconseja a Edmundo González aceptar su derrota y no ser otro Guaidó,La desinformación contraría los pronunciamientos tanto del presidente de Estados Unidos como del presumible mandatario electo de Venezuela tras su encuentro del 6 de enero.,08/01/2025,Falso,https://colombiacheck.com/chequeos/biden-no-le-aconsejo-edmundo-gonzalez-que-acepte-su-derrota-contra-maduro
Con figuras de cartón trataron llenar la plaza de Bolívar en acto de Petro,Desinformadores tergiversaron elementos del acto de reconocimiento del Estado sobre el genocidio contra ese partido político para atacar al gobierno Petro.,16/10/2024,Cuestionable,https://colombiacheck.com/chequeos/no-son-munecos-del-petrismo-para-llenar-la-plaza-de-bolivar-sino-un-homenaje-las-victimas
Uribe fue golpeado en una pelea entre dirigentes del Centro Democrático,El Centro Democrático explicó que la hinchazón en la cara del expresidente editada en la foto para simular un moretón se debe a un tratamiento médico.,18/12/2025,Falso,https://colombiacheck.com/chequeos/suplantacion-caracol-tv-especula-sin-pruebas-que-uribe-lo-golpearon-en-una-pelea-de-su
Gobierno destinó 70.000 millones para el documental de Francia Márquez,El Fondo para el Desarrollo Cinematográfico no aportó a la producción. Solo destinó el 0 1% de esa cifra ($70 millones) a su distribución por un estímulo automático para largometrajes nacionales.,29/11/2024,Falso,https://colombiacheck.com/chequeos/documental-sobre-francia-marquez-no-recibio-70000-millones-del-gobierno-petro
Video muestra a personas siendo torturadas por la guerrilla,La grabación muestra un caso de maltrato interno a infantes de Marina durante un entrenamiento en 2015. Esta desinformación ya había circulado en 2016 2022 y 2023.,23/04/2026,Falso,https://colombiacheck.com/chequeos/video-de-tortura-en-la-armada-se-le-vuelve-atribuir-guerrilleros-en-publicaciones-falsas
Juan José Lafaurie dijo que no ha trabajado y reforma pensional lo afecta,La supuesta cita de Juan José en la que también afirma tener acciones en dos AFP nació de un trino hecho por una cuenta de humor que hemos verificado en el pasado.,25/06/2024,Falso,https://colombiacheck.com/chequeos/hijo-de-cabal-y-lafaurie-no-dijo-que-nunca-ha-trabajado-pero-que-la-reforma-pensional-lo
Nada por lo que pedir perdón,Se trataría de una campaña anónima. La lona que aparece en las publicaciones frente al Palacio Real fue generada posiblemente con inteligencia artificial.,16/10/2024,Falso,https://colombiacheck.com/chequeos/cartel-de-nada-por-lo-que-pedir-perdon-colgado-en-el-palacio-real-de-madrid-es-un-montaje
Miguel Uribe Londoño fue capturado por desfalco en abril de 2025,El hecho se dio en el 2000 por el desfalco del extinto Banco del Estado pero el papá del hoy senador Miguel Uribe Turbay fue hallado inocente en 2003.,25/04/2025,Falso,https://colombiacheck.com/chequeos/captura-de-miguel-uribe-londono-hace-25-anos-por-caso-en-el-que-fue-absuelto-circula-como
"""En mi gobierno las Fuerzas Armadas serán reforzadas con las FARC"": Cepeda",En el video original el precandidato presidencial hablaba sobre el lanzamiento de su aspiración. En ningún momento ha hecho la propuesta del montaje.,04/02/2026,Falso,https://colombiacheck.com/chequeos/manipulacion-con-ia-muestra-cepeda-prometiendo-reforzar-las-fuerzas-armadas-con-las
Mujer que le hizo campaña a Abelardo de la Espriella en EEUU fue deportada,Son dos mujeres distintas. La colombiana que hizo campaña al ahora presidente electo en Florida estaba en Bogotá el día de la detención y ella misma desmintió la desinformación en un video de TikTok.,09/07/2026,Falso,https://colombiacheck.com/chequeos/colombiana-que-hizo-campana-por-de-la-espriella-en-florida-no-es-la-persona-detenida-por
Iván Cepeda estuvo en la liberación de Jesús Santrich en La Picota,La foto original corresponde a la salida del exguerrillero de la cárcel cuando fue recapturado. El senador y precandidato presidencial no estuvo en ese episodio.,30/01/2026,Falso,https://colombiacheck.com/chequeos/montaje-pone-cepeda-en-la-liberacion-de-santrich-equivocada-fue-la-fiscalia-no-la-picota
Gustavo Petro invita a todos sus seguidores que poseen VISA AMERICANA,No hay registros de que el presidente haya hecho esa solicitud. La imagen que circula en redes sociales utiliza el logo de Revista Pacto que no la publicó.,22/10/2025,Falso,https://colombiacheck.com/chequeos/montaje-endilga-falsa-peticion-de-petro-seguidores-para-que-renuncien-visa-por-amor-el
Gobernadora del Chocó dice “extraño a Gustavo Petro todos los días”,Las supuestas declaraciones no figuran en medios ni en sus redes oficiales. En una entrevista reciente cuestionó que en el gobierno anterior no hubo la ejecución que esperaba.,26/08/2026,Falso,https://colombiacheck.com/chequeos/gobernadora-del-choco-no-dijo-extrano-gustavo-petro-todos-los-dias
Marcha por la salud de Miguel Uribe Turbay,La grabación corresponde a una manifestación contra el gobierno Petro que se realizó en marzo de 2024 en Medellín.,16/06/2025,Falso,https://colombiacheck.com/chequeos/este-video-no-es-de-una-marcha-por-la-salud-de-miguel-uribe-turbay-tras-el-atentado
Petro entró a la Casa Blanca por la puerta de atrás,El mandatario colombiano fue recibido por Donald Trump en el pasillo de los expresidentes que comunica con la Oficina Oval donde sostuvieron una reunión privada.,12/02/2026,Cuestionable,https://colombiacheck.com/chequeos/aunque-petro-no-fue-recibido-con-honores-en-la-casa-blanca-tampoco-entro-por-la-puerta-de
Sofía Petro dijo que se exiliará Francia tras triunfo de De la Espriella,La hija del presidente publicó un video desmintiendo afirmaciones falsas sobre que abandonaría el país si los resultados electorales eran adversos.,10/07/2026,Falso,https://colombiacheck.com/chequeos/sofia-petro-no-ha-dicho-que-se-exiliara-en-francia-tras-la-victoria-de-abelardo-de-la
Foto muestra a Francia Marquez como guerrillera,La imagen se mueve en redes desde la campaña de 2022 pero data del 2000 y varios medios la han usado para retratar el conflicto armado en el país. La vicepresidenta no aparece allí.,24/10/2024,Falso,https://colombiacheck.com/chequeos/foto-de-mujeres-armadas-circula-de-nuevo-para-acusar-falsamente-francia-marquez-de
"El gobierno que ha hecho la mayor inversión en educación, cultura y deporte",La imagen de la sacada de pecho de Duque por “la mayor inversión” en educación cultura y deporte es de un chequeo donde la calificamos de cuestionable y la noticia del recorte presupuestal es de junio no corresponde con lo recién aprobado en Consejo de Ministros.,09/12/2024,Cuestionable,https://colombiacheck.com/chequeos/comparan-inversion-social-de-petro-y-duque-sacando-de-contexto-pantallazos-de
Con reforma pensional es mejor no cotizar que no completar semanas,El metraje distorsiona los detalles sobre la renta vitalicia contemplada en la iniciativa aprobada en el congreso además de retomar la narrativa que vincula al gobierno Petro con el régimen venezolano.,25/06/2024,Cuestionable,https://colombiacheck.com/chequeos/video-presenta-afirmaciones-e-imagenes-enganosas-sobre-la-reforma-pensional-y-el-regimen
Proyecto de ley inconvertibles permite el cambio de sexo en niños de 5 años,Una desinformación tergiversa el contenido de la iniciativa que busca la prohibición de esfuerzos para cambiar la orientación sexual identidad o expresión de género de las personas.,11/06/2024,Falso,https://colombiacheck.com/chequeos/proyecto-de-ley-inconvertibles-no-permite-que-los-ninos-de-cinco-anos-decidan-su-cambio-de
Petro advirtió que ‘armará al pueblo colombiano’ tras el plan de EEUU,No existe registro del anuncio. El presidente dijo el mes pasado que el pueblo ante una agresión “se va en masa a las montañas y se arma”.,07/11/2025,Falso,https://colombiacheck.com/chequeos/petro-no-ha-amenazado-con-armar-al-pueblo-colombiano-ante-una-intervencion-militar-de-ee
Mis familiares si son dueños de Audifarma pero no son culpables de la escas,Se trata de una frase apócrifa atribuida al exmandatario. Colombiacheck corroboró que su cuñado no controla la gestora farmacéutica como difundió Petro.,27/11/2025,Falso,https://colombiacheck.com/chequeos/uribe-no-reconocio-la-mentira-del-petrismo-de-que-su-familia-es-duena-de-audifarma
Un colegio en El Tarra es blanco de bombardeos del gobierno De la Espriella,La grabación corresponde a un hostigamiento del ELN y disidencias de las FARC durante la celebración del Día del Niño. No guarda relación con el actual gobierno.,21/08/2026,Falso,https://colombiacheck.com/chequeos/video-de-el-tarra-no-es-de-bombardeos-del-gobierno-de-de-la-espriella-sino-sino-de-ataque
Andrea Petro amenazó con un estallido social si De la Espriella gana,El medio de comunicación desmintió la autoría de la pieza y no existen registros de que la declaración atribuida a la hija del presidente sea real.,18/02/2026,Falso,https://colombiacheck.com/chequeos/imitacion-el-tiempo-hace-falsa-cita-andrea-petro-sobre-estallido-social-contra-de-la
Petro cometió delitos en el M-19,Un montaje falsamente atribuido a ese medio circula con la cita apócrifa del artista en la que también acusa al presidente de “corrupción”.,17/05/2024,Falso,https://colombiacheck.com/chequeos/carlos-vives-no-dijo-que-petro-cometio-delitos-en-el-m-19-ni-la-revista-semana-lo-publico
El creador y actor del falso atentado muchos cómplices alrededor la clínica,Petristas en redes usan una grabación de un acto público de abril para promover la narrativa infundada de que el ataque sicarial de junio fue un montaje de la oposición.,07/07/2025,Falso,https://colombiacheck.com/chequeos/este-video-de-miguel-uribe-sano-y-activo-es-viejo-no-desmiente-el-atentado-en-su-contra
Volvió el ferrocarril de Antioquia gracias al presidente Gustavo Petro,La recuperación de esta locomotora fue gracias a la gestión y los aportes de la Alcaldía de Cisneros la Concesión Vías del Nus la Corporación Corfeturs y empresarios privados.,20/12/2024,Falso,https://colombiacheck.com/chequeos/locomotora-de-vapor-8-no-volvio-rodar-en-antioquia-gracias-al-gobierno-petro
Video muestra celebración en Medellín por fin del gobierno de Gustavo Petro,La grabación no tiene ninguna relación con la posesión de Abelardo de la Espriella. Fue grabada hace un año y medio y en realidad muestra la tradicional quema de pólvora con la que Medellín da inicio a las fiestas navideñas.,07/08/2026,Falso,https://colombiacheck.com/chequeos/video-de-la-alborada-decembrina-de-medellin-de-2024-circula-como-celebracion-por-el-fin
"Jaime Garzón dijo ""Petro es un político mentiroso, corrompido y corrupto""",En redes sociales circula otra frase que se atribuye falsamente al periodista asesinado en 1999.,23/04/2025,Falso,https://colombiacheck.com/chequeos/jaime-garzon-no-dijo-que-petro-era-un-politico-corrompido-y-corrupto-ni-la-flip-lo-publico
Migrantes haitianos comen mascotas en Springfield,Esta desinformación inició con la falsa historia de una mujer haitiana que mató y se comió un gato en Springfield Ohio. Luego fue escalando como una narrativa anti inmigrantes compartida por el propio Trump Elon Musk y el senador Ted Cruz entre otros. Aquí le contamos.,11/09/2024,Falso,https://colombiacheck.com/chequeos/trump-repite-en-el-debate-desinformacion-acerca-de-que-migrantes-haitianos-se-estan
En Venezuela no hay ni un preso político,Es falso que en Venezuela no haya ni un preso político como dijo el ministro de Relaciones Exteriores Yván Gil en Colombia. Varias investigaciones nacionales e internacionales dan cuenta de los atropellos cometidos en el país por órganos de seguridad y de justicia desde hace 10 años y con una escalada de represión que tiene tras las rejas a más de 1.900 ciudadanos la mayoría de ellos detenidos tras los resultados de las elecciones presidenciales del 28 de julio.,01/11/2024,Falso,https://colombiacheck.com/chequeos/en-venezuela-no-hay-ni-un-preso-politico-como-dijo-el-canciller-yvan-gil-en-su-visita
El gobierno de Petro y Yamil Arana terminan el Sena de Magangué,La obra inaugurada el 29 de octubre por el gobernador Yamil Arana fue adjudicada en 2021 por el entonces mandatario Vicente Blel. La administración de Petro no tuvo injerencia en esa ejecución como desinforma una cuenta afín al presidente.,06/11/2025,Cuestionable,https://colombiacheck.com/chequeos/nuevo-sena-de-magangue-no-es-una-obra-del-gobierno-petro-sino-de-la-gobernacion-de-bolivar
Video de Federico Gutiérrez besando a una funcionaria de la Alcaldía,La mujer de la grabación viral es Margarita Gómez Marín pareja del alcalde de Medellín. Las imágenes fueron tomadas durante un evento público.,27/05/2026,Falso,https://colombiacheck.com/chequeos/federico-gutierrez-besa-su-esposa-no-una-funcionaria-en-este-video-con-el-que-sugieren
Marco Rubio envía mensaje a las Fuerzas Armadas de Venezuela,La grabación fue publicada por el senador estadounidense en julio meses antes de ser postulado a secretario de Estado por el presidente electo Donald Trump.,18/12/2024,Cuestionable,https://colombiacheck.com/chequeos/este-video-de-marco-rubio-enviando-un-mensaje-las-fuerzas-armadas-de-venezuela-no-es
"Si el mundo quiere acabar con los cárteles en México, desmantelar FBI, DEA",Es una frase apócrifa del presidente de China que circula luego de que Trump ordenó el uso del ejército de Estados Unidos contra el narcotráfico fuera de su país.,15/08/2025,Falso,https://colombiacheck.com/chequeos/cita-sobre-desmantelar-dea-cia-y-fbi-para-acabar-carteles-en-mexico-es-falsamente
Imagen de helicóptero en el que murió presidente de Irán,La imagen realmente es del siniestro de un avión de entrenamiento de la Policía iraní ocurrido en abril de 2020.,21/05/2024,Falso,https://colombiacheck.com/chequeos/esta-foto-no-es-del-helicoptero-accidentado-en-el-que-murio-el-presidente-de-iran-ebrahim
Miguel Uribe anuncia que Andrés Felipe Arias será su vicepresidente,No hay registro de que este medio de comunicación ni ningún otro hayan publicado esta supuesta noticia. Se trata de un montaje.,15/11/2024,Falso,https://colombiacheck.com/chequeos/w-radio-no-publico-que-miguel-uribe-dijo-que-andres-felipe-arias-sera-su-formula
Petro  denunciará a ADLE ante el CPI por el homicidio de 'Bendito Menor',La pieza viral que atribuye a Gustavo Petro una denuncia contra el presidente Abelardo de la Espriella por la muerte de “Bendito Menor” es un montaje. La imagen usó el diseño de una publicación real de una página de noticias sobre el asesinato de la lideresa juvenil Alejandra Moreno Paz.,08/09/2026,Falso,https://colombiacheck.com/chequeos/ni-petro-dijo-que-denunciara-de-la-espriella-ante-la-cpi-por-la-muerte-de-bendito-menor-ni
La reforma pensional es para jubilar a 13.000 guerrilleros de las Farc ELN,Un pantallazo tergiversa un video en el que se asegura que el ELN utilizará el proceso de paz para “jubilar” a sus jefes. El proyecto de ley no propone pensiones para grupos armados ilegales.,30/05/2024,Falso,https://colombiacheck.com/chequeos/reforma-pensional-del-gobierno-petro-no-contempla-la-jubilacion-de-13000-guerrilleros
Video de soldado herido en el Cauca,La grabación en realidad corresponde a un guerrillero de las disidencias de las FARC y no es de este año.,18/10/2024,Falso,https://colombiacheck.com/chequeos/este-video-no-muestra-soldado-herido-como-da-entender-cuenta-de-x-desinformadora
Salario mínimo será fijado por decreto y superará los $1.733.000,No existe ningún pronunciamiento del mandatario que confirme esto. Apenas el lunes comenzó la discusión del ajuste entre el Gobierno sindicatos y gremios.,03/12/2025,Falso,https://colombiacheck.com/chequeos/petro-no-ha-anunciado-que-fijara-por-decreto-un-salario-minimo-de-mas-de-17-millones-para
Trump también descertificó a Colombia durante el gobierno de Iván Duque,La mentira para comparar con el “escándalo” por la medida actual se basa en la tergiversación de un video de Noticias RCN sobre estos cuestionamientos de 2019.,24/09/2025,Falso,https://colombiacheck.com/chequeos/trump-nunca-descertifico-colombia-durante-el-gobierno-duque-aunque-si-lo-critico-por
Apartamento 901 fue regalo de Papá Pitufo a Ricardo Roa,La desinformación relaciona dos cuestionamientos distintos al gerente de Ecopetrol y exgerente de la campaña de Petro que hasta ahora no están relacionados entre sí más que por su propia participación.,21/02/2025,Cuestionable,https://colombiacheck.com/chequeos/el-tiempo-no-publico-que-ricardo-roa-compro-un-apartamento-con-dineros-de-papa-pitufo
Trans cubana. Directora Regional de Bogotá,La funcionaria del Ministerio de la Igualdad llegó de Cuba en calidad de refugiada hace 25 años y obtuvo la nacionalidad por la vía del trámite ordinario en 2023.,28/03/2025,Falso,https://colombiacheck.com/chequeos/revive-desinformacion-sobre-nacionalizacion-expres-de-charlotte-schneider
E_14 con tachones a favor de Abelardo de la Espriella,Los mismos jurados anotaron que fue un error y son 124. En el acta de claveros que es la que tiene peso oficial en el escrutinio definitivo esta cifra está bien.,01/06/2026,Cuestionable,https://colombiacheck.com/chequeos/e-14-con-tachon-de-1224-votos-por-de-la-espriella-incluye-su-propia-aclaracion-no-prueba
Efraín Cepeda es el propietario y dueño de la EPS - CENTRO MEDICO OLIMPO,La imagen que ya hemos chequeado dice falsamente que el presidente del Senado se opone a la reforma a la salud porque es dueño de una de estas entidades promotoras.,20/09/2024,Falso,https://colombiacheck.com/chequeos/cuentas-petristas-reviven-mentira-sobre-supuesta-eps-de-efrain-cepeda-en-medio-de-la-pugna
"Vicky Dávila dijo ""Petro me quiere meter presa porque sabe que ganaré""",No hay evidencia o registros de esa supuesta afirmación de la precandidata presidencial que circula como burla de cuentas petristas por la intención de voto que marca en las encuestas.,18/12/2025,Falso,https://colombiacheck.com/chequeos/falsa-atribucion-davila-petro-me-quiere-meter-presa-porque-sabe-que-ganare-en-primera
"Uribe dijo “Si para derrotar a tu adversario necesitas sembrarle un delito""",La grabación original es de una entrevista del 6 de marzo en la que citó esa idea al hablar de una supuesta formación “comunista-estaliniana”.,09/04/2026,Cuestionable,https://colombiacheck.com/chequeos/video-editado-saca-de-contexto-frase-de-uribe-sobre-sembrar-un-delito
Video de caravana militar dirigiéndose al Catatumbo,La grabación circula en internet desde al menos 2022. El Ejército confirmó que las imágenes no son recientes ni corresponden a un despliegue hacia esas regiones.,19/08/2026,Falso,https://colombiacheck.com/chequeos/video-viejo-de-caravana-militar-en-la-guajira-circula-falsamente-como-supuesto-despliegue
Video muestra a un capturado en protestas por resultado de elecciones.,La grabación circula desde 2019 pero fue compartida en el contexto actual de violaciones de derechos humanos contra las protestas que reclaman fraude en la reelección de Maduro.,15/08/2024,Falso,https://colombiacheck.com/chequeos/este-video-viejo-de-un-hombre-ensangrentado-es-usado-para-desinformar-sobre-represion-en
Anulada la elección de Abelardo De la Espriella,El usuario de TikTok Manolo Zuleta usa un titular engañoso para atraer vistas. El Consejo de Estado apenas admitió una demanda para su estudio un trámite de forma que no suspende ni invalida los resultados de los comicios.,31/07/2026,Falso,https://colombiacheck.com/chequeos/video-que-asegura-que-se-anula-la-eleccion-de-abelardo-de-la-espriella-es-clickbait-y
audio explosivo de manipulación en las elecciones en Venezuela,Detectores de inteligencia artificial concluyen que las voces no coinciden con las reales y hay evidencia de manipulación. Medios venezolanos también han desmentido la desinformación.,21/11/2024,Falso,https://colombiacheck.com/chequeos/audio-simulado-de-maduro-y-presidente-del-cne-planeando-fraude-electoral-habria-sido
"Iván Cepeda dijo: ""recuerden quien metió preso a Álvaro Uribe Vélez""-",El mensaje lo publicó un perfil que utiliza la imagen del precandidato de izquierda pero fue creado en agosto de este año.,21/10/2025,Falso,https://colombiacheck.com/chequeos/cuenta-suplanta-ivan-cepeda-para-trinar-que-el-metio-preso-al-expresidente-alvaro-uribe
Bukele propone que Shakira sea presidenta de Colombia,La grabación original es de una visita oficial a Costa Rica en noviembre de 2024 y no menciona a la artista colombiana.,03/09/2026,Falso,https://colombiacheck.com/chequeos/video-manipulado-con-ia-atribuye-bukele-propuesta-para-que-shakira-sea-presidenta-de
Juliana Guerrero fue condenada a 3 años por recibir plata de contratistas,La pena se relaciona con el delito de fraude procesal para posesionarse como viceministra de Juventudes. No existe condena por sobornos.,10/09/2026,Falso,https://colombiacheck.com/chequeos/juliana-guerrero-fue-condenada-tres-anos-por-titulos-falsos-no-por-coimas-contratistas
Petro decretó nuevo aumento de salario a partir de julio,No existe ningún decreto oficial que soporte la afirmación realizada tras la amenaza del presidente sobre reajustar el salario mínimo por segunda vez para 2026.,26/05/2026,Falso,https://colombiacheck.com/chequeos/falso-aumento-masivo-de-ingresos-por-orden-de-petro-en-julio-esta-ilustrado-con-imagen-de
Capitanes del ejército venezolano llaman a una junta de gobierno.,La grabación compartida incluso por Elon Musk circula de forma engañosa como un aparente indicio de rebelión contra Maduro en la Fuerza Armada.,31/07/2024,Cuestionable,https://colombiacheck.com/chequeos/militares-que-llaman-en-video-una-junta-de-gobierno-en-venezuela-estan-retirados-y
Video muestra al centro comercial Galerías vacío,La grabación circula en X como si fuera de Colombia para culpar a Petro de la supuesta “quiebra” del lugar que realmente queda en una ciudad cerca de Caracas.,25/10/2024,Falso,https://colombiacheck.com/chequeos/este-video-de-un-centro-comercial-vacio-no-es-de-galerias-en-bogota-sino-de-uno-en
Donald Trump reconoció a Nicolás Maduro como presidente de Venezuela,Estados Unidos negó ese mismo día la legitimidad del gobernante chavista pero el encuentro fue usado en redes para afirmar lo contrario.,07/02/2025,Cuestionable,https://colombiacheck.com/chequeos/trump-no-reconocio-maduro-como-presidente-tras-visita-de-enviado-especial-venezuela
Video donde un soldado del Ejército le agradece a Gustavo Petro,El Ejército desmintió el video y aclaró que la persona no pertenece a la institución. Su cuenta de TikTok muestra fotografías en las que aparece siendo detenido por soldados dentro de una celda y acompañado de contenido alusivo a la guerrilla.,14/08/2026,Falso,https://colombiacheck.com/chequeos/hombre-que-envia-agradecimientos-petro-vestido-de-camuflado-no-es-soldado-del-ejercito
Tributaria de Petro propone IVA del 5% a alimentos de la canasta básica,Café harina avena trigo chocolate aceites y azúcar entre otros ya tienen ese gravamen. Cuentas desinformadoras lo hacen ver como propuesta del nuevo proyecto de reforma del gobierno Petro.,10/09/2025,Falso,https://colombiacheck.com/chequeos/iva-del-5-seguiria-en-los-mismos-alimentos-con-o-sin-la-tributaria-no-seria-nada-nuevo
Congresistas conservadores votaron a favor de la reforma a la salud,Registros de la sesión extraordinaria de la Cámara de Representantes del 12 de febrero permiten establecer que en esa ocasión solo se votó el orden del día.,20/02/2025,Falso,https://colombiacheck.com/chequeos/votacion-con-que-senalan-congresistas-conservadores-de-apoyar-reforma-la-salud-fue-sobre
Fotos comparan raciones de comida del Ejército en gobierno de Uribe y Petro,La foto de un soldado con un plato de arroz con rodajas de tomate es de 2017 cuando el presidente era Juan Manuel Santos. La otra imagen de un soldado con una bandeja de comida abundante pertenece a un integrante del Ejército del Perú.,29/11/2024,Falso,https://colombiacheck.com/chequeos/estas-imagenes-de-militares-con-bandejas-de-comida-no-son-de-gobiernos-de-uribe-y-petro
El delincuente de Álvaro Uribe fue dejado libre. Voy a pedir su extradición,Sheinbaum no ha hecho la declaración en la que supuestamente se refirió al exmandatario como delincuente. En el video se detectó uso de inteligencia artificial.,25/08/2025,Falso,https://colombiacheck.com/chequeos/montaje-con-ia-simula-la-presidenta-de-mexico-pidiendo-la-extradicion-de-alvaro-uribe
El 96% de los colombianos apoyan que Petro sea extraditado a EE.UU.,Piezas de redes se apoyan en una supuesta medición para afirmar que el 96% de los encuestados estaría a favor de esta decisión judicial.,23/12/2025,Falso,https://colombiacheck.com/chequeos/no-existe-encuesta-sobre-apoyo-de-los-colombianos-una-extradicion-de-gustavo-petro
Acuerdos entre Gobierno y ELN aprueban reclutamiento de menores de edad,La desinformación le atribuye falsamente una frase al senador del Polo para alimentar una narrativa tergiversada que inició el también congresista Jota Pe Hernández.,03/04/2025,Falso,https://colombiacheck.com/chequeos/ni-gobierno-petro-avalo-el-reclutamiento-de-menores-del-eln-ni-ivan-cepeda-dijo-que-era
El gobierno de Iván Duque mató más gente por protestar que el chavismo,Solo en la presidencia de Nicolás Maduro la cantidad de fallecidos por protestar en Venezuela casi triplican las que hubo en Colombia durante el estallido social.,29/01/2025,Falso,https://colombiacheck.com/chequeos/es-falso-que-en-el-gobierno-duque-hubo-mas-muertos-en-protestas-que-en-todo-el-chavismo
QUE VICKY DÁVILA NO SE CONFUNDA CONMIGO QUE YO SI SE COMO ELLA LAVA DINERO,La desinformación ya había circulado en mayo de 2024 cuando el senador fue señalado de recibir coimas de la UNGRD para favorecer proyectos del gobierno.,05/03/2025,Falso,https://colombiacheck.com/chequeos/reviven-frase-apocrifa-de-ivan-name-en-la-que-acusa-vicky-davila-de-lavar-dinero-del-clan
Gobierno Petro eliminó la tarjeta de turismo para San Andrés,La desinformación suplanta al medio de comunicación y no tiene sustento en ninguna medida o pronunciamiento oficial.,03/07/2024,Falso,https://colombiacheck.com/chequeos/ni-el-gobierno-petro-elimino-tarjeta-de-turismo-para-ir-san-andres-ni-el-tiempo-publico-la
Esposo de Aida Quilcué fue dado de bajo por el Ejército por ser guerrillero,Hay militares investigados y condenados por el homicidio presentado de forma falsa como baja en combate pero desinformadores insisten en que era “guerrillero”.,27/03/2026,Falso,https://colombiacheck.com/chequeos/derecha-revictimiza-quilcue-al-repetir-estigma-contra-su-esposo-asesinado-en-un-crimen-de
Se filtra video de Iván Cepeda contra los santandereanos,El ‘deepfake’ imita al candidato presidencial de izquierda para mostrarlo maldiciendo a la población de Santander y señalando a la región como “paramilitar y asesina”.,12/06/2026,Falso,https://colombiacheck.com/chequeos/con-video-falso-con-ia-atribuyen-ivan-cepeda-amenaza-contra-los-santandereanos
Uribe dio la orden de matar a un testigo en la audiencia de su juicio,El clip que circula en redes sociales fue editado para hacer parecer que dos  momentos distintos de la audiencia del 13 de marzo ocurrieron al mismo tiempo.,02/04/2025,Falso,https://colombiacheck.com/chequeos/este-video-no-muestra-alvaro-uribe-dando-la-orden-de-matar-un-testigo-en-su-juicio
Foto de caballo con sigla del ELN pintada en el cuerpo en el Catatumbo,La imagen que circula como si fuera reciente fue tomada en julio de 2021 por el médico Diego Roselli en una vía de esa región de Norte de Santander.,22/01/2025,Cuestionable,https://colombiacheck.com/chequeos/esta-foto-de-caballo-pintado-con-sigla-del-eln-es-del-catatumbo-pero-no-de-la-crisis
Linda Yepes llegó a París para los Juegos Olímpicos,En redes usan una foto vieja para asegurar que la influenciadora llegó a la sede de las justas al tiempo que Petro con quien la han vinculado en narrativas transfóbicas.,29/07/2024,Falso,https://colombiacheck.com/chequeos/imagenes-de-la-presentadora-linda-yepes-en-paris-no-son-en-los-juegos-olimpicos-2024
Petro cambió de opinión y votó consulta interpartidista el 8 de marzo.,La imagen falsa con marca de agua invisible de Synth ID contradice los registros emitidos por medios de comunicación a primera hora de la jornada electoral.,08/03/2026,Falso,https://colombiacheck.com/chequeos/gustavo-petro-no-voto-consulta-interpartidista-se-trata-de-imagen-generada-con
Petro afirma que es Dios en una entrevista en Caracol Radio,Esta desinformación ya la hemos desmentido en 2022 y 2023. No hay evidencia de que el presidente haya hecho esa afirmación. El mismo medio lo desmintió.,04/12/2024,Falso,https://colombiacheck.com/chequeos/montaje-caracol-radio-con-falsa-declaracion-en-la-que-petro-afirma-ser-dios-vuelve-las
Trino sobre la gestión José Manuel Restrepo en el Ministerio de Hacienda,El mensaje incluye hechos anteriores a que el candidato vicepresidencial ocupara esa cartera y cifras económicas como el precio del dólar sin tener en cuenta factores externos.,17/03/2026,Cuestionable,https://colombiacheck.com/chequeos/trino-viral-utiliza-datos-fuera-de-contexto-para-cuestionar-gestion-de-restrepo-en
Trump promete una posible invasión militar para derrotar a Maduro,No hay evidencia de que el presidente electo de Estados Unidos se haya referido a ese tema después de ganar las elecciones y tampoco lo propuso como candidato.,16/01/2025,Falso,https://colombiacheck.com/chequeos/es-falso-que-trump-haya-prometido-una-posible-invasion-militar-venezuela-para-derrocar
Kamala Harris está vinculada con pizzagate a través de su hermana,Los correos usados para vincular a Maya Harris con la supuesta trama de pedofilia un infundio creado en las elecciones de 2016 contra Hillary Clinton en realidad no dicen nada al respecto.,31/10/2024,Falso,https://colombiacheck.com/chequeos/atacan-kamala-harris-traves-de-su-hermana-con-la-teoria-conspirativa-de-pizzagate
Mafe Cabal dijo que prefiere ser dama de compañía que volver al congreso,El ataque a la senadora y precandidata presidencial opositora se da luego de que descartó regresar al Legislativo si no consigue llegar a la Casa de Nariño en 2026.,26/09/2025,Falso,https://colombiacheck.com/chequeos/petrismo-atribuye-cabal-cita-falsa-sobre-ser-dama-de-compania-en-lugar-de-volver-al
"Foto de Paola Holguín junto a su papá, Frank Holguín Ortiz, y Pablo Escobar",La imagen fue creada a partir de una fotografía de la senadora y Frank Holguín Ortiz tomada casi cuatro años después de la muerte del narcotraficante.,15/04/2026,Falso,https://colombiacheck.com/chequeos/montaje-con-ia-pone-falsamente-paola-holguin-y-su-papa-junto-pablo-escobar
El tirador de Charlie Kirk fue visto días antes reunido con hijo de Trump,Las investigaciones no han revelado que el sospechoso de asesinar a Kirk tenga conexión alguna con el hijo menor del presidente Donald Trump. Además el video utiliza un avatar creado con IA.,19/09/2025,Falso,https://colombiacheck.com/chequeos/no-las-autoridades-no-han-reportado-que-el-sospechoso-del-asesinato-de-charlie-kirk-haya
Foto muestra que Kamala Harris aprueba la revolución comunista en América,El metraje real sólo muestra mensajes alusivos a la campaña de la fórmula demócrata para las elecciones presidenciales.,23/08/2024,Falso,https://colombiacheck.com/chequeos/video-de-kamala-harris-junto-pancartas-y-simbolos-comunistas-es-un-montaje
Hombre con caballo de madera junto a Álvaro Uribe es de Los Rastrojos,El protagonista del video es Adolfo José Cárdenas Narváez conocido como ‘El Topo’ un creador de contenidos de El Carmen de Bolívar quien desmintió la desinformación.,26/11/2025,Falso,https://colombiacheck.com/chequeos/hombre-que-aparece-con-alvaro-uribe-en-este-video-no-es-de-los-rastrojos-sino-un-creador
"Nicolás Petro viajó a Cancún con ayuda de la fiscal general, foto lo prueba",La imagen del exdiputado en la playa fue asociada sin sustento con un supuesto viaje a Cancún del que no hay evidencia.,19/09/2024,Falso,https://colombiacheck.com/chequeos/esta-foto-de-nicolas-petro-es-vieja-y-no-prueba-que-violo-restricciones-para-salir-del
La reconexión de servicios públicos costará solo 1.000 pesos,La recién promulgada Ley 2485 que pone un límite a este rubro es exagerada por petristas que se la atribuyen al Gobierno aunque es de iniciativa del Congreso.,17/10/2025,Cuestionable,https://colombiacheck.com/chequeos/ley-que-baja-cobros-por-reconexion-solo-es-para-internet-y-telefonia-no-toca-otros
Video de boicot a Benjamin Netanyahu en Asamblea de la ONU,La grabación donde varias personas salen del recinto cuando el primer ministro de Israel empezó su discurso realmente corresponde a la sesión de 2024.,24/09/2025,Cuestionable,https://colombiacheck.com/chequeos/boicot-contra-netanyahu-en-asamblea-de-la-onu-anterior-circula-como-si-fuera-de-la-actual
Juan Carlos Florián le habría transmitido VIH a Gustavo Petro,Juan Carlos Florián quien recién asumió el cargo sí vive con ese virus pero nunca ha hablado de que el presidente lo haya adquirido en supuestas relaciones con él.,20/08/2025,Falso,https://colombiacheck.com/chequeos/video-serofobico-le-atribuye-testimonio-apocrifo-minigualdad-sobre-transmision-de-vih
Caracol Radio publicó: Paciente vio a Miguel Uribe caminando,Se trata de un montaje que suplanta al medio radial como se ha hecho recientemente con el diario El Tiempo.,03/07/2025,Falso,https://colombiacheck.com/chequeos/caracol-radio-no-publico-que-una-paciente-de-la-santa-fe-vio-miguel-uribe-caminando
En video se ve cómo el Policía cambió el arma del atentado a Miguel Uribe,Un fragmento fue sacado de contexto para insinuar una manipulación de la evidencia que no se ve en el metraje completo.,16/06/2025,Falso,https://colombiacheck.com/chequeos/este-video-no-muestra-que-el-policia-cambio-el-arma-con-la-que-atacaron-miguel-uribe
Crímenes descritos en la imagen fueron cometidos por el M-19,El párrafo difundido en el pantallazo corresponde a un artículo del Centro Nacional de Memoria Histórica sobre acciones paramilitares y de las FARC en San Carlos.,10/05/2024,Falso,https://colombiacheck.com/chequeos/cifras-de-crimenes-atribuidos-al-m-19-en-esta-imagen-se-basan-en-una-respuesta-erronea-de
Donald Trump baila en el techo de la Casa Blanca,El presidente de Estados Unidos subió el 5 de agosto a la cubierta de la sede de Gobierno pero en ningún momento se le vio bailando.,14/08/2025,Falso,https://colombiacheck.com/chequeos/video-que-muestra-donald-trump-bailando-en-el-techo-de-la-casa-blanca-fue-manipulado
Petro creó 1.000 cargos con salarios de entre 15 y 45 millones de pesos.,Un trino de una cuenta desinformadora de derecha dice que son mil empleos públicos el doble de la cifra real y multiplica sus verdaderas remuneraciones.,30/01/2026,Falso,https://colombiacheck.com/chequeos/sueldos-de-500-nuevos-cargos-en-mintrabajo-estan-muy-lejos-de-los-45-millones-mensuales
MARTHA PERALTA ACUSÓ A IVÁN CEPEDA TRAS INDAGATORIA POR CASO UNGRD,La Corte Suprema ordenó la detención de la senadora por riesgo de inasistencia a la indagatoria no por “pruebas” contra el candidato como afirma la imagen viral.,21/06/2026,Falso,https://colombiacheck.com/chequeos/no-hay-senalamientos-de-peralta-que-vinculen-la-campana-de-cepeda-con-el-caso-ungrd
Abelardo de la Espriella en una fiesta después del terremoto,Fue grabado en julio antes de la posesión del nuevo presidente y de que ocurriera el terremoto del pasado 10 de agosto.,13/08/2026,Falso,https://colombiacheck.com/chequeos/el-video-de-abelardo-de-la-espriella-bailando-en-una-fiesta-es-anterior-al-terremoto
"Libro ""Mis fracasos son culpa de los demás"" escrito por Gustavo Petro",El supuesto libro lleva la firma “Rosita Aureliana” que apela a su alias como exguerrillero pero también a un apodo que acentúa una narrativa discriminatoria.,21/11/2025,Falso,https://colombiacheck.com/chequeos/usan-imagen-de-supuesto-libro-de-petro-generada-por-ia-para-atacarlo-con-mensajes
El papa León XIV estuvo en el Ubérrimo y es amigo de Uribe,Se trata de una fotografía que le tomaron mientras visitaba un pueblo cercano a Chiclayo Perú donde fue obispo.,14/05/2025,Falso,https://colombiacheck.com/chequeos/esta-no-es-una-foto-del-papa-leon-xiv-en-la-finca-el-uberrimo
La declaración de renta de De La Espriella Lawyers quedó en cero pesos,El documento muestra que la empresa liquidó $397 millones en impuesto de renta pero acumuló $996 millones en retenciones anticipadas que ya cubrían ese valor.,06/08/2026,Cuestionable,https://colombiacheck.com/chequeos/publicaciones-insinuan-que-de-la-espriella-lawyers-no-pago-renta-en-2024-pero-la
Petro dice que Ejército tenía contralada embarcación destruida por EE.UU.,No existe evidencia de que el mandatario haya hecho esas declaraciones. El video que circula en redes sociales muestra señales de haber sido generado con inteligencia artificial.,05/12/2025,Falso,https://colombiacheck.com/chequeos/petro-no-dijo-que-el-ejercito-tenia-controlada-la-embarcacion-que-estados-unidos-destruyo
Petro restituye mesada 14 para profesores quitadas en el 2005 durante el go,Al proyecto todavía le falta la mitad del camino para llegar a la sanción presidencial. Además no fue radicado por el Gobierno sino por congresistas aliados y opositores.,17/12/2025,Falso,https://colombiacheck.com/chequeos/petro-no-ha-restituido-la-mesada-14-los-maestros-la-ley-apenas-se-debate-en-el-congreso
Duque ‘ROMPE COBIJAS’ con Álvaro Uribe y lo ACUSA ante Colombia,No existe evidencia de que Duque haya dado esas declaraciones. El video viral circula desde 2018 y tiene claras señales de haber sido manipulado.,21/11/2025,Falso,https://colombiacheck.com/chequeos/video-en-el-que-duque-dice-estamos-firmes-contra-el-expresidente-alvaro-uribe-velez-es-un
Nueva ley de Trump exige implantación de chip a extranjeros en EE.UU.,No hay evidencias de que el presidente de Estados Unidos haya firmado una ley para implantar chips en personas extranjeras o inmigrantes.,10/04/2025,Falso,https://colombiacheck.com/chequeos/donald-trump-no-aprobo-una-ley-que-obliga-implantar-chips-extranjeros-en-eeuu
Abelardo de la Espriella dijo que congelará el salario mínimo por 4 años,No hay registros de que el presidente electo haya hecho ese anuncio. Tanto De la Espriella como su ministro de Hacienda designado han afirmado que su intención es que el salario mínimo siga aumentando.,06/07/2026,Falso,https://colombiacheck.com/chequeos/de-la-espriella-no-propuso-congelar-el-salario-minimo-por-cuatro-anos-como-afirma-un
Milei se arrodilló ante presidente de China Xi Jinping,La falsa foto circula desde 2023 con el rostro del presidente de Argentina pero otra versión ponía en la misma posición al de Rusia Vladimir Putin.,26/06/2024,Falso,https://colombiacheck.com/chequeos/vuelve-circular-imagen-de-ia-que-muestra-milei-arrodillado-ante-el-presidente-chino-xi
Republicanos se unieron demócratas para bloquear por completo a Trump,Los republicanos no se unieron a los demócratas para bloquear la administración de Trump como afirma un video viral. Contrario a eso el Congreso de EU aprobó su paquete fiscal.,07/07/2025,Falso,https://colombiacheck.com/chequeos/el-congreso-de-eu-acaba-de-frenar-el-poder-de-trump-falso
Foto de Petro vestido de drag queen en Budapest en 1996,Esta desinformación circula desde 2020 en redes sociales pero la foto original hace parte del Archivo de la Memoria Trans de Argentina.,12/07/2024,Falso,https://colombiacheck.com/chequeos/foto-de-gustavo-petro-vestido-de-drag-queen-en-budapest-es-un-montaje
Foto de reses muertas por las inundaciones en Córdoba,La imagen presenta inconsistencias anatómicas propias de la inteligencia artificial. Sin embargo la Gobernación de Córdoba reportó que hay cerca de 2.000 reses muertas por las inundaciones.,20/02/2026,Falso,https://colombiacheck.com/chequeos/esta-foto-de-reses-muertas-por-las-inundaciones-en-cordoba-fue-generada-con-ia
Iván Cepeda eligió a Sandra Ramírez como su fórmula vicepresidencial,No hay evidencias que confirmen esta afirmación. El mismo Cepeda lo desmintió asegurando que Ramírez ni siquiera es del Pacto Histórico la coalición por la que aspira a ser candidato presidencial.,10/09/2025,Falso,https://colombiacheck.com/chequeos/ivan-cepeda-no-ha-elegido-sandra-ramirez-como-su-formula-vicepresidencial
Estados Unidos cita a declarar a Iván Cepeda por narcotráfico y las FARC,No hay registro de tal aviso ni de la respuesta atribuida al aspirante presidencial quien recién pidió una consulta oficial para saber si existen casos en su contra en ese país.,27/08/2025,Falso,https://colombiacheck.com/chequeos/supuestos-medios-no-prueban-cita-judicial-de-ee-uu-cepeda-sobre-narcotrafico-y-falsean-su
Papa León XIV mencionó a Gustavo Petro en discurso público,Un video expone con detalle cinematográfico la supuesta mención al presidente de Colombia cuando en realidad la escena nunca ocurrió.,22/05/2025,Falso,https://colombiacheck.com/chequeos/el-papa-leon-xiv-no-ha-citado-gustavo-petro-en-ninguna-homilia-publica
Corte Suprema de Estados Unidos ordena a Donald Trump deportar a su familia,La supuesta decisión judicial no existe ni tiene asidero en las normas de ciudadanía y extranjería de la nación norteamericana.,16/07/2025,Falso,https://colombiacheck.com/chequeos/corte-suprema-de-estados-unidos-no-ha-ordenado-trump-deportar-su-familia-o-renunciar
Histórico aumento del salario mínimo mejoraría la calidad de vida de colomb,Aunque la imagen es una sátira a este periódico algunos lectores creyeron que había sido publicada por este medio.,10/12/2025,Falso,https://colombiacheck.com/chequeos/montaje-el-tiempo-sobre-aumento-del-salario-minimo-es-una-satira
Los E-14 no tenían espacio para las firmas de los jurados de votación,A diferencia del formato de 2022 las rúbricas quedaron ubicadas en la segunda página del documento como lo confirman el modelo y las actas oficiales de la Registraduría.,22/06/2026,Falso,https://colombiacheck.com/chequeos/e-14-de-segunda-vuelta-de-2026-si-tienen-espacio-para-firmas-de-jurados-es-falso-que-no
Iván Cepeda sabe muy bien lo que ha hecho,No existe registro de que el mandatario de Estados Unidos haya relacionado al precandidato presidencial colombiano con el narcotráfico y la guerrilla.,02/10/2025,Falso,https://colombiacheck.com/chequeos/falsa-atribucion-trump-de-amenaza-de-carcel-contra-ivan-cepeda-busca-reforzar-viejos
LUZ ADRIANA CAMARGO autorizó a NICOLÁS PETRO para irse a Italia,La imagen fue subida a redes por el exdiputado antes de la posesión de Luz Adriana Camargo como fiscal general y su esposa Laura Ojeda ya había dicho que era de 2023.,10/02/2025,Falso,https://colombiacheck.com/chequeos/ataques-la-fiscalia-por-supuesto-viaje-de-nicolas-petro-italia-usan-una-foto-vieja-como
Video de droga marcada con el Joker y la cara de Petro,Esta desinformación ya había circulado en 2023. Aunque la grabación es real no existe evidencia de que tenga alguna relación con el jefe de Estado.,23/07/2024,Cuestionable,https://colombiacheck.com/chequeos/sin-evidencia-relacionan-de-nuevo-petro-con-droga-incautada-que-tenia-un-joker-con-su-cara
La nueva presidenta de México recibiendo con honores a Gustavo Petro,Cuentas petristas compartieron un video diciendo que la presidenta electa mexicana recibió con honores al mandatario colombiano. La grabación es de 2022 cuando ella era jefa de Gobierno de CDMX.,04/06/2024,Cuestionable,https://colombiacheck.com/chequeos/claudia-sheinbaum-condecoro-petro-en-2022-y-no-recientemente-como-presidenta-electa-de
ejército ni policía no podrán Contraatacar ni perseguir A quien lo hostigue,Tras analizar con IA más de 2.400 decretos de esta administración no hallamos la disposición señalada en la desinformación. MinDefensa también la desmintió.,12/05/2025,Falso,https://colombiacheck.com/chequeos/gobierno-petro-no-les-prohibio-al-ejercito-y-la-policia-atacar-ni-perseguir-quien-los
Abelardo de la Espriella no se podrá posesionar el 7 de agosto,Los resultados oficiales confirman el triunfo del líder del movimiento Defensores de la Patria quien cumple con todos los requisitos legales para posesionarse como el nuevo presidente de Colombia.,05/08/2026,Falso,https://colombiacheck.com/chequeos/es-falso-que-abelardo-de-la-espriella-no-pueda-posesionarse-el-7-de-agosto
Foto muestra a Petro con exfarc alrededor de cargamento de cocaína,Los paquetes de droga fueron añadidos sobre la foto de un encuentro político que ocurrió durante el proceso de paz en Cuba; cuando no existía la Segunda Marquetalia.,30/03/2026,Falso,https://colombiacheck.com/chequeos/montaje-de-petro-y-jefes-de-las-farc-con-cocaina-circula-tras-revelaciones-sobre-asesinato
"Que mal que hayan forrado el edificio del Congreso de esa tela negra, de lu",La imagen es de otra movilización a su favor llevada a cabo un mes y medio antes en plena pugna con el Congreso.,02/05/2025,Cuestionable,https://colombiacheck.com/chequeos/foto-publicada-por-petro-de-la-plaza-bolivar-el-1-de-mayo-no-corresponde-las-marchas-de
Valla del Pacto Histórico critica al Consejo de Estado.,La imagen se difundió después de que el alto tribunal suspendiera provisionalmente el decreto que fijó el salario mínimo para 2026 pero la foto presenta varias inconsistencias visuales comunes en los contenidos creados con inteligencia artificial.,18/02/2026,Falso,https://colombiacheck.com/chequeos/valla-contra-magistrados-del-consejo-de-estado-por-suspension-de-salario-minimo-es-un
Álvaro Uribe dijo: si yo fuera obrero no aceptaría el aumento de mi salario,No existe registro de tal declaración. El exmandatario ha afirmado que para el trabajador el aumento es positivo aunque cuestiona su impacto en la economía.,23/01/2026,Falso,https://colombiacheck.com/chequeos/falsa-atribucion-uribe-si-yo-fuera-obrero-no-aceptaria-el-aumento-de-mi-salario
Maduro dice que el único que puede ayudar a Venezuela es el Tren de Aragua,Al contrario en su declaración original bajo una aparente defensa de la diáspora el mandatario venezolano estigmatizó a la oposición al relacionarla con ese grupo criminal.,08/10/2025,Falso,https://colombiacheck.com/chequeos/manipulacion-convierte-discurso-de-maduro-sobre-migracion-en-confesion-de-nexo-con-tren-de
"Iván Cepeda, alias comandante Jabón. Narcoterroristas FARC",En la imagen original no aparece el precandidato presidencial. Fue manipulada para poner su rostro y repetir la narrativa que lo vincula a las guerrillas.,24/12/2025,Falso,https://colombiacheck.com/chequeos/fotomontaje-pone-ivan-cepeda-como-inexistente-comandante-jabon-de-las-farc
Gustavo Petro aparece en lista de los asistentes a fiestas de Diddy Combs,El falso listado incluye nombres de políticos internacionales actores e influenciadores. La imagen presenta inconsistencias que evidencian la manipulación.,17/10/2024,Falso,https://colombiacheck.com/chequeos/supuesta-lista-de-diddy-combs-donde-aparece-el-nombre-de-petro-es-un-montaje
Portada de Semana con el titular La carta de las FARC,La imagen original fue publicada en agosto y dice “La carta de la izquierda”.,18/12/2025,Falso,https://colombiacheck.com/chequeos/portada-de-semana-que-dice-que-ivan-cepeda-es-la-carta-de-las-farc-es-un-montaje
Diana Uribe escribió cadena contra procesos de paz en Colombia,Esta desinformación circula desde 2016 y ya la habíamos desmentido en 2023. La misma divulgadora de historia negó ser la autora del texto.,20/08/2025,Falso,https://colombiacheck.com/chequeos/revive-cadena-contra-procesos-de-paz-falsamente-atribuida-diana-uribe
Reforma tributaria de Petro propone aumento del impuesto predial,El video fue tomado de una emisión en vivo en septiembre de 2022 antes de aprobarse la tributaria de ese año. Sin embargo ni en 2022 ni en la reforma de este año se habla de un aumento en el predial.,30/09/2024,Falso,https://colombiacheck.com/chequeos/video-sobre-reforma-tributaria-con-supuestos-aumentos-en-el-impuesto-predial-es-viejo
Alirio Barrera presentó proyecto sobre gallos tras hundir Reforma Laboral,Con un video viejo fuera de contexto acusan al senador de presentar una supuesta iniciativa que no existe.,13/05/2025,Falso,https://colombiacheck.com/chequeos/alirio-barrera-no-presento-proyecto-de-ley-sobre-gallos-finos-tras-hundimiento-de-reforma
Iván Duque trinó lamentando el homicidio de de Ñeñe Hernández,El falso mensaje circula desde 2020 y petristas lo volvieron a mover en X tras la radicación de ponencia de formulación de cargos contra la campaña presidencial.,10/05/2024,Falso,https://colombiacheck.com/chequeos/trino-montado-de-duque-sobre-asesinato-del-nene-hernandez-circula-ahora-para-atacar-al-cne
"Laura Restrepo falleció, según la editorial Alfaguara",La desinformación salió de una cuenta falsa pero fue replicada por periodistas medios de comunicación y el presidente Gustavo Petro quien luego reconoció su error.,29/10/2024,Falso,https://colombiacheck.com/chequeos/falsa-muerte-de-la-escritora-laura-restrepo-fue-anunciada-por-cuenta-que-suplanta
Petro acusado de asesino en la Unión Europea,Un frecuente desinformador da a entender con base en una intervención del ultraderechista español Jorge Martín Frías que el presidente “dió la orden”.,21/07/2025,Cuestionable,https://colombiacheck.com/chequeos/video-infla-declaracion-de-eurodiputado-que-responsabilizo-petro-por-atentado-contra
Gobierno de EE.UU. ya reconoció a Nicolás Maduro como presidente de Ven,Contrario a lo que afirma un desinformador petrista en X el presidente de Estados Unidos Joe Biden se reunió con Edmundo González y se refirió a él como presidente electo.,08/01/2025,Falso,https://colombiacheck.com/chequeos/el-gobierno-de-eeuu-no-ha-reconocido-maduro-como-presidente-de-venezuela-de-cara-al-10-de
María F. Cabal trinó celebrando intento de golpe de Estado en Bolivia,El montaje fue difundido por el presidente Gustavo Petro y cuentas afines. Sin embargo no hay registros de la supuesta publicación.,27/06/2024,Falso,https://colombiacheck.com/chequeos/maria-f-cabal-no-trino-viva-la-libertad-carajo-por-intento-de-golpe-de-estado-en-bolivia
Audio de De la Espriella en el que da directrices sobre fraude electoral,La grabación original es de 2022 cuando De la Espriella denunciaba un presunto fraude con el software de la Registraduría en las elecciones presidenciales de ese año. No lo planeaba como afirman las publicaciones.,16/07/2026,Cuestionable,https://colombiacheck.com/chequeos/audio-de-abelardo-de-la-espriella-explicando-su-supuesto-fraude-electoral-es-un-montaje-y
Gobernador insiste en subir los servicios públicos en Antioquia,En redes sociales se desinforma con una imagen del portal Minuto 30. La propuesta del gobernador Redón solo aplicaría a la tarifa de electricidad de estratos altos y ciertos sectores económicos.,28/11/2024,Cuestionable,https://colombiacheck.com/chequeos/sobretasa-de-seguridad-en-antioquia-se-cobraria-la-tarifa-de-energia-y-no-todos-los
Foto de Maria Laserna vestido como guerrillero del M-19,El montaje distorsiona el paso del fundador de la U. de los Andes por el partido Alianza Democrática M-19 para atacar a la candidata presidencial.,22/04/2026,Falso,https://colombiacheck.com/chequeos/ia-disfraza-al-exsenador-mario-laserna-abuelo-de-paloma-valencia-como-guerrillero-del-m-19
Petro anuncia que va a poner internet de fibra óptica en las cárceles,La grabación recortada es de un evento de 2025 en Acacías donde el presidente le pidió a la directora de la cárcel tramitar un proyecto de fibra óptica específico.,21/05/2026,Cuestionable,https://colombiacheck.com/chequeos/sacan-de-contexto-video-de-petro-no-anuncia-fibra-optica-gratis-para-todas-las-carceles
Video compara discursos de Petro y Bukele en la Asamblea de la ONU,El cuestionado presidente de El Salvador no asistió a la Asamblea General de este año. Las grabaciones que han circulado como actuales son de 2023.,01/10/2025,Cuestionable,https://colombiacheck.com/chequeos/comparacion-entre-discursos-de-petro-y-bukele-en-la-onu-usa-videos-viejos-como-si-fueran
María Corina Machado denuncia financiación de campaña de Petro por las FARC,La narración en el audiovisual subido a YouTube se refiere a hechos ficticios. La líder venezolana no ha hecho tal señalamiento contra el presidente de Colombia.,18/09/2025,Falso,https://colombiacheck.com/chequeos/video-de-ia-inventa-denuncia-de-maria-corina-machado-contra-campana-de-petro-por-dineros
Estudiantes y trabajadores están utilizando el tren gracias a Petro,La vía férrea que conecta a Bogotá con Zipaquirá fue recuperada por la ANI en 2013 y el tren es operado por un privado.,07/10/2024,Falso,https://colombiacheck.com/chequeos/tren-de-la-sabana-transporta-estudiantes-y-trabajadores-desde-antes-del-gobierno-petro
Foto de Cybertruck con publicidad de la campaña de Iván Cepeda,Semáforos ajenos placas ilegibles y la marca de agua invisible en detectores de imágenes sintéticas evidencian la falsedad del contenido.,10/04/2026,Falso,https://colombiacheck.com/chequeos/montaje-de-ia-pone-rodar-cybertruck-con-publicidad-de-ivan-cepeda-por-bogota
Audio de Armando Benedetti hablando sobre apoyo a campaña de Cepeda,No hay evidencia de su autenticidad. La aparente grabación presenta frases incoherentes e indicios de haber sido generada con inteligencia artificial.,19/06/2026,Falso,https://colombiacheck.com/chequeos/audio-falso-atribuye-armando-benedetti-apoyo-y-financiacion-para-la-campana-de-ivan-cepeda
Álvaro Uribe aparece abrazando a Pablo escobar en una foto,La cara del expresidente fue sacada de una foto tomada años después de la muerte del jefe del Cartel de Medellín como ya habíamos verificado.,06/08/2025,Falso,https://colombiacheck.com/chequeos/condena-alvaro-uribe-revive-fotomontaje-donde-lo-ponen-junto-pablo-escobar
Iván Cepeda propuso limitar los lujos de los ciudadanos,El candidato del Pacto no habló sobre limitar los lujos de los ciudadanos. En la grabación original prometía impulsar una ley de austeridad para el alto Gobierno.,20/05/2026,Cuestionable,https://colombiacheck.com/chequeos/video-recortado-saca-de-contexto-frase-de-ivan-cepeda-sobre-acabar-con-los-lujos-del
Otra vez Caracol diciendo mentiras y saliendo a excusarse,Luego de que el presidente Petro acusó al noticiero de mentir al respecto cuentas petristas tergiversaron una rectificación que en realidad es del 2022 sobre otro tema.,10/12/2024,Falso,https://colombiacheck.com/chequeos/caracol-no-se-retracto-sobre-denuncia-del-exministro-bonilla-contra-ricardo-roa-y-nicolas
Es FALSO que una consulta popular deba pasar por el Congreso,La Ley obliga a que este tipo de consulta pase por el Congreso sin importar si es de origen ciudadano o propuesta presidencial.,17/03/2025,Falso,https://colombiacheck.com/chequeos/consulta-popular-no-puede-hacerse-sin-pasar-por-el-senado-con-firmas-de-5-del-censo
Video del momento donde chavistas detienen a María Corina Machado,Las imágenes fueron grabadas en 2023 en Israel. No corresponden a los hechos ocurridos el 9 de enero de 2025 cuando la líder de la oposición venezolana apareció en una concentración en Caracas.,10/01/2025,Falso,https://colombiacheck.com/chequeos/este-video-no-es-del-momento-de-la-detencion-maria-corina-machado
Tribunal emite sentencia contra Caracol Radio por perfilamiento,Según un video la decisión señala a la emisora por desinformar contra creadores de contenido pero solo la obliga a responder unas preguntas de una senadora.,04/03/2025,Cuestionable,https://colombiacheck.com/chequeos/fallo-de-tribunal-contra-caracol-radio-es-por-derecho-de-peticion-no-la-acusa-por
Foto de Claudia Sheinbaum en el M-19,La foto viral es falsa y no es la “prueba” de que la presidenta de México perteneció al M-19 algo que ella misma ha negado.,14/07/2026,Falso,https://colombiacheck.com/chequeos/imagen-de-claudia-sheinbaum-como-guerrillera-del-m-19-fue-generada-con-ia
Registrador extiende elección una hora a petición de presidente Petro,La cuenta desinformadora ataca a la Registraduría pero la jornada electoral cerró a las 4 p.m. el horario de ley con quienes estaban en fila para sufragar.,28/10/2025,Falso,https://colombiacheck.com/chequeos/impacto-247-inventa-falso-alargue-de-una-hora-en-la-votacion-de-la-consulta-del-pacto
Resolución de cierre fronterizo de Venezuela por elecciones del 28 de julio,Es cierto que el gobierno nacional ordenó el cierre de fronteras terrestres marítimas y aéreas desde las 12:01 am del viernes 26 de julio pero no hasta las 8:00 am del lunes 29 como lo indica una imagen que circula por Whatsapp sino hasta las 11:59 pm. El paso terrestre es el mayormente afectado mientras que los vuelos comerciales se mantienen con normalidad.,28/07/2024,Verdadero pero...,https://colombiacheck.com/chequeos/venezuela-cerro-sus-fronteras-temporalmente-por-los-comicios-del-28-j
Pinocho advierte a De la Espriella que el país se va a enterar de la verdad,No existen registros de la frase que le atribuyen. En entrevista con Semana el líder de las ACSN habló de someterse a la justicia con garantías.,17/09/2026,Falso,https://colombiacheck.com/chequeos/pinocho-no-advirtio-que-el-pais-se-va-enterar-de-la-verdad-si-de-la-espriella-lo-confronta
De la Armada me informan abstenerse de visitar centros comerciales en Bogot,La institución desmintió el mensaje que circula en WhatsApp y otras redes. La Policía Nacional también dijo que era mentira.,13/06/2025,Falso,https://colombiacheck.com/chequeos/cadena-falsamente-atribuida-la-armada-alerta-sobre-ataques-en-bogota
Joven de la foto es el sicario que atentó contra Miguel Uribe,El adolescente falsamente vinculado no responde al nombre ni a las características del atacante quien fue registrado en numerosos videos.,10/06/2025,Falso,https://colombiacheck.com/chequeos/ni-este-joven-es-el-sicario-que-atento-contra-miguel-uribe-ni-habita-en-bogota
Profesora de Fecode agredió a alumna porque papás votaron por Abelardo,La grabación corresponde a un caso ocurrido en un colegio en Morazán en el norte del país centroamericano. No tiene relación con Abelardo de la Espriella.,30/07/2026,Falso,https://colombiacheck.com/chequeos/video-de-supuesta-docente-de-fecode-que-agrede-una-alumna-no-es-de-colombia-sino-de
Últim ahora: Bukele insta venezolanos a ser agresivos para botar al régimen,Como de “última hora” presentan la respuesta que el presidente salvadoreño dio durante una entrevista a NTN24 hace seis años.,11/09/2025,Cuestionable,https://colombiacheck.com/chequeos/declaraciones-de-bukele-que-instan-venezolanos-ser-agresivos-para-botar-al-regimen-son
Video demuestra cómo secretario del Senado tacha voto por el Sí,El video que circula en redes sociales no prueba que hubo fraude en la votación. La hoja donde anotaron los votos manuales no tiene tachones.,21/05/2025,Falso,https://colombiacheck.com/chequeos/secretario-del-senado-no-tacho-voto-favor-de-la-consulta-popular-en-la-plenaria-que-la
Gobierno Nacional anunció apagones para este 18 de septiembre,La imagen fue tomada de un medio ecuatoriano pero en redes creyeron que se trataba de un hecho en Colombia y la noticia comenzó a circular por WhatsApp sin enlaces ni aclaraciones.,17/09/2024,Falso,https://colombiacheck.com/chequeos/anuncio-sobre-apagon-de-ocho-horas-el-18-de-septiembre-no-es-en-colombia-sino-en-ecuador
María Fernanda Cabal dijo que si Uribe va preso a EE.UU ella se iría con él,No hay registro de que la senadora del Centro Democrático haya hecho esas declaraciones viralizadas en redes sociales desde la acusación formal de la Fiscalía contra el expresidente.,18/07/2024,Falso,https://colombiacheck.com/chequeos/cabal-no-dijo-que-ella-y-los-80-millones-de-colombianos-se-irian-presos-con-uribe-si-lo
Petro dijo en un trino que hay que perdonar a Freddy Castellanos,Se trata de un montaje que se volvió viral. El presidente negó la desinformación en redes y aseguró que si se demuestra que es culpable el agresor debería estar preso.,08/05/2025,Falso,https://colombiacheck.com/chequeos/petro-no-trino-en-defensa-de-freddy-castellanos-senalado-de-abusos-sexuales-en-un-jardin
Video de antimotines quemado por molotov en una marcha del 3 junio de 2026,El clip fue grabado en el Paro Nacional de 2021 no guarda ninguna relación con las manifestaciones del 3 de junio ni fue grabado cerca a la Universidad Nacional.,09/06/2026,Falso,https://colombiacheck.com/chequeos/video-viejo-de-antimotines-quemado-por-molotov-se-utilizo-para-criticar-marchas-recientes
"""Petro me ordenó robar todo"" ""no me quiero suicidar""",Las supuestas declaraciones del exdirector de la UNGRD en las cuales también asegura que lo “quieren matar como al coronel Dávila” salieron de una cuenta que desinforma con frases falsas.,28/05/2024,Falso,https://colombiacheck.com/chequeos/olmedo-lopez-no-le-dijo-semana-que-petro-le-ordeno-robar-todo-y-que-no-se-queria-suicidar
En esta foto Miguel Polo le carga la sombrilla a María Fernanda Cabal,La imagen original en la que no aparece el representante fue tomada en octubre de 2022 durante una marcha de oposición al gobierno Petro en Barranquilla.,08/05/2024,Falso,https://colombiacheck.com/chequeos/supuesta-foto-de-miguel-polo-polo-sosteniendole-la-sombrilla-maria-fernanda-cabal-es-un
Gobierno Gustavo Petro impone nuevos impuestos en su reforma tributaria,La reforma radicada no contempla gravar las administraciones de conjuntos la venta de un apartamento o impuestos de renta a salarios de hasta cinco millones.,05/09/2025,Cuestionable,https://colombiacheck.com/chequeos/mensajes-contra-nueva-tributaria-mezclan-impuestos-ficticios-y-otros-ya-vigentes-con
Foto de Emilio Tapia en un evento de campaña de Iván Cepeda en Valledupar,La imagen se tomó en una fiesta privada en Valledupar. No existe evidencia de que el candidato presidencial del Pacto Histórico haya estado allí.,13/05/2026,Falso,https://colombiacheck.com/chequeos/foto-de-emilio-tapia-en-festival-vallenato-se-utiliza-como-si-fuera-un-acto-de-campana-de
María Corina Machado promete nuevas guarimbas,No es cierto que María Corina Machado dijera en exclusiva para Infobae que habrá guarimbas si Nicolás Maduro gana la elección. En el Instagram oficial del medio no está esa publicación y tampoco hay información disponible al respecto en la página web.,26/07/2024,Falso,https://colombiacheck.com/chequeos/infobae-publico-articulo-sobre-maria-corina-machado-prometiendo-nuevas-guarimbas
El Costeño era del equipo de seguridad de Nicolás Petro cuando era diputado,No hay evidencia que relacione al señalado de planear el ataque contra el senador y precandidato presidencial con la escolta del exdiputado e hijo del presidente.,02/07/2025,Falso,https://colombiacheck.com/chequeos/el-costeno-vinculado-al-atentado-contra-miguel-uribe-no-era-de-la-seguridad-de-nicolas
Video de Petro bailando vallenato junto al cantante Rafa Pérez en Sta Marta,En redes sociales afirman que el video fue grabado durante el acto de reconocimiento del Estado por el exterminio de la Unión Patriótica en Santa Marta. Pero realmente ocurrió dos días antes en una universidad de Bucaramanga y el protagonista es Omar Lengerke.,19/11/2025,Falso,https://colombiacheck.com/chequeos/hombre-bailando-vallenato-en-video-viral-no-es-el-presidente-gustavo-petro-sino-el-rector
"""Mi primer decreto será ampliar de 4 a 12 años el periodo presidencial""",El montaje utiliza una plantilla de esta emisora pero ni esta ni ningún otro medio han publicado esa supuesta declaración de la senadora y aspirante presidencial.,04/03/2025,Falso,https://colombiacheck.com/chequeos/w-radio-no-publico-supuesta-propuesta-de-cabal-para-ampliar-el-periodo-presidencial-12
ABELARDO DE LA ESPRIELLA PODRÍA IR PRESO POR FALSIFICACIÓN DE FIRMAS,La entidad confirmó que Defensores de la Patria superó el mínimo de rúbricas exigidas. Las irregularidades que señaló se dieron en precandidaturas fallidas.,28/01/2026,Falso,https://colombiacheck.com/chequeos/denuncias-de-registraduria-son-contra-otros-las-firmas-por-de-la-espriella-si-cumplen
El video de Petro en Panamá es un montaje,Usuarios aseguraron que se trató de un montaje pero respaldaron su tesis en el pantallazo de un video publicitario creado por un restaurante en Valledupar.,09/07/2024,Falso,https://colombiacheck.com/chequeos/captura-de-supuesto-montaje-contra-petro-por-video-en-panama-en-realidad-es-una-parodia
La pensión de tu marido fallecido con esta reforma será solo por 1 año,Una publicación compartida antes en Uruguay y Argentina afirma que la reforma pensional restringe este ingreso para personas viudas. El proyecto en Colombia no contempla ese cambio.,17/05/2024,Falso,https://colombiacheck.com/chequeos/desinformacion-sobre-limite-de-pension-de-sobrevivientes-solo-un-ano-es-importada-del-cono
"Video de Cepeda promete ""retaliación"" a ""paisas apátridas""",A pocos días de la segunda vuelta presidencial circula en TikTok un video falso con declaraciones hostiles contra el departamento que el candidato en realidad no dijo.,18/06/2026,Falso,https://colombiacheck.com/chequeos/un-video-manipulado-con-ia-le-atribuye-ivan-cepeda-ataques-contra-antioquia
Tío abuelo de María Fda Cabal fue ministro en la masacre de las bananeras,Decretos oficiales y registros del Ejército demuestran que Alejandro Cabal Pombo asumió el Ministerio de Guerra seis meses después de la matanza.,30/12/2025,Falso,https://colombiacheck.com/chequeos/falso-nexo-de-un-familiar-de-la-senadora-cabal-con-la-masacre-de-las-bananeras-es-una
Jueza llora cuando dice que Juan Monsalve es un perseguido por Uribe,Con una imagen sin contexto en redes señalan falsamente a la funcionaria de conmoverse visiblemente y decir que el testigo Monsalve fue “perseguido”.,29/07/2025,Falso,https://colombiacheck.com/chequeos/la-jueza-heredia-nunca-lloro-en-la-audiencia-donde-declaro-culpable-uribe
El Tiempo: Cepeda propone utilizar modelo de gobierno de Cuba y Venezuela,La imagen imita la identidad visual del medio que nunca publicó esa pieza para endilgarle al candidato un pronunciamiento que no ha hecho.,18/06/2026,Falso,https://colombiacheck.com/chequeos/suplantacion-el-tiempo-atribuye-cepeda-falsa-propuesta-de-aplicar-modelo-de-cuba-y
"Miren quién se goza el ritmo, el mismísimo Elton Jhon",En la grabación original se escucha a la gente corear una de las canciones del artista británico y no la arenga contra el presidente colombiano.,04/10/2024,Falso,https://colombiacheck.com/chequeos/video-de-fuera-petro-en-restaurante-donde-esta-elton-john-es-un-montaje
El Ejército Nacional de Colombia le envía un contundente mensaje a Gustavo,Las imágenes pertenecen a una campaña de propaganda militar de 2015 tienen un audio superpuesto en contra del presidente.,16/05/2024,Falso,https://colombiacheck.com/chequeos/video-con-supuesto-mensaje-del-ejercito-gustavo-petro-es-un-montaje-un-video-oficial-viejo
Video de Trump en el que califica a Petro de socialista y exguerrillo,Las declaraciones son de cuando el republicano siendo presidente y candidato a la reelección criticó el apoyo del entonces senador colombiano a Biden su rival.,21/01/2025,Cuestionable,https://colombiacheck.com/chequeos/video-en-el-que-trump-critica-petro-por-haber-sido-del-m-19-es-de-la-campana-presidencial
Video muestra un tren en Buenaventura para celebrar la gestión de Petro,El propio presidente y sus seguidores ya han caído en presentar como logros otras grabaciones del mismo usuario que las hace como burla al gobierno desde Norteamérica.,25/08/2025,Falso,https://colombiacheck.com/chequeos/video-satirico-sobre-tren-de-buenaventura-atribuido-petro-fue-grabado-en-estados-unidos
Video de las disidencias de las Farc en la Alcaldía de Tibú,El hecho no es reciente. En realidad ocurrió el 14 de julio de 2022 durante el gobierno de Iván Duque.,16/07/2026,Cuestionable,https://colombiacheck.com/chequeos/video-de-disidencias-de-las-farc-en-la-alcaldia-de-tibu-es-de-2022-cuando-petro-aun-no-era
"Cabal trinó ""Felicitaciones al papa Robert Precoz""",No hay registro de que la senadora y precandidata presidencial haya publicado ese mensaje tras el cónclave.,13/05/2025,Falso,https://colombiacheck.com/chequeos/cabal-no-publico-un-trino-de-felicitacion-al-papa-en-el-que-lo-llamo-robert-precoz-y-leon
Juan Guaidó huyó a España por una orden de captura en Estados Unidos,La desinformación hace parte de una campaña del régimen venezolano en contra del opositor. No se ha probado que tenga líos judiciales en su país de asilo.,18/02/2025,Falso,https://colombiacheck.com/chequeos/juan-guaido-no-escapo-espana-por-tener-una-orden-de-captura-en-estados-unidos
Alias 'Silvana' dice en comunicado que Petro ordenó atentado contra Uribe,No hay evidencia del supuesto pronunciamiento de alias ‘Silvana Guerrero’ ni en los canales oficiales de esta guerrilla ni en medios de comunicación.,07/07/2025,Falso,https://colombiacheck.com/chequeos/cabecilla-del-eln-no-aseguro-en-un-comunicado-que-petro-dio-la-orden-de-atentar-contra
Iván Duque bajó el precio de la gasolina 1.200 pesos,La disminución por menor demanda en la pandemia se sostuvo cuando los valores internacionales subieron de nuevo lo que llevó al déficit que obligó al posterior aumento.,02/02/2026,Cuestionable,https://colombiacheck.com/chequeos/baja-en-precio-de-la-gasolina-con-duque-circula-sin-contexto-para-criticar-las-alzas-de
venezolano suplanta cédula de colombiano fallecido para votar elecciones,Esta desinformación ya circuló en las elecciones de 2022. El caso real ocurrió en 2019. Ni el suplantado estaba muerto ni la persona involucrada era extranjera.,07/05/2025,Falso,https://colombiacheck.com/chequeos/foto-de-suplantacion-de-identidad-no-es-reciente-y-el-detenido-no-era-venezolano
Miguel Uribe le dejó a su esposa una mansión y una mega pensión vitalicia,La desinformación da falsos valores de la pensión de sobreviviente y de una supuesta mansión sin bases en la historia laboral o los bienes del asesinado opositor.,03/09/2025,Falso,https://colombiacheck.com/chequeos/ataques-machistas-claudia-tarazona-la-revictimizan-con-mentiras-sobre-la-herencia-de-uribe
FLIP no se pronunció por asesinatos de periodistas en Gaza ni por Assange,Alentada por los ataques de Petro contra la fundación esta desinformación ha sido difundida en redes por cuentas afines a su gobierno.,03/07/2024,Falso,https://colombiacheck.com/chequeos/flip-si-se-ha-pronunciado-en-contra-de-los-asesinatos-de-periodistas-en-gaza-y-por-caso
El gobierno firmará decreto para ponerle impuesto a transferencias por Nequ,El gobierno le quiere poner un cobro extra a Nequi Daviplata y Bre-b y hay mucha desinformación al respecto. Aquí le desmentimos algunas cosas que usuarios de redes están diciendo.,31/10/2025,Falso,https://colombiacheck.com/chequeos/desde-el-viernes-24-de-octubre-estan-cobrando-impuestos-los-pagos-por-nequi-daviplata-y
"Video en el que le gritan ""asesino"" al expresidente Álvaro Uribe",La grabación es de abril de 2018 cuando el expresidente salía de un conversatorio en la Universidad Cooperativa de Colombia (UCC) en Santa Marta.,31/03/2025,Cuestionable,https://colombiacheck.com/chequeos/esta-video-en-el-que-le-gritan-asesino-alvaro-uribe-no-es-actual
la Gasolina en el 2025 Volvera a su Precio Normal $9.000,Contrario a lo que concluye la desinformación MinHacienda alzó el precio del combustible a comienzos de año. Tanto este como Ecopetrol desmienten la baja.,17/01/2025,Falso,https://colombiacheck.com/chequeos/gobierno-saldo-deuda-por-subsidio-la-gasolina-pero-eso-no-implica-que-en-2025-su-precio
Aberlardo de la Espriella propone aumentar la edad de pensión,La emisora no publicó ese titular y no existe registro de la supuesta propuesta. El diseño tampoco coincide con el formato actual de la emisora tras su fusión con Caracol Radio.,03/07/2026,Falso,https://colombiacheck.com/chequeos/imagen-falsa-de-w-radio-atribuye-de-la-espriella-propuesta-de-aumentar-la-edad-de-pension
Este video muestra a la policía llevándose a Álvaro Uribe,El exmandatario no estaba en un juzgado cuando recibió la sentencia de 12 años de prisión domiciliaria. La foto de una presentación que sí hizo Uribe el 8 de julio de 2025 pudo ser el punto de partida de la creación digital.,05/08/2025,Falso,https://colombiacheck.com/chequeos/el-expresidente-colombiano-alvaro-uribe-no-fue-detenido-en-su-juicio-condenatorio-ese
Cerebro de Miguel Uribe quedó intacto tras el atentado,Ningún parte oficial de la Fundación Santa Fe respalda el supuesto “milagro” que se anuncia en redes.,18/06/2025,Falso,https://colombiacheck.com/chequeos/medicos-de-miguel-uribe-no-han-dicho-que-la-bala-fracturo-su-craneo-sin-tocar-su-cerebro
Bukele ordena que se les quite la seguridad privada a los diputados,No existe evidencia de que el presidente de El Salvador le haya quitado esos beneficios a los legisladores de su país. Ya lo habíamos desmentido en 2022.,13/12/2024,Falso,https://colombiacheck.com/chequeos/revive-desinformacion-sobre-supuesto-recorte-de-bukele-seguridad-y-gasolina-de-diputados
Miguel Uribe dijo: EPS prestarían mejor servicio si usuarios no enfermaran,No existe registro que el asesinado senador y precandidato presidencial haya dicho que “las EPS prestarían un mejor servicio si los usuarios no se enfermaran”.,11/08/2025,Falso,https://colombiacheck.com/chequeos/mensaje-contra-miguel-uribe-tras-su-muerte-recicla-montaje-que-le-atribuye-frase-sobre-eps
Video en el que Alejandro Gaviria dice que Petro tenía razón sobre las EPS,En la grabación original publicada por el propio exministro en 2021 cuando era precandidato presidencial criticaba un artículo que podía generar censura a la prensa en la Ley Anticorrupción.,09/01/2025,Falso,https://colombiacheck.com/chequeos/video-de-alejandro-gaviria-dandole-la-razon-petro-sobre-las-eps-fue-manipulado-con-ia
Foto del expresidente Iván Duque abrazado con alias Popeye,La imagen que ya había circulado en 2019 es falsa. En la original aparece el expresidente junto al cantante Silvestre Dangond.,23/12/2024,Falso,https://colombiacheck.com/chequeos/esta-foto-de-ivan-duque-abrazado-alias-popeye-es-un-montaje-que-ya-habiamos-desmentido
Cepeda ganó en todos los municipios que controla 'Calarcá' con más de 85%,Contrario a la desinformación y la narrativa del “voto fusil” el senador solo ganó en 35 de los lugares donde el EMBF representaba un peligro para las presidenciales.,24/06/2026,Falso,https://colombiacheck.com/chequeos/cepeda-saco-mas-del-85-de-los-votos-en-dos-de-los-municipios-en-riesgo-por-calarca-no-en
Esta foto es del ELN en vía Bogotá-Fusagasugá en gobierno Petro,La imagen con la que culpan al gobierno Petro de inseguridad es de febrero de 2022 y fue tomada en Cauca.,04/09/2024,Falso,https://colombiacheck.com/chequeos/esta-foto-ni-es-reciente-ni-es-del-eln-en-la-bogota-fusagasuga
Petro no quiso autorizar el mantenimiento que realizaba Israel a Hércules,Una cuenta desinformadora usa datos falsos para relacionar la tragedia aérea con las medidas del gobierno Petro contra el denunciado genocidio en Gaza.,25/03/2026,Falso,https://colombiacheck.com/chequeos/el-mantenimiento-del-hercules-accidentado-en-putumayo-dependia-de-colombia-no-de-israel
Miguel Uribe está vivo y en Miami,Editaron con IA una conversación inaudible entre Claudia Tarazona y otra familiar para alentar la narrativa falsa de que el crimen fue un montaje y él está en Miami.,21/08/2025,Falso,https://colombiacheck.com/chequeos/video-incita-negacionismo-del-asesinato-de-miguel-uribe-con-montaje-de-audio-su-viuda-en
Foto de Petro con una joven con un arma es un montaje,En Colombiacheck republicamos este chequeo realizado por nuestros colegas de La Silla Vacía y en el que se demuestra que la imagen compartida por el Presidente es un montaje.,15/01/2025,Falso,https://colombiacheck.com/chequeos/la-foto-que-desmiente-que-petro-poso-con-menor-y-ametralladora-es-falsa
Petro promete gastarse todo antes del 7 de agosto,El clip omite el contexto: el mandatario habló de baja ejecución y de recursos de emergencia por ola invernal. Además el presupuesto se gira mes a mes vía PAC.,23/05/2026,Cuestionable,https://colombiacheck.com/chequeos/video-recorta-discurso-de-petro-para-insinuar-que-gastara-toda-la-plata-antes-del-cambio
"Quienes ganan 2.300 UVT, reforma propone retenerles el 41% de sus ingresos",Un economista tuitero presenta de manera engañosa el aumento de tarifa en ese impuesto para quienes reciben más de 108 millones de pesos netos mensuales.,02/10/2024,Cuestionable,https://colombiacheck.com/chequeos/reforma-tributaria-no-propone-retener-41-por-cada-10-millones-de-pesos-que-ganan-los-mas
‘Iván Cepeda robó 550 millones de pesos de la UNGRD para dárselos al ELN’,Se trata de un montaje de la cuenta desinformadora @JOVENCD. No hay registros de que ese u otros medios hayan publicado tal declaración.,25/02/2025,Falso,https://colombiacheck.com/chequeos/semana-no-publico-supuesto-testimonio-de-olmedo-lopez-contra-ivan-cepeda-por-robo-ungrd
Reino Unido anuncia alianza con Donald Trump para sacar a Gustavo Petro,La desinformación se basa en grabaciones viejas que nada tienen que ver con las tensiones entre Estados Unidos y Colombia.,23/10/2025,Falso,https://colombiacheck.com/chequeos/falso-anuncio-de-alianza-del-reino-unido-y-trump-contra-petro-utiliza-videos-fuera-de
Alvaro Uribe es declarado inocente,Una imagen sustenta el supuesto fallo a favor en una suspensión ordenada por la Corte Suprema mintiendo sobre los motivos de esa decisión. El proceso ya se reanudó.,31/03/2025,Falso,https://colombiacheck.com/chequeos/juicio-uribe-sigue-en-curso-en-marzo-no-ha-sido-declarado-inocente-de-manipulacion-de
Video sobre recuperación de vías férreas y trenes en gobierno Petro,La grabación en realidad corresponde al tranvía de Bruselas la capital de Bélgica.,03/10/2024,Falso,https://colombiacheck.com/chequeos/video-con-el-que-sacan-pecho-sobre-recuperacion-de-trenes-en-gobierno-petro-no-es-de
solo tendran acceso a citas medicas mis amigos y los que apoyen a Petro,No existe evidencia de que la exministra de Salud hubiese hecho tal publicación aunque sí promovió la idea de una “red ciudadana solidaria” para acceder a la salud.,12/09/2024,Falso,https://colombiacheck.com/chequeos/carolina-corcho-no-trino-que-solo-tendran-acceso-citas-medicas-sus-amigos-y-los-que-apoyen
En este video Miguel Uribe sale del quirófano,"La Fundación Santa Fe no ha publicado imágenes o videos del precandidato 
y mantiene su estado y pronóstico reservados.",10/06/2025,Falso,https://colombiacheck.com/chequeos/este-no-es-un-video-del-senador-miguel-uribe-saliendo-de-una-sala-operatoria
"Paloma Valencia dijo que los paramilitares fueron un ""ejército victorioso""",En la grabación original la candidata presidencial uribista sí se refirió a los paras como un “ejército victorioso” pero estaba hablando en contra de ellos y dijo que eran “criminales”.,11/05/2026,Cuestionable,https://colombiacheck.com/chequeos/video-recortado-descontextualiza-la-frase-ejercito-victorioso-de-paloma-valencia-sobre-los
"Portada de Semana con el titular ""El robo de la Igualdad""",No hay registros de esta carátula y ningún otro medio ha reportado sobre la supuesta denuncia de contrataciones irregulares en el Ministerio de la Igualdad.,31/07/2025,Falso,https://colombiacheck.com/chequeos/portada-el-robo-de-la-igualdad-atribuida-semana-con-foto-del-ministro-rosero-es-una
Foto de Petro reunido con Papá Pitufo,La imagen lleva el logo de Semana pero no hay registro de que ese medio la haya publicado. En cambio hay indicios de que fue creada con inteligencia artificial.,24/02/2025,Falso,https://colombiacheck.com/chequeos/esta-foto-que-supuestamente-muestra-petro-reunido-con-papa-pitufo-fue-creada-con-ia
El Tiempo publicó cita de Adriana Lucía sobre Abelardo de la Espriella,La imagen no fue publicada por El Tiempo y la cantante tampoco ha dicho la frase que le atribuyen sobre el presidente electo Abelardo de la Espriella. El propio medio desmintió el montaje.,10/07/2026,Falso,https://colombiacheck.com/chequeos/es-falsa-esta-portada-de-el-tiempo-que-atribuye-una-frase-adriana-lucia-sobre-abelardo-de
Video acusa a Aida Quilcué de ser cabecilla de un grupo paramilitar,La estigmatización a la fórmula vicepresidencial de Iván Cepeda revivió una desinformación que habíamos chequeado en años anteriores.,11/03/2026,Falso,https://colombiacheck.com/chequeos/ataques-quilcue-como-cabecilla-paramilitar-reciclan-mentira-sobre-un-video-de-guardia
"Foto de Claudia Sheinbaum, presidenta de México, con tatuajes satánicos",En la imagen original publicada por la política en sus redes sociales se ve que los diseños reales son de mariposas.,19/06/2024,Falso,https://colombiacheck.com/chequeos/foto-de-claudia-sheinbaum-presidenta-electa-de-mexico-con-tres-tatuajes-satanicos-es-un
"Si Iván Cepeda no gana la presidencia en el 2026, habrá un estallido social",Es otra frase apócrifa atribuida a la hija del presidente colombiano similar a una de 2022 cuando sí se refirió al aspirante Rodolfo Hernández y generó polémica.,18/11/2025,Falso,https://colombiacheck.com/chequeos/sofia-petro-no-advirtio-de-un-estallido-social-si-ivan-cepeda-no-gana-en-2026
Asistentes en la ONU se retiran cuando Gustavo Petro va a dar discurso,La imagen es del discurso del mandatario en la Asamblea General de 2023. Antes de su intervención habían dado un receso y por eso había sillas vacías.,26/08/2025,Cuestionable,https://colombiacheck.com/chequeos/con-foto-vieja-sin-contexto-de-petro-en-la-onu-dicen-que-otros-presidentes-se-fueron-para
Gobierno Petro quedó al día en obligaciones con las EPS,La administración de Petro se colgó con la deuda de presupuestos máximos de 2022. Solo se puso al día por orden judicial y ante un incidente de desacato.,14/07/2025,Cuestionable,https://colombiacheck.com/chequeos/petrismo-celebra-que-su-gobierno-fue-obligado-saldar-sus-propios-pagos-incumplidos-las-eps
TSJ reconoce a Edmundo González como el presidente electo de Venezuela,El video que circula en redes corresponde a un TSJ que funciona en el exterior sin poder real en el país; contrario al del régimen que respaldó a Maduro.,04/09/2024,Cuestionable,https://colombiacheck.com/chequeos/tribunal-que-reconocio-edmundo-gonzalez-como-presidente-electo-de-venezuela-esta-en-el
José M. Restrepo vendió las reservas de oro y endeudó a Colombia con FMI,El candidato vicepresidencial era ministro de Comercio no de Hacienda cuando se tomaron esas decisiones. Además las reservas son manejadas por el BanRep.,26/05/2026,Falso,https://colombiacheck.com/chequeos/otra-vez-le-achacan-restrepo-venta-de-oro-y-deuda-con-fmi-anterior-su-gestion-en
Trino publicado por Cepeda prueba su militancia en las FARC,La publicación de 2015 fue producto de un error técnico al compartir un enlace no una declaración de pertenencia al grupo armado como intentan mostrar.,28/02/2026,Cuestionable,https://colombiacheck.com/chequeos/ataques-cepeda-tergiversan-trino-en-que-cito-mal-farc-sobre-nuestras-fuerzas-guerrilleras
Fiscalía solicitó cerrar proceso contra el expresidente Uribe,Se trata de una investigación vinculada con el hacker Andrés Sepúlveda. Aunque el ente acusador solicitó la preclusión de un delito Uribe renunció a ese derecho.,19/05/2025,Cuestionable,https://colombiacheck.com/chequeos/fiscalia-si-pidio-cerrar-parte-de-un-proceso-contra-uribe-pero-no-el-caso-por-soborno-de
Jaime Arizabaleta compartió foto de Buenos Aires como marcha en Cali,El activista subió contenido sobre la manifestación de la oposición pero no el supuesto trino desinformador que irónicamente le adjudican con un montaje.,26/11/2024,Falso,https://colombiacheck.com/chequeos/jaime-arizabaleta-no-publico-foto-de-marcha-en-buenos-aires-como-si-fuera-el-23-de
Thomas Greg maneja la información de la Registraduría,El creador exagera la relación de la empresa con la Registraduría para decir que el gobierno busca “tumbarla” para lograr que voten personas venezolanas y “guerrilleros”.,18/07/2025,Falso,https://colombiacheck.com/chequeos/influenciador-defiende-thomas-greg-con-enganos-sobre-su-acceso-datos-y-cedulacion-de
Gustavo Petro mandó a Fernando del Rincón a hacerme quedar en ridículo,Se trata de un nuevo montaje contra la exdirectora de Semana y aspirante presidencial luego de que el periodista la cuestionó por su inexperiencia en gestión pública.,20/02/2025,Falso,https://colombiacheck.com/chequeos/vicky-davila-no-trino-acusando-petro-de-haber-usado-fernando-del-rincon-para-humillarla-en
Hijo de Silvana Guerrero se burló de Abelardo De la Espriella.,El usuario que se refirió a la insurgente como “mi cucha” desmintió tener algún vínculo de parentesco con ella y aclaró que utilizó una expresión popular e informal común entre jóvenes en Colombia.,16/09/2026,Falso,https://colombiacheck.com/chequeos/el-joven-del-video-viral-no-es-hijo-de-la-lider-insurgente-silvana-guerrero
"Las obras de este gobierno en Riohacha, Guajira",La estructura está sobre el río Wichita en Kansas. No es la primera vez que el presidente y sus seguidores presentan supuestos logros con imágenes falsas.,10/07/2025,Falso,https://colombiacheck.com/chequeos/petro-presume-obras-de-este-gobierno-en-riohacha-con-imagen-de-un-puente-en-estados-unidos
"Petro dijo: ""Ecuador nos está bombardeando campamentos de las FARC""",La imagen usa el formato del medio para hacer creer que el presidente dijo que Ecuador “nos está bombardeando campamentos de las FARC”. No hay registro de esa declaración y el contenido fue manipulado.,27/03/2026,Falso,https://colombiacheck.com/chequeos/montaje-que-imita-el-tiempo-atribuye-falsa-frase-de-petro-sobre-bomba-de-ecuador
ANT firmó contrato millonario con indígenas para hacer reuniones y rituales,Las afirmaciones engañosas del representante a la Cámara reducen el contenido objeto del contrato a “rituales” para estigmatizar al pueblo arhuaco.,24/05/2024,Cuestionable,https://colombiacheck.com/chequeos/miguel-polo-polo-tergiversa-datos-de-convenio-entre-agencia-de-tierras-y-asociacion
Condenado por magnicidio en Haití vinculó a Iván Duque con el crimen,Un mensaje viral afirma falsamente que Germán Rivera exmilitar culpable en el asesinato de Jovenel Moïse declaró contra el expresidente colombiano en el caso.,24/05/2024,Falso,https://colombiacheck.com/chequeos/condenado-por-magnicidio-de-presidente-de-haiti-no-ha-relacionado-ivan-duque-con-ese
Alias Botija fue extraditado a EE.UU. por orden de Abelardo De la Espriella,La extradición ocurrió el 2 de julio y fue resultado de meses de coordinación entre las policías de Chile Perú y Colombia sin ninguna relación con el nuevo gobierno.,09/09/2026,Falso,https://colombiacheck.com/chequeos/alias-botija-fue-extraditado-chile-durante-el-gobierno-petro-no-estados-unidos-por-orden
"Video donde Uribe dice: ""vamos a bombardear a Colombia""",En la grabación original el expresidente planea un escenario hipotético sobre lo que podría decir Estados Unidos si Colombia no enfrenta el narcotráfico.,28/04/2026,Cuestionable,https://colombiacheck.com/chequeos/senalamientos-infundados-uribe-por-atentados-sacan-de-contexto-frase-sobre-bombardear
Petro difunde video de noticia sobre Negro Willy acusando a Daniel Noboa,El 20 de abril de 2026 el presidente de Colombia Gustavo Petro difundió en X un supuesto reportaje de Telemundo que en realidad es falso. Lupa Media ya lo había desmentido el 24 de marzo. Las imágenes corresponden a una emisión real del 23 de marzo sobre política exterior entre EE. UU. e Irán en la que no se menciona ninguna entrevista de alias «Negro Willy» ni contenido publicado por El Mundo.,20/04/2026,Falso,https://colombiacheck.com/chequeos/gustavo-petro-compartio-un-deepfake-del-noticiero-telemundo
Desaprobación de Petro llega a 65% y aprobación de Uribe llega a 85%,Una publicación aprovecha la desfavorabilidad del actual mandatario para inventar un dato sin fundamento reciente sobre el expresidente.,16/07/2024,Cuestionable,https://colombiacheck.com/chequeos/aprobacion-de-alvaro-uribe-no-se-ubica-en-85-aunque-desaprobacion-de-petro-si-se-registro
exterminar para siempre a los grupos terroristas,No hay evidencia de la supuesta publicación. Es un montaje. La precandidata presidencial propone fortalecer el Ejército y suspender los diálogos de paz.,21/02/2025,Falso,https://colombiacheck.com/chequeos/vicky-davila-no-publico-trino-en-el-que-promete-exterminar-para-siempre-los-grupos
Gustavo Petro es expulsado de Vive Bogotá por pelea con Jorge A. Vargas,Ni siquiera existe el supuesto programa de televisión ‘Vive Bogotá’ del que se dice que el presidente fue expulsado.,29/08/2025,Falso,https://colombiacheck.com/chequeos/pelea-ficticia-entre-petro-y-jorge-alfredo-vargas-fue-creada-con-ia
Petro afirma que la toma del palacio de justicia fue una “genialidad”,Sin embargo cuando fue candidato presidencial en 2010 se refirió al operativo insurgente como un acto “estúpido”. Hoy niega que haya dicho que fue una genialidad.,20/11/2025,Verdadero pero...,https://colombiacheck.com/chequeos/si-petro-llamo-genio-luis-otero-quien-planeo-la-toma-del-palacio-de-justicia
Petro acaba de entregarle contratos al esposo de senadora por su voto,El documento utilizado para decir que el gobierno Petro “acaba de entregarle” un contrato a la pareja de la congresista para que vote por esa candidata corresponde a un vínculo que acabó en 2024.,03/09/2025,Falso,https://colombiacheck.com/chequeos/mentira-sobre-empleo-del-esposo-de-agudelo-arma-contra-balanta-en-guerra-sucia-por-c
Esta imagen que compara el PIB de los gobiernos Duque y Petro es auténtica,La original de Valora Analitik tiene más contexto sobre los cambios del PIB y salió de una nota sobre el buen desempeño de Colombia frente a la OCDE a inicios de 2025.,28/05/2025,Cuestionable,https://colombiacheck.com/chequeos/grafica-que-compara-el-crecimiento-economico-en-los-gobiernos-duque-y-petro-fue-manipulada
"Foto muestra mural de Álvaro Uribe con mensaje que dice ""llamen al cucho""",La obra real retrata a una mujer con un niño no tiene nada alusivo al expresidente. Fue pintada en 2023 y aún se conserva en una edificación del centro de Bogotá.,06/02/2025,Falso,https://colombiacheck.com/chequeos/mural-de-llamen-al-cucho-en-apoyo-uribe-es-un-montaje-que-publico-primero-paloma-valencia
Benedetti le dijo a Petro que era el tipo más bruto del Congreso,La grabación original es de mayo de 2022 pero el entonces senador se refería al uribista Carlos Felipe Mejía también legislador en ese momento.,04/04/2025,Falso,https://colombiacheck.com/chequeos/declaracion-de-benedetti-sobre-el-tipo-mas-bruto-de-este-congreso-no-fue-contra-petro
Reformas a la Constitución de los anteriores gobiernos,Durante la actual administración se han expedido siete modificaciones cuatro de autoría del gobierno. La desinformación también se equivoca sobre el número de cambios en la gestión de Duque.,25/11/2025,Cuestionable,https://colombiacheck.com/chequeos/con-datos-imprecisos-repiten-la-mentira-de-que-petro-no-le-ha-hecho-reformas-la
Miguel Polo Polo advirtió que se irá del país si gana Cepeda,No hay registros de esa frase en medios de comunicación ni en las redes sociales del representante a la Cámara saliente por las negritudes.,29/05/2026,Falso,https://colombiacheck.com/chequeos/falsa-cita-polo-polo-no-anuncio-que-se-ira-del-pais-si-ivan-cepeda-gana-la-presidencia
Grupo de petristas salió a atacar gente tras alocución del presidente,Los hombres armados que muestra el video no salieron a las calles después de que el presidente Gustavo Petro convocara una movilización contra la suspensión provisional del salario mínimo. El hecho en realidad ocurrió en la madrugada del 15 de febrero y se trata de un caso de intolerancia.,19/02/2026,Falso,https://colombiacheck.com/chequeos/video-de-hombres-con-cuchillos-en-las-calles-de-bogota-no-muestra-colectivos-petristas-ni
Encuesta muestra que un 90% de ciudadanía apoya que Petro salga del cargo,Las cifras no coinciden con ninguna encuesta oficial y la pieza carece de los requisitos legales de transparencia y rigor científico.,11/05/2026,Falso,https://colombiacheck.com/chequeos/no-existe-una-encuesta-que-senale-90-de-consenso-para-que-petro-deje-el-cargo
Encontraron a un señor con 121 votos marcados en puesto de Cartagena,La tergiversación de los hechos alteró el orden público en un puesto de votación y llegó a las redes sociales donde Petro ayudó a difundirla.,24/06/2026,Cuestionable,https://colombiacheck.com/chequeos/carro-con-propaganda-irregular-fue-apedreado-en-cartagena-por-desinformacion-sobre-votos
Video: Los guerrilleros amenazan a Petro,La grabación circula desde 2017 y el hombre vestido de camuflado dice pertenecer a un bloque de la extinta guerrilla en Tolima que nunca existió allí.,25/06/2024,Falso,https://colombiacheck.com/chequeos/video-de-supuesto-guerrillero-de-las-farc-amenazando-petro-en-realidad-se-refiere-santos
Fuertes manifestaciones en Cali contra gobierno de Abelardo de la Espriella,El clip es del 15 de julio de 2026. La comunidad protestó en el sector La Nubia debido a los accidentes y falta de señalización no por la política nacional.,15/09/2026,Falso,https://colombiacheck.com/chequeos/video-de-bloqueo-en-de-cali-no-es-de-una-protesta-contra-abelardo-de-la-espriella
PETRO firmando SALARIO MINIMO 2026 DE  $2.000.000 + AUX_TRANSP,Ni siquiera han comenzado las discusiones sobre el aumento salarial. El ministro de Interior propuso que el sueldo llegue a 1 8 millones pero empresarios difieren.,11/11/2025,Falso,https://colombiacheck.com/chequeos/petro-no-ha-decretado-salario-minimo-de-2-millones-para-2026-como-indica-imagen-generada
Pista del aeropuerto de Tolú fue contratada por Iván Duque,El proyecto quedó incluido en una alianza suscrita en 2020 y con recursos asignados en 2022. La Aerocivil adjudicó la obra en noviembre de 2023 ya con Petro.,04/08/2026,Cuestionable,https://colombiacheck.com/chequeos/ampliacion-de-pista-del-aeropuerto-golfo-de-morrosquillo-en-tolu-fue-impulsada-por-duque-y
Laura Sarabia dijo que Gobierno puede expropiar a los bancos,La desinformación proviene de una cuenta dedicada a atribuir frases falsas a figuras del gobierno que ahora aprovecha las declaraciones del presidente Petro sobre inversiones forzosas. La W radio tampoco publicó estas falsas declaraciones se trata de un montaje en el que usan su logo.,23/08/2024,Falso,https://colombiacheck.com/chequeos/laura-sarabia-no-dijo-que-gobierno-debe-manejar-dinero-de-los-bancos-y-puede-expropiarlos
Gustavo Petro apoya a Claudia López en elecciones presidenciales 2026,La imagen es del 2023 cuando el presidente y la entonces alcaldesa de Bogotá llegaron a un acuerdo sobre el metro de Bogotá mientras compartían un vuelo para asistir a la Asocapitales.,07/03/2025,Cuestionable,https://colombiacheck.com/chequeos/foto-de-claudia-lopez-y-gustavo-petro-en-un-avion-fue-sacada-de-contexto-por-alvaro-uribe
"Cuñado de Álvaro Uribe, Carlos Enrique Moreno, es dueño de Audifarma",En los registros actuales de la gestora farmacéutica no existe evidencia de que Carlos Enrique Moreno sea accionista directivo o representante de ella.,24/11/2025,Falso,https://colombiacheck.com/chequeos/cunado-de-uribe-no-es-dueno-de-audifarma-como-dijo-petro-para-apoyar-su-narrativa-de
Caracol Radio publicó que Petro dijo que no conoce a Juliana Guerrero,"El medio no publicó esa noticia. La imagen falsa fue creada a partir de una publicación donde Caracol contó que Petro dijo que no actúa por ""presiones de mujeres"".",28/07/2026,Falso,https://colombiacheck.com/chequeos/petro-no-ha-dicho-que-no-conoce-juliana-guerrero-como-dice-montaje-caracol-radio
Foto de apretón de manos entre Gustavo Petro y líder iraní Alí Khamenei,La imagen falsa fue difundida después de que el ayatolá muriera en los bombardeos que Israel y Estados Unidos lanzaron contra Irán. No hay ningún registro de que el presidente Gustavo Petro se haya reunido alguna vez con el regente de esa nación.,02/03/2026,Falso,https://colombiacheck.com/chequeos/apreton-de-manos-entre-petro-y-lider-irani-ali-khamenei-fue-creado-con-ia
Desalojan a migrantes venezolanos ilegales de las viviendas,La grabación fue publicada el 14 de marzo y no tiene ninguna relación con los operativos migratorios anunciados por De la Espriella.,16/09/2026,Falso,https://colombiacheck.com/chequeos/video-de-desalojo-de-una-mujer-colombiana-circula-falsamente-como-operativo-contra
Foto de la Plaza de Bolívar en el cierre de campaña de Iván Cepeda,En realidad corresponde a una manifestación que hubo el 18 de marzo de 2025 a favor de las reformas del gobierno de Gustavo Petro.,27/05/2026,Falso,https://colombiacheck.com/chequeos/cuenta-petrista-comparte-foto-de-marcha-vieja-como-si-fuera-el-cierre-de-campana-de-cepeda
Gustavo Petro tomó fotos de Booking y las hizo pasar por viviendas en Chocó,Políticos y otros usuarios de X y TikTok dieron crédito a un comentario donde se decía que la imagen supuestamente correspondía a un hospedaje en Ecuador.,18/11/2024,Falso,https://colombiacheck.com/chequeos/desinformacion-de-que-petro-uso-foto-de-booking-para-hablar-de-casas-en-choco-se-baso-en
Gustavo Petro dijo que el 7 de agosto no estará en el Palacio de Nariño,El medio no publicó esa noticia y no hay ningún registro de que Petro haya hecho esa afirmación.,03/07/2026,Falso,https://colombiacheck.com/chequeos/montaje-de-el-tiempo-atribuye-cita-apocrifa-petro-sobre-no-recibir-de-la-espriella-el-7-de
Afiche de Iván Cepeda con camuflado,La imagen original de la campaña del senador y precandidato presidencial en donde aparece de civil fue publicada por él en su perfil de X.,17/10/2025,Falso,https://colombiacheck.com/chequeos/manipulacion-de-afiche-de-ivan-cepeda-para-vestirlo-de-guerrillero-se-suma-ataques
Médicos de Miguel Uribe recomendaron desconectarlo,La Fundación Santa Fe única fuente autorizada por la familia para informar sobre la salud del senador tras el atentado no ha emitido tal concepto.,19/06/2025,Falso,https://colombiacheck.com/chequeos/ningun-pronunciamiento-medico-ha-recomendado-desconectar-miguel-uribe-turbay
"Petro trinó ""los bloqueos deben seguir, ni un paso atrás""",El pantallazo del supuesto trino es un montaje que hemos desmentido en 2021 y 2023.,06/09/2024,Falso,https://colombiacheck.com/chequeos/paro-camionero-revivio-falso-trino-de-petro-que-dice-los-bloqueos-deben-seguir-ni-un-paso
Encuesta sitúa a Abelardo De la Espriella con casi 50% de intención de voto,La fuente original admite que se trata de un ejercicio sin representatividad estadística. Además las cifras contradicen a las de mediciones más recientes.,13/05/2026,Cuestionable,https://colombiacheck.com/chequeos/publicaciones-cuestionables-difunden-como-encuesta-un-sondeo-digital-que-infla-de-la
Video de Aida Quilcué felicitando a Álvaro Uribe en 2008 en Popayán,La grabación fue sacada de contexto para atribuirle a la candidata vicepresidencial declaraciones de 2009 que dio otra persona entonces representante de la OPIC.,07/04/2026,Falso,https://colombiacheck.com/chequeos/lider-indigena-que-felicito-uribe-en-este-video-fue-ana-silvia-secue-no-aida-quilcue
"Abelardo dijo ""el cerebro femenino no está diseñado para la alta dirección""",No hay ningún registro en medios ni en sus redes sociales de que el presidente electo haya hecho esa afirmación.,07/07/2026,Falso,https://colombiacheck.com/chequeos/de-la-espriella-no-dijo-que-el-cerebro-femenino-no-esta-disenado-para-la-alta-direccion
Casas entregadas por el gobierno de Álvaro Uribe,Las 30 viviendas fueron una donación del sector privado de la cual hizo parte el expresidente. Con la desinformación critican las casas de Petro en Unguía Chocó.,19/11/2024,Cuestionable,https://colombiacheck.com/chequeos/casas-entregadas-por-uribe-en-salgar-antioquia-no-fueron-en-su-gobierno-sino-en-2017-como
"Álvaro Uribe fue abucheado en Túquerres, Nariño, en octubre 2024",Usuarios de distintas redes han compartido el metraje como si se tratara de una grabación reciente cuando en realidad data de 2018.,17/10/2024,Cuestionable,https://colombiacheck.com/chequeos/video-de-manifestantes-abucheando-alvaro-uribe-en-tuquerres-narino-es-viejo
Video de Clara López prueba orden de Petro para traer médicos extranjeros,El metraje compartido en las publicaciones no responde a una orden actual del gobierno Petro sino a una controversia surgida en el Congreso de la República en julio de 2023.,23/05/2024,Cuestionable,https://colombiacheck.com/chequeos/con-video-antiguo-de-clara-lopez-se-desinforma-sobre-convalidacion-medicos-venezolanos
Asoaciación de Psiquiatría solicitó declarar incapacidad a Petro,El video que se ha difundido como una solicitud de la agremiación médica al Senado no tiene nada que ver con ella sino con grupos de derecha en campaña con esta narrativa basada en rumores.,28/08/2025,Falso,https://colombiacheck.com/chequeos/quienes-piden-declarar-incapacidad-mental-de-petro-son-politicos-no-la-asociacion-de
ELN emitió comunicado en respaldo a la victoria de Nicolás Maduro,El supuesto documento no fue publicado en las redes sociales o páginas web de la guerrilla. Varios puntos del diseño no coinciden con la estética común de sus comunicados.,06/08/2024,Falso,https://colombiacheck.com/chequeos/eln-no-emitio-comunicado-respaldando-la-declarada-victoria-de-nicolas-maduro
Gobierno firma decreto que suspende requisitos para cargos públicos,El documento es real pero el trino omite que lo firmó la administración saliente el 5 de agosto antes de la posesión de Abelardo De la Espriella. Esta medida se expide cada cuatro años.,14/08/2026,Cuestionable,https://colombiacheck.com/chequeos/decreto-que-suspende-requisitos-para-cargos-publicos-fue-firmado-por-el-gobierno-petro
Reforma tributaria pone impuestos a administración de conjuntos y vehículos,El proyecto de ley no contempla gravar las cuotas de administración de conjuntos ni a todos los vehículos; aunque sí fijar IVA para la gasolina ACPM y compras online.,08/09/2025,Cuestionable,https://colombiacheck.com/chequeos/creador-de-contenido-mezcla-impuestos-ficticios-de-la-reforma-tributaria-con-otros
Encuesta muestra 80% de intención de voto para Abelardo de la Espriella,La imagen atribuye 80 % de intención de voto al abogado pero no corresponde a una firma registrada sino a una medición abierta en X sin rigor estadístico.,28/02/2026,Falso,https://colombiacheck.com/chequeos/sondeo-en-redes-infla-abelardo-de-la-espriella-y-circula-como-si-fuera-una-encuesta
Miguel Uribe dijo frase que culpa a Rosa Elvira Cely de su feminicidio,La cita proviene de la contestación de la oficina jurídica de la Secretaría de Gobierno de Bogotá en 2016 cuando él estaba al frente de la entidad a una demanda de la familia de la mujer.,09/06/2025,Cuestionable,https://colombiacheck.com/chequeos/miguel-uribe-no-dijo-directamente-esta-frase-que-culpo-rosa-elvira-cely-de-su-propio
Karol G interpreta canción en contra del presidente Petro,La parodia que usa la melodía del éxito ‘Si antes te hubiera conocido’ tiene sustancial evidencia de haber sido generada con inteligencia artificial.,26/12/2024,Falso,https://colombiacheck.com/chequeos/cancion-en-contra-de-petro-atribuida-karol-g-fue-creada-con-ia
"Olmedo López dijo que ""Nicolás Petro me quiere matar""",El exdirector de la UNGRD no ha dado esas declaraciones ni en ese medio ni en otro. La supuesta frase fue difundida por cuentas desinformadoras.,06/06/2024,Falso,https://colombiacheck.com/chequeos/olmedo-lopez-no-dijo-nicolas-petro-me-quiere-matar-ni-noticias-rcn-lo-publico
Abelardo de la Espriella dice que se acaba el sisbén,No existen registros en medios ni en sus cuentas oficiales. Su movimiento Defensores de la Patria afirma que el Sisbén continuará y que harán una actualización masiva.,10/06/2026,Falso,https://colombiacheck.com/chequeos/imagen-falsa-atribuye-abelardo-de-la-espriella-frase-sobre-acabar-el-sisben
el aborto no debería ser un sistema anticonceptivo,La precandidata presidencial repitió este dato falso sobre la interrupción del embarazo que ya ha sido usado entre otros por Iván Duque.,31/05/2025,Falso,https://colombiacheck.com/chequeos/vicky-davila-se-opone-al-aborto-con-la-vieja-mentira-de-que-no-deberia-ser-un-sistema
De la Espriella: “no podemos pagar más impuestos con venezolanos indocument,No hay registros del texto exacto que circula en redes. Sin embargo el presidente electo sí plantea devolver a su país a los que violen las leyes migratorias.,06/07/2026,Cuestionable,https://colombiacheck.com/chequeos/atribucion-de-la-espriella-sobre-deportar-migrantes-no-es-textual-pero-refleja-parte-de-su
Carlos Fernando Galán es miembro del consejo directivo de Coca-Cola,En medio del racionamiento de agua en Bogotá la desinformación señala al alcalde de beneficiar a la industria de bebidas por ese supuesto conflicto de interés. No hay registro de tal vínculo.,15/10/2024,Falso,https://colombiacheck.com/chequeos/carlos-fernando-galan-no-es-miembro-activo-del-consejo-directivo-de-coca-cola-ni-lo-ha
Las milicias de Petro patrullando en Medellín por barrio Villahermosa,La desinformación fue desmentida por la Secretaría de Seguridad de Medellín. El contexto de la grabación es una reunión de autoridades locales con pueblos de Antioquia.,27/08/2024,Falso,https://colombiacheck.com/chequeos/video-de-indigenas-en-medellin-circula-en-redes-como-supuesto-patrullaje-de-milicias-de
"Video muestra ""situación de Ecuador hoy""",Ecuador Chequea confirmó que uno de los clips que el presidente colombiano muestra como ejemplos de la situación actual del país vecino fue sacado de contexto.,29/05/2026,Cuestionable,https://colombiacheck.com/chequeos/video-compartido-por-gustavo-petro-mezcla-hechos-reales-ocurridos-en-distintos-contextos
Proyecto de Ley le puso freno a las fotomultas.,Los contenidos exageran el alcance de una iniciativa que apenas ha sido aprobada en primer debate en el Senado. Aún no es ley.,22/05/2025,Cuestionable,https://colombiacheck.com/chequeos/publicaciones-anunciaron-freno-las-fotomultas-por-avance-de-un-proyecto-que-aun-esta-en
Devuelvanos la salud que nos dejó el Presidente Uribe,La imagen original fue tomada en febrero de este año y solo tiene el logo de Fecode sin ningún tipo de mensaje.,24/06/2024,Falso,https://colombiacheck.com/chequeos/foto-de-bandera-de-fecode-pidiendo-la-salud-que-nos-dejo-uribe-fue-manipulada
Un templo satánico avalado por el comunista Gustavo Petro en Colombia,El clip es de 2021 y corresponde a un ritual celebrado en un templo luciferino en Quindío con “ministros” de esa religión no del Estado.,20/01/2026,Falso,https://colombiacheck.com/chequeos/falsa-relacion-entre-iglesia-satanista-y-gobierno-petro-se-basa-en-video-viejo-sin
"Para que me den un medicamento, tengo que pelear",El video circuló en agosto de 2022 a los pocos días de la posesión de Petro como presidente.,27/03/2025,Cuestionable,https://colombiacheck.com/chequeos/video-de-madre-reclamando-atencion-para-su-hijo-en-famisanar-no-es-de-actual-crisis-de
Donald Trump ordena detener ya a Diosdado Cabello,El contenido que circula en redes sociales no tiene ninguna fuente oficial ni prueba que lo avale. No existen informes oficiales ni declaraciones públicas sobre una orden del presidente estadounidense para arrestar o detener al ministro venezolano.,06/02/2026,Falso,https://colombiacheck.com/chequeos/es-falso-que-donald-trump-ordeno-detener-diosdado-cabello
Así quedó un tanque atacado con misiles por las FARC en El Plateado,El hecho ocurrió cuando el vehículo del Ejército que se ve en el video viral maniobró contra unos guerrilleros durante la Operación Perseo en Cauca.,18/10/2024,Falso,https://colombiacheck.com/chequeos/blindado-militar-no-fue-atacado-con-misiles-en-el-plateado-sino-que-quedo-atascado-en-una
"Foto de Nicolás Petro navegando en Venecia, Italia, en marzo de 2025",No hay evidencia de que el exdiputado hijo del presidente de Colombia Gustavo Petro haya salido del país en medio de su proceso penal por enriquecimiento ilícito y lavado de dinero.,05/04/2025,Falso,https://colombiacheck.com/chequeos/denuncias-de-supuesto-viaje-italia-de-nicolas-petro-en-marzo-de-2025-usan-foto-vieja
Atacante de Miguel Uribe tiene 20 años y por eso no lo atiende ICBF,Además el Instituto Colombiano de Bienestar Familiar acompaña el proceso judicial y su restablecimiento de derechos aunque esté en el búnker de la Fiscalía por seguridad.,13/06/2025,Falso,https://colombiacheck.com/chequeos/detenido-por-disparar-miguel-uribe-si-es-atendido-por-icbf-no-tiene-20-anos
Las Farc fueron responsables del caso del collar bomba,El hecho atribuido falsamente como responsabilidad de las FARC fue esclarecido hace años. La justicia concluyó que se trató de delincuencia común.,15/04/2026,Falso,https://colombiacheck.com/chequeos/vieja-desinformacion-sobre-el-collar-bomba-se-usa-para-cuestionar-campana-de-cepeda
Abelardo de la Espriella prometió bajar el salario mínimo,No hay ningún registro de que el candidato haya hecho esas declaraciones. En una reciente entrevista con Semana negó que ese sea su plan.,04/06/2026,Falso,https://colombiacheck.com/chequeos/imagenes-falsas-atribuyen-de-la-espriella-la-promesa-de-bajar-el-salario-minimo
Lo siento conmigo’: neurocirujano que operó a Miguel Uribe compartió emotiv,La pieza original se refiere a un mensaje a su padre del neurocirujano que operó al senador y no menciona nada sobre dicho diagnóstico. Tampoco el último parte médico.,19/06/2025,Falso,https://colombiacheck.com/chequeos/manipulan-imagen-de-pulzo-para-decir-que-miguel-uribe-presenta-muerte-cerebral
“Dejen los formularios en blanco que nosotros los llenamos”,La imagen falsa tergiversa las palabras de Hernán Penagos. La instrucción de dejar en blanco las casillas sin votos es técnica y se ha aplicado en otras elecciones.,27/02/2026,Falso,https://colombiacheck.com/chequeos/parodia-sobre-el-registrador-alimenta-la-narrativa-infundada-de-fraude-electoral-con-los-e
Donald Trump fue internado de urgencia en el hospital militar Walter Reed,Las imágenes son de julio de 2024 en Pensilvania luego de que Trump fuera herido durante un acto de campaña. Este chequeo fue realizado por nuestros colegas de Chequeado.,06/04/2026,Falso,https://colombiacheck.com/chequeos/el-video-que-muestra-la-internacion-de-donald-trump-en-un-hospital-militar-no-es-actual
Murales pintados son hechos por exguerrilleros de las FARC,Usan la foto de una excombatiente de 2016 para señalar a la activista que participó en la obra en Bogotá. Cuentas de derecha impulsaron la narrativa en cuestión de horas.,21/01/2025,Falso,https://colombiacheck.com/chequeos/joven-de-la-que-participo-en-pinta-de-mural-las-cuchas-tienen-razon-no-es-exguerrillera
Óscar Naranjo realizó varias revelaciones sobre atentado a Miguel Uribe,Ni existe registro real de tales declaraciones ni el exvicepresidente es una autoridad policial activa que pueda ofrecerlas.,19/06/2025,Falso,https://colombiacheck.com/chequeos/el-general-retirado-oscar-naranjo-no-ha-hecho-ninguna-revelacion-sobre-el-atentado-miguel
Foto de Claudia López abrazando a Santos y a Petro: Claudia es Petro,Las fotos fueron compartidas en X y Facebook. En uno de unos mensajes incluso hablaban de una reunión entre los políticos. Las dos imágenes fueron creadas con la nueva IA de X.,20/12/2024,Falso,https://colombiacheck.com/chequeos/campana-claudia-es-petro-se-mueve-con-imagenes-de-abrazos-generadas-por-la-ia-de-x
Donald Trump declara que la biblia se enseñe en todas las escuelas,Tal medida no está en las órdenes ejecutivas del presidente. En 2024 antes de su regreso a la Casa Blanca dos estados autorizaron el estudio escolar del libro sagrado.,30/01/2025,Falso,https://colombiacheck.com/chequeos/trump-no-ha-declarado-la-ensenanza-de-la-biblia-en-escuelas-y-universidades-de-estados
empezó el golpe de Estado por parte del CNE al gobierno Petro,Con la etiqueta #TodosConPetro ponen a circular una grabación de la movilización opositora del 21 de abril en Bogotá.,03/09/2024,Falso,https://colombiacheck.com/chequeos/usan-video-viejo-de-marcha-contra-petro-para-decir-que-comenzo-golpe-de-estado
Petro usó el busto de Stalin en su alocución,Distintas desinformaciones señalan falsamente la estatua como si fuera del dictador soviético unas con la imagen original y otras con inteligencia artificial.,16/09/2025,Falso,https://colombiacheck.com/chequeos/busto-del-expresidente-nieto-en-alocucion-de-petro-fue-reemplazado-por-el-de-stalin-con-ia
De la Espriella prohibió el matrimonio infantil en Colombia,La Ley 2447 fue aprobada por el Senado en noviembre de 2024 y sancionada en febrero de 2025 un año y medio antes del inicio del nuevo gobierno.,27/08/2026,Cuestionable,https://colombiacheck.com/chequeos/ley-que-prohibe-el-matrimonio-infantil-en-colombia-fue-sancionada-durante-el-gobierno
Video: Alcalde de Cali y concejales naufragaron en un caño de aguas negras,La grabación es de 2016 y muestra al entonces mandatario de una ciudad india con un grupo de periodistas que cayeron en un arroyo.,24/07/2024,Falso,https://colombiacheck.com/chequeos/este-video-no-es-del-alcalde-de-cali-cayendose-en-un-cano-de-aguas-negras
ELN hace campaña por Gustavo Petro e Iván Cepeda,Reciclaron la desinformación esta vez para también atacar al candidato del petrismo Iván Cepeda como parte de una narrativa que lo vincula con grupos guerrilleros.,30/01/2026,Falso,https://colombiacheck.com/chequeos/esta-caravana-es-vieja-y-no-pertenece-al-eln-en-apoyo-petro-sino-actores-del-carnaval-de
Portada de Cosas muestra encuentro entre Petro y alias 'Fito' en Manta,No hay registros de que el medio haya publicado esa carátula. Además hay indicios de que las imágenes fueron creadas con inteligencia artificial.,16/07/2025,Falso,https://colombiacheck.com/chequeos/portada-de-la-revista-cosas-con-foto-de-gustavo-petro-y-el-narcotraficante-ecuatoriano
Gustavo Petro promueve proyecto de inversión estatal en Noticias Caracol,La grabación que simula ser una emisión de Noticias Caracol promueve un falso proyecto de inversión estatal.,03/10/2025,Falso,https://colombiacheck.com/chequeos/video-usa-voces-de-petro-y-catalina-gomez-clonadas-con-ia-para-prometer-ganancias
Fotos de niños reclutados en el conflicto no son atendidas por Petro,La pieza cuestiona al presidente por pronunciarse a favor de la niñez de Palestina pero usa imágenes antiguas y sin contexto.,03/07/2024,Cuestionable,https://colombiacheck.com/chequeos/este-collage-critica-petro-por-reclutamiento-infantil-con-tres-fotos-viejas
Marco Rubio anunció que congelará las cuentas bancarias de Petro en EE.UU.,"No hay registro de las supuestas declaraciones del secretario de Estado
estadounidense contra el presidente de Colombia.",12/03/2025,Falso,https://colombiacheck.com/chequeos/marco-rubio-no-anuncio-que-congelara-las-cuentas-bancarias-de-petro-en-estados-unidos
Petro contrata empresa alemana que imprime pasaportes en Venezuela y Cuba,La compañía Veridos manifestó en 2024 interés de quedarse con el contrato pero el negocio nunca se concretó.,13/08/2025,Falso,https://colombiacheck.com/chequeos/empresa-alemana-vinculada-con-venezuela-y-cuba-no-esta-detras-del-nuevo-convenio-para
"La MOE UE confirmó que sí hubo ""voto fusil"" en las elecciones de Colombia","La misión calificó las votaciones como ""transparentes pacíficas y bien organizadas"" y su jefe confirmó que no detectaron una injerencia armada que afectara los resultados.",16/09/2026,Falso,https://colombiacheck.com/chequeos/la-moe-ue-no-confirmo-el-voto-fusil-en-las-elecciones-presidenciales-colombianas-de-2026
"Viva Petro, el mejor presidente del mundo",El video fue compartido hasta por el mandatario en sus redes. El clip sin embargo tiene la marca de agua de Sora el sitio de OpenAI para crear deepfakes.,02/12/2025,Falso,https://colombiacheck.com/chequeos/anuncios-de-viva-petro-en-el-times-square-de-nueva-york-fueron-inventados-con-inteligencia
Valla muestra a Iván Cepeda con traje de guerrillero y a De La Espriella,La falsa imagen que compara a los precandidatos presidenciales incluye logos equivocados de partidos políticos y signos evidentes de manipulación digital.,24/09/2025,Falso,https://colombiacheck.com/chequeos/montaje-de-una-valla-de-ivan-cepeda-vestido-de-guerrillero-vs-de-la-espriella-alienta
"Francia Márquez dijo ""he sido la más trabajadora""",La frase es atribuida de forma engañosa a la vicepresidenta quien realmente dijo que “como mujer trabajadora” sabe que esa decisión impacta a millones de familias.,17/02/2026,Cuestionable,https://colombiacheck.com/chequeos/francia-marquez-no-dijo-he-sido-la-mas-trabajadora-tras-decision-del-consejo-de-estado
"Petro tiene una favorabilidad del 88,8%",La imagen original fue publicada por la cuenta de X @IAElectoral que realiza análisis de opinión en redes sociales con IA pero no está inscrita en el Consejo Nacional Electoral (CNE) y los resultados muestran una desaprobación del 85 7%.,05/11/2025,Falso,https://colombiacheck.com/chequeos/petro-no-tiene-una-aprobacion-del-888-como-dice-imagen-manipulada-que-circula-en-x
Vicky Dávila trinó que Gorda Fabiola falleció por culpa de reforma de Petro,El pantallazo que circula en redes sociales es un montaje. La directora de Semana desmintió la desinformación en su cuenta de X.,20/09/2024,Falso,https://colombiacheck.com/chequeos/vicky-davila-no-publico-trino-culpando-reforma-la-salud-de-petro-por-muerte-de-la-gorda
Leopoldo Múnera apoya la constituyente de Petro,En redes sociales compartieron el discurso cortado y sin contexto para afirmar que Leopoldo Múnera apoya la intención de convocar a una constituyente manifestada y luego matizada por Petro.,14/06/2024,Falso,https://colombiacheck.com/chequeos/manipulan-video-del-rector-de-la-universidad-nacional-para-decir-que-promueve
"Antes de la reforma de Uribe, se pagaba el triple por trabajar el domingo",No es cierto como dicen en redes sociales que ese era el recargo normal antes de que llegara ese gobierno en 2002. Solo se da en ciertos casos.,17/06/2025,Falso,https://colombiacheck.com/chequeos/pago-triple-dominical-siempre-ha-sido-una-excepcion-antes-y-despues-de-la-reforma-laboral
"“Las escaramuzas realizadas hoy por las FARC no afectan el proceso de paz""",El montaje reemplaza un titular del medio por la falsa atribución. En sus mensajes el candidato calificó los ataques del fin de semana como terrorismo y pidió sanciones.,27/04/2026,Falso,https://colombiacheck.com/chequeos/publicacion-apocrifa-de-publimetro-atribuye-cepeda-frase-sobre-escaramuzas-de-las-farc
Atlas Intel desmiente supuesta encuesta que posicionaba a Abelardo de la Es,Declaraciones fuera de contexto del CEO de la firma circulan tras el estudio publicado por la revista en el que De la Espriella lidera la intención de voto a la Presidencia.,15/01/2026,Cuestionable,https://colombiacheck.com/chequeos/atlas-intel-desmintio-encuestas-falsas-en-diciembre-no-se-referia-la-de-enero-de-2026-con
"Alias Calarcá ordenó asesinar a firmante de paz, crítico de Petro.",Una cuenta desinformadora tergiversa la investigación de Noticias Caracol que señala crímenes del jefe disidente incluyendo homicidios de firmantes de paz.,18/12/2025,Cuestionable,https://colombiacheck.com/chequeos/chats-revelados-de-alias-calarca-no-muestran-que-ordeno-asesinar-criticos-de-gustavo-petro
Sube el registro de cédulas en la zona binacional para que venezolanos vote,Aunque la Procuraduría advirtió del aumento extraordinario en el registro de cédulas este no se concentra en municipios fronterizos ni incluye a personas extranjeras.,22/08/2025,Cuestionable,https://colombiacheck.com/chequeos/video-engana-al-asociar-alerta-por-inscripcion-inusual-de-votantes-con-zona-binacional-y
El #FueraPetro en la COP16 no podía faltar,La grabación original confirma que los asistentes más bien ovacionaron al presidente en lugar de abuchearlo.,29/10/2024,Falso,https://colombiacheck.com/chequeos/video-de-fuera-petro-en-la-cop16-en-cali-es-un-montaje-con-un-audio-viejo
"Canción fuera Petro, Karol G",La supuesta composición musical con críticas al presidente no ha sido grabada por la cantante y el audio tiene signos de haber sido generado con inteligencia artificial.,24/06/2024,Falso,https://colombiacheck.com/chequeos/la-cancion-fuera-petro-falsamente-atribuida-karol-g-habria-sido-creada-con-ia
Comparación entre agresora de Francia Márquez y sicario de Miguel Uribe,El caso de la mujer que insultó a la vicepresidenta no duró días ni el adolescente que atacó al senador se encuentra en casa sino en el búnker de la Fiscalía.,18/06/2025,Falso,https://colombiacheck.com/chequeos/comparan-con-datos-falsos-el-proceso-contra-el-sicario-de-miguel-uribe-y-agresora-de
Alias 'El Brujo' está implicado en atentado contra Migue Uribe,Al joven que hace videos dramatizados de robos y asesinatos en Cali lo presentan falsamente como supuesto autor del ataque al senador.,10/06/2025,Falso,https://colombiacheck.com/chequeos/el-brujo-es-un-creador-de-contenidos-y-no-esta-implicado-en-el-atentado-contra-miguel
Países de la ONU votaron por Petro para que sea del Consejo de Seguridad,Una cuenta de X afín a la actual administración afirmó de forma engañosa que la votación para ocupar este escaño fue por el “liderazgo mundial” del presidente.,20/10/2025,Cuestionable,https://colombiacheck.com/chequeos/gual-que-en-otros-gobiernos-onu-eligio-colombia-para-el-consejo-de-seguridad-no-petro
la madre tierra tiembla ante la injusticia cometida contra Álvaro Uribe,Aunque la senadora y precandidata presidencial opositora ha criticado el fallo contra el exmandatario no existe registro del mensaje en X que le endosan.,06/08/2025,Falso,https://colombiacheck.com/chequeos/se-burlan-de-paloma-valencia-con-montaje-de-trino-que-atribuye-sismo-en-rusia-la-condena
Letrero de Fuera Petro en el partido Colombia vs Bolivia,En la transmisión en vivo del partido no aparece el letrero que fue agregado digitalmente.,08/09/2025,Falso,https://colombiacheck.com/chequeos/letrero-de-fuera-petro-durante-partido-colombia-vs-bolivia-en-barranquilla-es-un-montaje
"""Jamás pensé que dar un salario digno a un pobre generaría tano odio"" Petro",No hay evidencia de que el mandatario haya dicho: “jamás pensé que dar un salario digno a un pobre generaría tanto odio en una élite que gana millones todos los días” como le atribuyen en redes sociales.,03/01/2025,Falso,https://colombiacheck.com/chequeos/petro-no-dijo-frase-sobre-el-salario-minimo-digno-y-el-odio-de-la-elite-que-gana-millones
Diario El País demuestra que Miguel y Álvaro Uribe conspiraron contra Petro,Aunque El País reveló grabaciones comprometedoras el artículo no concluye que el senador y el expresidente habrían sabido del plan urdido por el excanciller.,02/07/2025,Cuestionable,https://colombiacheck.com/chequeos/audios-de-leyva-no-prueban-que-miguel-uribe-y-alvaro-uribe-hayan-conspirado-para-tumbar
Gobierno Petro compró 100 mil barriles de combstible a Nicolás Maduro,No hay evidencia de que el periodista o W Radio hayan hecho tal publicación. Por el contrario las noticias al respecto indican que la adquisición se hizo en Estados Unidos según Ecopetrol.,11/09/2024,Falso,https://colombiacheck.com/chequeos/julio-sanchez-no-revelo-que-colombia-supuestamente-le-compro-combustible-de-aviones-maduro
Trump impulsa una investigación penal internacional contra Francia Márquez,El audiovisual con la desinformación fue publicado inicialmente en YouTube por un usuario que produce contenido sintético.,11/11/2025,Falso,https://colombiacheck.com/chequeos/supuesta-investigacion-promovida-por-trump-contra-francia-marquez-surgio-en-un-canal-de
Casos de liquidación de SaludCoop y retiro de Sura son equiparables.,La liquidación de la EPS del condenado Carlos Palacino fue por un sonado caso de corrupción un caso muy distinto al retiro voluntario que ahora pide la promotora paisa.,11/06/2024,Cuestionable,https://colombiacheck.com/chequeos/comparacion-de-cubrimiento-de-noticias-caracol-equipara-sin-contexto-las-crisis-de
Yerno de Edmundo González está vinculado a investigación por narcotráfico,El portal de Gustavo Rugeles publicó un artículo sobre una investigación en Estados Unidos que supuestamente vincula a un yerno del candidato historia de la que no existe evidencia.,04/07/2024,Falso,https://colombiacheck.com/chequeos/el-expediente-ataca-presidenciable-opositor-venezolano-gonzalez-con-infundado-caso-de
"“Bajaremos el mínimo a $1.450.000"": Paloma Valencia",No hay registros de la frase en medios ni en los canales oficiales de la candidata del Centro Democrático. Aunque cuestionó el aumento ha pedido mantenerlo.,14/05/2026,Falso,https://colombiacheck.com/chequeos/imagen-viral-atribuye-valencia-falsa-propuesta-de-bajar-el-salario-minimo-14500000
"En mi gobierno bajaré el salario mínimo a 800.000, quiero proteger al empre",No hay evidencia de la supuesta oferta del aspirante para “proteger al empresariado” al que sí es afín. Esta política sería opuesta a la del presidente de El Salvador.,15/10/2025,Falso,https://colombiacheck.com/chequeos/promesa-de-reducir-el-salario-minimo-es-falsa-atribucion-de-la-espriella-como-bukele
Miguel Uribe no está tan grave y médico dice que publiquen su estado real,El montaje difundido por cuentas petristas se suma a las narrativas infundadas de que el ataque contra el senador opositor fue un montaje o autoatentado.,04/07/2025,Falso,https://colombiacheck.com/chequeos/el-tiempo-no-publico-que-miguel-uribe-no-estaria-delicado-y-su-medico-pidio-divulgar-su
"Uribe: ""no necesitan pago de horas nocturnas porque mínimo está muy alto""",El expresidente criticó recientemente la reforma laboral pero no mencionó que “no se necesita pago de horas extras ni nocturnas ya que el mínimo está muy alto”.,28/10/2024,Cuestionable,https://colombiacheck.com/chequeos/publicaciones-en-redes-sociales-exageran-declaraciones-de-uribe-sobre-reforma-laboral
Samat Publicidad le donó a la campaña de Iván Cepeda,Una interpretación imprecisa del formulario de aportes del CNE alimenta una narrativa que acusa sin pruebas a la empresa de lavar dinero para el aspirante presidencial.,21/01/2026,Cuestionable,https://colombiacheck.com/chequeos/samat-publicidad-dio-un-credito-en-especie-la-campana-de-cepeda-no-dono-sus-impresiones
Petro quitó los recargos nocturno y dominical aprobados en reforma laboral,El supuesto decreto que menciona el usuario no existe. La ampliación del horario nocturno y el aumento del recargo dominical se mantienen.,08/10/2025,Falso,https://colombiacheck.com/chequeos/video-miente-al-acusar-petro-de-revertir-recargos-de-su-propia-reforma-laboral
"la muerte de Miguel Uribe, pues eso es bueno para Colombia",Hasta ahora Sheinbaum no se ha referido al asesinato del senador y precandidato presidencial colombiano. Anteriormente condenó el atentado. El video sería de IA.,12/08/2025,Falso,https://colombiacheck.com/chequeos/montaje-aparenta-que-la-presidenta-de-mexico-califico-el-magnicidio-de-uribe-turbay-como
Se aprobó en Colombia el derecho absoluto a la Legítima Defensa,No ha prosperado una legislación semejante al día de hoy. El origen de la desinformación es el trámite de una reforma mexicana en 2018.,11/07/2025,Falso,https://colombiacheck.com/chequeos/no-se-aprobo-un-derecho-absoluto-la-legitima-defensa-en-colombia
Abelardo y Miguel De la Espriella son hermanos.,Aunque el candidato presidencial de ultraderecha y el exsenador parapolítico pertenecen al mismo linaje oriundo de Córdoba no comparten los mismos padres.,23/04/2026,Falso,https://colombiacheck.com/chequeos/abelardo-y-miguel-alfonso-de-la-espriella-son-parientes-muy-lejanos-no-hermanos
Sofía Petro propuso aumentar impuestos para apoyar Primera Línea y Minga,No hay registros de esas supuestas declaraciones de la hija del presidente que circulan con un video de la campaña electoral de 2022.,23/05/2024,Falso,https://colombiacheck.com/chequeos/sofia-petro-no-propuso-poner-mas-impuestos-para-ayudar-la-primera-linea-y-minga-indigena
Aprobación de Petro aumentó tras crisis con Trump,La pieza es de 2024. Hasta el momento no hay encuestas sobre la favorabilidad del presidente colombiano tras el enfrentamiento que tuvo con el de Estados Unidos.,05/02/2025,Falso,https://colombiacheck.com/chequeos/con-imagen-vieja-presentan-supuesto-aumento-en-la-aprobacion-de-petro-tras-crisis-con
El M-19 nació de las FARC,El antiguo jefe guerrillero mencionó que varios líderes fundadores del ‘Eme’ fueron desertores de las FARC pero en redes olvidan detallar otras circunstancias que acompañaron el origen de esa guerrilla urbana.,19/11/2025,Cuestionable,https://colombiacheck.com/chequeos/revive-declaracion-sin-contexto-de-jacobo-arenas-sobre-origenes-del-m-19
Maduro hizo decreto para que colombianos defiendan a Venezuela,Sí era chiste. El supuesto decreto de Maduro no existe pero ‘se metió’ en Olímpica Stereo y en redes como si fuera una noticia real.,08/09/2025,Falso,https://colombiacheck.com/chequeos/satira-suplanta-el-tiempo-con-montaje-sobre-servicio-militar-en-venezuela-para-novios
Este video muestra al público corear Fuera Petro en concierto de Shakira,La desinformación dice que se trata del espectáculo que la artista ofreció recientemente en Barranquilla pero la grabación original se publicó días antes.,07/03/2025,Falso,https://colombiacheck.com/chequeos/audio-de-fuera-petro-en-concierto-de-shakira-fue-montado-sobre-video-de-presentacion-en
Video muestra multitud que acompaña candidatura de Abelardo de La Espriella,La grabación hecha en México en 2024 se presenta con mensajes falsos que la asocian con la campaña del precandidato presidencial.,12/02/2026,Falso,https://colombiacheck.com/chequeos/video-de-multitud-en-gira-de-iron-maiden-circula-como-si-fuera-evento-de-abelardo-de-la
Video de captura de líder del Pacto Histórico con 600 millones de pesos,Las autoridades no han confirmado que la detención del 7 de marzo en Bogotá esté relacionada con una campaña específica.,08/03/2026,Cuestionable,https://colombiacheck.com/chequeos/desinformadores-especulan-sobre-nexo-politico-de-capturado-con-631-millones-de-pesos
"Columna de opinión señala a Uribe, Duque y a 'Fico' de defender las AFP",Aunque el texto original publicado en 2020 sí habla sobre los fondos privados de pensiones en Colombia no menciona a los expresidentes ni al alcalde de Medellín.,15/05/2024,Cuestionable,https://colombiacheck.com/chequeos/columna-vieja-de-salomon-kalmanovitz-fue-manipulada-para-atacar-uribe-duque-y-federico
Gustavo Petro dio la orden para que el DANE haga un censo económico,La iniciativa viene del Plan Nacional de Desarrollo de Iván Duque y su diseño empezó en 2019. La recolección de información inició el 4 de junio de 2024.,05/06/2024,Falso,https://colombiacheck.com/chequeos/el-censo-economico-que-realiza-el-dane-no-fue-orden-de-petro
Consejo de Estado: no hay impedimento para transmitir consejo de ministros,Por el contrario la corte falló contra el presidente por transmitir las reuniones con su gabinete como alocuciones y le recordó los límites de esa figura.,20/05/2025,Falso,https://colombiacheck.com/chequeos/consejo-de-estado-no-determino-que-no-hay-impedimento-legal-para-transmitir-consejos-de
Luz Adriana Camargo sale en esta fotografía,La persona que posa abrazada junto a Iván Velásquez León Valencia Claudia López e Iván Cepeda en realidad es la politóloga y analista Natalia Springer.,30/07/2025,Falso,https://colombiacheck.com/chequeos/fallo-contra-uribe-revive-ataque-fiscal-camargo-con-foto-de-izquierda-radical-donde-no
María Fernanda Cabal eligió a Karen Abudinen como su vicepresidente,La supuesta noticia es un montaje que ha sido difundido por cuentas desinformadoras y afines al petrismo.,01/11/2024,Falso,https://colombiacheck.com/chequeos/w-radio-no-publico-que-maria-fernanda-cabal-eligio-karen-abudinen-como-formula
Video de Abelardo de la Espriella agrediendo a una mujer,La grabación corresponde a un caso de violencia doméstica ocurrido en Morelos. La víctima identificó al agresor como Jorge Rabadán.,17/06/2026,Falso,https://colombiacheck.com/chequeos/con-video-grabado-en-mexico-acusan-falsamente-de-la-espriella-de-maltratar-mujeres
"Vota bien, la derecha es cruel. La izquierda no es perfecta",No existe registro de esa frase atribuida falsamente al futbolista francés a pesar de que sí se pronunció sobre las elecciones en su país.,13/07/2024,Falso,https://colombiacheck.com/chequeos/es-falso-que-mbappe-haya-dicho-vota-bien-la-derecha-cruel-para-invitar-apoyar-la-izquierda
Fotografía de una fila de buses fue tomada el día de la Marcha del Silencio,Las imágenes son del 21 de abril de 2024 cuando varios sectores se manifestaron contra las reformas propuestas por el gobierno Petro.,17/06/2025,Falso,https://colombiacheck.com/chequeos/esta-foto-de-una-fila-de-buses-no-es-de-las-marchas-por-la-salud-de-miguel-uribe
Aída Quilcué dijo que los soldados no pueden hacerle un retén,La senadora no dijo que los soldados no pueden hacerle un retén porque ella es “protegida por el presidente Petro” aunque sí enfatizó en su cargo al discutir con ellos.,11/03/2026,Cuestionable,https://colombiacheck.com/chequeos/cita-inexacta-quilcue-distorsiona-lo-que-se-sabe-de-un-altercado-que-tuvo-con-militares-en
"Con fiesta, congresistas celebraron la caída de la reforma laboral",No hay registros que confirmen la realización de la supuesta fiesta. La imagen que circula en redes sociales es de una página que parodia al periódico El Tiempo.,18/03/2025,Falso,https://colombiacheck.com/chequeos/noticia-sobre-supuesta-fiesta-de-congresistas-por-caida-de-la-reforma-laboral-proviene-de
Noticias Caracol reveló chats en los que alias Calarcá agradece a Petro,Aunque el reportaje sí presenta evidencias de graves crímenes las citas atribuidas al jefe disidente y su imagen junto al mandatario son fabricaciones.,22/12/2025,Falso,https://colombiacheck.com/chequeos/calarca-no-agradece-petro-o-su-gobierno-en-chats-revelados-por-noticias-caracol
Colombia va a ganar la Eurocopa,En redes circula un pantallazo del falso tuit. No encontramos rastros de la publicación ni en la cuenta de la senadora ni entre las respuestas o menciones de los usuarios.,12/07/2024,Falso,https://colombiacheck.com/chequeos/no-existe-evidencia-de-que-cabal-haya-tuiteado-que-colombia-va-ganar-la-eurocopa
ni Dios ni Miguel Uribe me quitarán la presidencia,La grabación original es de una entrevista a CNN el año pasado en la cual el mandatario no hizo ninguna alusión al precandidato presidencial.,25/06/2025,Falso,https://colombiacheck.com/chequeos/es-un-montaje-el-video-en-el-que-petro-dice-que-ni-dios-ni-miguel-uribe-me-quitaran-la
Foto demuestra que Gustavo Petro fue hospitalizado por sobredosis.,El contenido original se difundió el pasado mes de febrero y fue desmentido en su momento. Volvió a circular en medio de polémica por ausencia del presidente.,03/06/2025,Falso,https://colombiacheck.com/chequeos/esta-imagen-no-evidencia-que-petro-fue-hospitalizado-por-sobredosis-se-genero-con-ia
Abelardo anunció que cambiará el uniforme del Batallón Guardia Presidencial,La pieza fue publicada por Mal Tiempo una cuenta que imita la línea gráfica del diario. No hay ningún registro de que De la Espriella ni Silvia Tcherassi hayan anunciado un cambio en esa indumentaria.,05/08/2026,Falso,https://colombiacheck.com/chequeos/supuesto-uniforme-nuevo-del-batallon-guardia-presidencial-es-una-parodia-de-el-tiempo
Francia Márquez desmayó cuando supo que no había gasolina para el alicotero,La imagen falsamente atribuida a La FM fue creada como una sátira pero se viralizó y despertó comentarios misóginos racistas y clasistas contra la vicepresidenta.,06/09/2024,Falso,https://colombiacheck.com/chequeos/montaje-sobre-supuesto-desmayo-de-francia-marquez-avivo-mensajes-de-odio
Petro ordenó contribución solidaria para los del regimen subsidiado,La medida se tomó bajo el mandato de Duque y solo afecta a quienes están en el nivel D del Sisbén (población que no es pobre ni vulnerable).,25/06/2024,Falso,https://colombiacheck.com/chequeos/decreto-de-contribucion-solidaria-para-el-regimen-subsidiado-en-salud-no-es-del-gobierno
Aída Quilcué votó por Abelardo de la Espriella,La candidata vicepresidencial mostró el tarjetón donde marcó su propia fórmula lo que incluso se alcanza a ver en el mismo contenido manipulado y otras imágenes.,03/06/2026,Falso,https://colombiacheck.com/chequeos/montaje-de-quilcue-votando-por-de-la-espriella-circula-en-video-que-cuestiona-su-intelecto
"Indígenas del Cauca, primer batallón indígena privado, al servicio de PETRO",La grabación de una entrega de dotación a un resguardo de Risaralda en noviembre de 2023 ya había sido usada para desinformar en 2024.,09/05/2025,Falso,https://colombiacheck.com/chequeos/este-video-de-la-guardia-indigena-no-es-de-un-batallon-privado-al-servicio-de-petro
Vicky Dávila intentó desacreditar a Carlos El Pibe Valderrama,La experiodista y candidata presidencial supuestamente interrogó al futbolista sobre política pero no existe registro alguno de tal conversación.,20/05/2025,Falso,https://colombiacheck.com/chequeos/entrevistas-de-vicky-davila-al-pibe-valderrama-sobre-gobierno-actual-fueron-creadas-con-ia
ministro de Hacienda de Colombia anuncia aumento en el precio de la gasolin,Desde el Gobierno no han hecho tal anuncio y por el contrario desmintieron la desinformación que se le atribuye a Ricardo Bonilla.,26/09/2024,Falso,https://colombiacheck.com/chequeos/ministro-de-hacienda-no-ha-dicho-que-aumentara-la-gasolina-18000-por-no-subirle-al-acpm
Vicky Dávila trinó que Petro era culpable de eutanasia de Javier Acosta,El pantallazo que circula en redes sociales es un montaje. La misma directora de Semana lo desmintió en su cuenta de X.,02/09/2024,Falso,https://colombiacheck.com/chequeos/vicky-davila-no-publico-trino-en-el-que-culpa-petro-de-la-eutanasia-de-javier-acosta
Iván Cepeda dice que no irá a debates,El senador y precandidato presidencial del Pacto Histórico no ha dicho que no asistirá sino que prefiere discutir propuestas no intercambiar insultos.,06/11/2025,Falso,https://colombiacheck.com/chequeos/falsas-negativas-debates-atribuidas-ivan-cepeda-siguen-alentando-estigma-que-lo-liga-las
Nicolás Maduro no votó en las elecciones según las actas de la oposición,Estos comprobantes solo muestran el total de votos en una mesa electoral y en el caso de Maduro si no aparece su acta es porque la oposición no la obtuvo. Usuarios petristas y reconocidos desinformadores del chavismo mueven video para descalificar las actas.,06/08/2024,Falso,https://colombiacheck.com/chequeos/actas-de-escrutinio-publicadas-por-la-oposicion-no-pueden-indicar-si-nicolas-maduro-voto
Durante paro armado del ELN se plantó una mula con explosivos,La imagen data de 2016 y corresponde a una protesta de transportadores no a un hecho violento actual.,24/12/2025,Falso,https://colombiacheck.com/chequeos/foto-de-una-mula-en-la-carretera-es-vieja-y-no-corresponde-un-atentado-con-explosivos
83% de las actas de la oposición no tienen metadatos,El influenciador colombiano David Porras insiste en cuestionar las constancias de escrutinio con desinformación que repite los ataques del régimen de Maduro.,22/08/2024,Falso,https://colombiacheck.com/chequeos/falta-de-metadatos-en-actas-publicadas-por-la-oposicion-venezolana-no-es-prueba-de
Miguel Polo Polo dice que Abelardo de la Espriella privatizará la educación,La grabación corresponde a una intervención de 2021 y no guarda relación con la actual campaña presidencial.,17/06/2026,Cuestionable,https://colombiacheck.com/chequeos/video-viejo-donde-polo-polo-habla-de-privatizar-la-educacion-circula-como-si-fuera
Nayib Bukele criticó a Daniel Noboa en su discurso de posesión presidencial,Un audio manipulado con la voz del presidente de El Salvador publicado en una cuenta paródica desinforma sobre la relación entre los mandatarios.,13/06/2024,Falso,https://colombiacheck.com/chequeos/supuesto-audio-con-criticas-de-bukele-al-presidente-de-ecuador-seria-montaje-con
Iván Cepeda convoca en video a milicias universitarias,El ‘deepfake’ altera un discurso del candidato presidencial izquierdista que en realidad trata sobre la búsqueda de un acuerdo nacional pacífico.,19/06/2026,Falso,https://colombiacheck.com/chequeos/video-manipulado-con-ia-acusa-ivan-cepeda-de-hacer-llamado-violento-milicias
"Gobierno Petro ha creado medio millón de empresas, mismas que Duque cerró",El presidente difundió un trino de una cuenta desinformadora que tras críticas de Fenalco defendió al gobierno con cifras fuera de contexto.,08/10/2024,Cuestionable,https://colombiacheck.com/chequeos/medio-millon-de-empresas-creadas-con-las-que-petro-saca-pecho-en-realidad-muestra-una
este gobierno no tenga los recursos del presupuesto nacional,Cortaron un discurso de la senadora en el cual acusó a la actual administración de usar el presupuesto nacional para llenar “los bolsillos de sus congresistas corruptos”.,23/05/2025,Cuestionable,https://colombiacheck.com/chequeos/paloma-valencia-hablo-de-evitar-el-acceso-del-gobierno-petro-recursos-pero-para-la
Quitan la bandera de Colombia para poner la de Palestina en Casa de Nariño,La foto original es de un asta vacía en la sede de Gobierno. Lina Garrido la publicó con una pregunta retórica como crítica a Petro por sus posiciones sobre Gaza y Venezuela.,17/09/2025,Falso,https://colombiacheck.com/chequeos/derechistas-difunden-montaje-de-bandera-palestina-en-lugar-de-la-colombiana-en-la-casa-de
Trump estudia invadir Colombia por vínculos de Petro con cárteles,El avatar generado con inteligencia artificial se dedica a difundir mentiras y tergiversaciones en contra de los presidentes de izquierda de América Latina.,10/03/2025,Falso,https://colombiacheck.com/chequeos/tiktoker-creada-con-ia-desinforma-sobre-supuesta-intervencion-militar-de-trump-contra
"Yo no creo en Dios, eso es pura carreta",Una entrevista del candidato fue alterada con inteligencia artificial. En la conversación real el precandidato presidencial contó cómo se había convertido luego de ser ateo.,23/12/2025,Falso,https://colombiacheck.com/chequeos/de-la-espriella-no-admitio-que-es-carreta-que-cree-en-dios-el-video-fue-manipulado-con-ia
Centro Democrático hundió ley de financiamiento que favorecía al Icetex,El proyecto rechazado por varios partidos no incluía esa medida. La desinformación usa una foto de Uribe con indicios de uso de IA.,07/03/2025,Falso,https://colombiacheck.com/chequeos/centro-democratico-no-hundio-ley-de-financiamiento-que-reducia-0-los-intereses-del-icetex
"Portada de Semana ""La candidata que une a Colombia Paloma Valencia""",La imagen corresponde a un montaje. La edición real fue publicada el 25 de abril y llevó por título “Las alianzas de Paloma”.,08/05/2026,Falso,https://colombiacheck.com/chequeos/semana-no-publico-portada-de-paloma-valencia-titulada-la-candidata-que-une-colombia
Adele salió con una bandera de Colombia en apoyo a Petro y a Gaza,La cantante sostuvo el tricolor nacional en un concierto en Las Vegas en septiembre de 2023 porque un fan se la regaló. No hubo ningún gesto o palabra sobre el presidente ni su apoyo a Palestina.,14/08/2025,Falso,https://colombiacheck.com/chequeos/video-de-adele-con-la-bandera-de-colombia-es-viejo-y-no-tiene-nada-que-ver-con-petro-ni-0
"imagen de una valla que dice ""Uribe a la cárcel. Córdoba te odia""",La imagen de la pancarta fue manipulada digitalmente y se basa en otra que fue publicada en 2020 con el mensaje “Uribe en libertad Córdoba te apoya”.,06/08/2025,Falso,https://colombiacheck.com/chequeos/montaje-de-valla-uribe-en-la-carcel-cordoba-te-odia-fue-hecho-sobre-otro-con-el-mensaje
Al que llevaba esta bandera Fuera Petro lo cogieron queriéndose colar,Reportes de noticias y diferencias en los tatuajes y las camisetas de los dos hombres prueban que son distintas personas.,19/07/2024,Falso,https://colombiacheck.com/chequeos/hincha-agredido-por-policia-en-la-final-de-la-copa-america-no-fue-el-de-la-bandera-de
Las EPS prestarían mejor servicio si los usuarios no se enfermarán: Miguel,No existe registro de la supuesta declaración. Se trata de un montaje con la identidad gráfica de la emisora para atacar al senador y precandidato presidencial.,19/02/2025,Falso,https://colombiacheck.com/chequeos/miguel-uribe-no-dijo-en-w-radio-que-eps-prestarian-mejor-servicio-si-los-usuarios-no-se
Ministerio de Educación ofrece cursos de grado gratis de educación infantil,La publicación ofrece una titulación gratuita en educación infantil en solo cuatro semanas pero lleva a un sitio web con alerta de ‘phishing’.,21/06/2024,Falso,https://colombiacheck.com/chequeos/anuncio-de-facebook-sobre-supuesto-curso-de-mineducacion-podria-ser-una-carnada-para-robar
Video reciente de Petro llegando al Catatumbo,Cuentas petristas mueven el video viejo como si fuera reciente para defender al presidente de las críticas por la actual crisis del conflicto armado en esa región de Norte de Santander.,22/01/2025,Falso,https://colombiacheck.com/chequeos/este-video-de-recibimiento-petro-en-visita-al-catatumbo-es-de-inicios-de-su-gobierno
Álvaro Uribe es abucheado en la universidad Agustiniana,Ocurrió en abril de 2024. La desinformación movida por cuentas petristas se suma a otras tergiversaciones similares contra el expresidente.,02/09/2025,Cuestionable,https://colombiacheck.com/chequeos/video-de-uribe-abucheado-en-uniagustiniana-es-viejo-y-no-despues-de-salir-de-su-casa-por
Imagen muestra a Julio Nava como habitante de calle junto a Petro,La imagen falsa se basa en fotografías del presidente y del cantante (aspirante a la Cámara por la oposición) que fueron tomadas en fechas y contextos diferentes.,26/12/2025,Falso,https://colombiacheck.com/chequeos/montaje-de-petro-junto-julio-nava-como-habitante-de-calle-fue-generado-con-ia
"""Me voy a portar bien para que no me extraditen"": Armando Benedetti",No hay registros de esas declaraciones en medios confiables ni en las redes sociales del ministro del Interior.,15/07/2026,Falso,https://colombiacheck.com/chequeos/armando-benedetti-no-ha-dicho-me-voy-portar-bien-para-que-no-me-extraditen
En una mesa donde votaron 85 personas le pusieron 528 votos a Abelardo,Es un montaje. El formulario original de la Registraduría muestra 22 votos para De la Espriella en esa mesa no 528.,01/06/2026,Falso,https://colombiacheck.com/chequeos/cuentas-petristas-difunden-e-14-falso-donde-de-la-espriella-tiene-un-supuesto-tachon-de
Edmundo Gutiérrez juró como presidente tras captura de Nicolás Maduro.,Las imágenes son de 2025 cuando Ecuador le impuso una medalla al reconocido por ese país como presidente de Venezuela quien no ha podido asumir el cargo.,13/01/2026,Falso,https://colombiacheck.com/chequeos/video-de-condecoracion-edmundo-gonzalez-circula-como-falsa-juramentacion-de-mandato-post
Gustavo Petro consiguió cargo de asesor internacional en México,Publicaciones en Facebook lo promocionan con un supuesto cargo sobre justicia social y transición energética. No hay evidencia de ese nombramiento.,09/09/2026,Falso,https://colombiacheck.com/chequeos/petro-viajo-mexico-para-dar-una-conferencia-en-la-unam-no-para-asumir-como-asesor
Álvaro Uribe: Bajar la gasolina trae pobreza,No hay registro de que el exmandatario haya calificado el ajuste de esa manera. Aunque sí lo consideró como una estrategia “electorera”.,22/01/2026,Cuestionable,https://colombiacheck.com/chequeos/uribe-ha-criticado-baja-en-precio-de-la-gasolina-pero-no-ha-dicho-que-trae-pobreza
RTVC ahora contrata actores para entrevistas a favor del gobierno Petro,Quien aparece en ambas imágenes es Manuel José Chitiva representante de los pequeños y medianos transportadores. Se trató de un error en la digitación del nombre del entrevistado en uno de los programas de RTVC.,12/09/2024,Falso,https://colombiacheck.com/chequeos/esta-imagen-no-demuestra-que-rtvc-uso-actores-para-sus-entrevistas-sobre-el-paro-camionero
frases de la juez del caso URIBE,Es mentira que la funcionaria que halló culpable a Uribe haya dicho que Cepeda le entregó lujos al testigo Monsalve o que el reloj espía fue alterado pero era válido.,30/07/2025,Falso,https://colombiacheck.com/chequeos/cuentas-uribistas-atacan-jueza-heredia-con-frases-apocrifas-tergiversadas-o-sacadas-de
Imagen muestra a Álvaro Uribe junto a Pablo Escobar y Carlos Lehder,La imagen fue intervenida con fines humorísticos por un caricaturista en 2013 y ha sido difundida sin contexto en redes sociales desde entonces.,07/04/2025,Falso,https://colombiacheck.com/chequeos/revive-montaje-que-pone-alvaro-uribe-en-foto-junto-pablo-escobar-y-carlos-lehder
Gustavo Petro anunció un medicamento capaz de curar la diabetes,El audiovisual muestra el desmayo de una funcionaria danesa que no tiene relación con la supuesta epidemia y le atribuye falsamente la invención del medicamento a Manuel Elkin Patarroyo.,24/05/2024,Falso,https://colombiacheck.com/chequeos/video-sobre-cura-ficticia-de-la-diabetes-falsifica-voces-de-petro-y-de-un-periodista-de
Abelardo de la Espriella empieza a deportar venezolanos de Colombia,Una grabación que circula en redes sociales como supuesta prueba de los operativos de deportación de venezolanos recientemente ordenados por el presidente Abelardo de la Espriella fue registrada realmente en Cúcuta hace ocho años.,11/09/2026,Falso,https://colombiacheck.com/chequeos/video-de-migrantes-trasladados-en-camiones-no-corresponde-gobierno-de-la-espriella-es-de
Encuesta presidencial de Polymarket: Paloma Valencia lidera,Impacto Huila Noticias saca de contexto cifras de Polymarket como si fueran una muestra de intención de voto a favor de la candidata presidencial uribista.,23/05/2026,Cuestionable,https://colombiacheck.com/chequeos/pagina-huilense-de-facebook-preve-triunfo-de-valencia-con-base-en-datos-de-portal-de
"Foto del ""Ñeñe"" Hernández en el matrimonio de Abelardo de la Espriella",La imagen es de la boda de la exreina Paula Andrea Betancourt con Luis Miguel Zabaleta quienes posan con el investigado ganadero y su esposa María Mónica Urbina.,07/04/2026,Falso,https://colombiacheck.com/chequeos/el-hombre-en-esta-foto-con-el-nene-hernandez-es-un-medico-no-abelardo-de-la-espriella
Petro recibe lluvia de huevo,La grabación ya había sido compartida en 2023 como si fuera reciente pero fue en un acto de campaña de Carlos Caicedo a la Gobernación del Magdalena.,02/01/2025,Cuestionable,https://colombiacheck.com/chequeos/este-video-en-el-que-lanzan-huevos-petro-es-de-2019-cuando-fungia-como-senador
Gobierno de De la Espriella retira 187 televisores de celdas de cárceles,Esto ocurrió en Costa Rica no en Colombia. Las medidas fueron anunciadas por el ministro de Justicia de ese país en julio de 2026.,13/08/2026,Falso,https://colombiacheck.com/chequeos/retiro-de-televisores-y-prohibicion-de-visitas-intimas-en-carceles-no-son-medidas-del
El presidente Petro quiere traer a Colombia 40.000 médicos cubanos,Una vez más suplantaron la imagen del diario para engañar con esta vieja narrativa. No existen registros que respalden la información.,02/07/2025,Falso,https://colombiacheck.com/chequeos/el-tiempo-no-publico-noticia-de-que-petro-quiere-traer-colombia-40000-medicos-cubanos
Petro está transportando en aviones militares a todos los indígenas,La grabación es de 2023 cuando la Guardia Indígena se sumó a la Operación Esperanza para buscar a cuatro niños perdidos en la selva tras un accidente aéreo.,17/09/2024,Falso,https://colombiacheck.com/chequeos/video-de-indigenas-subiendo-un-avion-militar-no-es-para-ir-marcha-de-petro-del-19-de
Video muestra a Uribe elogiando a Carolina Corcho,El expresidente hablaba de Paola Holguín en una entrevista de 2013. El audiovisual fue manipulado y difundido por cuentas petristas.,10/10/2025,Falso,https://colombiacheck.com/chequeos/viejo-video-de-alvaro-uribe-fue-editado-para-hacerlo-parecer-un-elogio-carolina-corcho
La Fundación Santa Fe comunica que falleció el senador Miguel Uribe,Se trata de un documento falso que difundió una cuenta que suplanta a la clínica del norte de Bogotá. El congresista continúa luchando por su vida.,17/06/2025,Falso,https://colombiacheck.com/chequeos/fundacion-santa-fe-no-anuncio-fallecimiento-del-senador-miguel-uribe-este-17-de-junio-en
Exguerrilleros de las FARC fueron indultados por reclutamiento de menores,Rodrigo Londoño y Pastor Alape hacen parte de los seis exintegrantes del Secretariado de la extinta guerrilla imputados por la JEP por los crímenes de reclutamiento y utilización de menores dentro del conflicto armado los cuales no son indultables.,05/03/2026,Falso,https://colombiacheck.com/chequeos/exguerrilleros-de-las-farc-no-fueron-indultados-por-el-delito-de-reclutamiento-de-menores
USA va a bloquear las cuentas de inmigrantes el 30 de mayo,Tampoco existe ningún decreto llamado “Protocolo 88” ni registros de esta supuesta medida en los decretos órdenes ejecutivas ni otras acciones presidenciales de la Casa Blanca.,06/06/2025,Falso,https://colombiacheck.com/chequeos/gobierno-de-trump-no-bloqueo-el-acceso-las-cuentas-bancarias-de-los-migrantes-en-estados
Fenalco y ANDI arremeten contra magistrado Juan Camilo Morales,La pieza que circula en redes sociales hace parte de las desinformaciones que buscan atacar al magistrado que firmó el auto de suspensión provisional del decreto que fijó el salario mínimo para 2026.,19/02/2026,Falso,https://colombiacheck.com/chequeos/supuesta-arremetida-de-gremios-contra-magistrado-juan-camilo-morales-es-una-parodia
CORTE CONSTITUCIONAL FRENA A PETRO PARA CONVOCAR CONSULTA POPULAR POR DECRE,La desinformación surgió por un concepto que entregó una auxiliar desautorizada luego por el tribunal y que difundió la congresista verde Katherine Miranda.,04/06/2025,Falso,https://colombiacheck.com/chequeos/corte-constitucional-no-ha-frenado-la-convocatoria-consulta-popular-por-decreto-que
Propaganda radial de disidencias de las Farc se emitió por emisoras de paz,Un video muestra el uso de una emisora clandestina del grupo armado para reclutar pero fue relacionado falsamente con una radio pública creada en virtud del Acuerdo de 2016.,04/04/2025,Falso,https://colombiacheck.com/chequeos/emisora-de-paz-fue-estigmatizada-con-desinformacion-sobre-transmision-de-disidencias-en
"Video de multitud gritando ""Fuera, Petro"" en un partido de Millonarios",El audio no coincide con los movimientos. El cántico de los hinchas era sobre fútbol según confirmó la persona que hizo la grabación original.,30/04/2026,Falso,https://colombiacheck.com/chequeos/uribistas-montan-arenga-de-fuera-petro-en-video-de-tribuna-de-millonarios-contra-boston
Caja con papeletas electorales en calle de Miami es sabotaje de elecciones,Los votos anticipados se cayeron de un camión por un error humano. Los sellos estaban intactos y nada fue adulterado o dañado según las autoridades.,05/11/2024,Falso,https://colombiacheck.com/chequeos/caja-de-papeletas-hallada-en-miami-no-prueba-intento-de-sabotaje-elecciones-de-eeuu
Uribe pide a Fuerza Pública obedecer Constitución antes que al presidente,La grabación es de mayo de 2025 y cuestiona a Gustavo Petro por unas declaraciones en Barranquilla sobre el papel de la Fuerza Pública en las protestas sociales.,06/08/2026,Cuestionable,https://colombiacheck.com/chequeos/video-de-uribe-llamando-la-fuerza-publica-obedecer-la-constitucion-es-viejo-y-no-tiene
Gustavo Petro trina sobre muerte del narcotraficante alias 'El Mencho',El trino que circula fue publicado por una cuenta que parodia al presidente Gustavo Petro. Hasta ahora el mandatario no se ha pronunciado sobre la muerte del líder del Cártel Jalisco Nueva Generación (CJNG).,23/02/2026,Falso,https://colombiacheck.com/chequeos/petro-no-confundio-alias-el-mencho-con-imitador-de-rafael-orozco
Encuesta de intención de voto da 83% a Abelardo de la Espriella,En las mediciones realizadas en marzo el porcentaje más alto que obtuvo el candidato presidencial de ultraderecha fue el 27 9%.,17/04/2026,Falso,https://colombiacheck.com/chequeos/falsa-encuesta-otorga-un-83-de-intencion-de-voto-abelardo-de-la-espriella
El Gobierno de Gustavo Petro tomará la plata de las cuentas de ahorro,Se hicieron virales videos viejos de Petro hablando de las inversiones forzosas pero nada que ver con sacarle sus ahorros. Aquí le explicamos bien cómo es la vuelta.,24/11/2025,Cuestionable,https://colombiacheck.com/chequeos/el-gobierno-va-sacarnos-la-plata-de-la-cuenta-de-ahorros-como-dicen-en-tiktok
"Profesor petrista de Fecode, Freddy Castellanos, del Hogar Infantil Canadá",Los contratistas de Bienestar Familiar no hacen parte del sistema educativo estatal. El sindicato de maestros desmintió la supuesta relación.,16/05/2025,Falso,https://colombiacheck.com/chequeos/freddy-castellanos-acusado-de-abuso-infantil-en-un-jardin-del-icbf-no-pertenece-fecode
Elsa Noguera dijo que eliminará actos administativos de Petro sobre peajes,No hay registro de la supuesta advertencia en medios ni en sus redes oficiales. La ministra designada de Transporte sí cuestionó en entrevistas la reducción de las tarifas de los peajes pero no dijo lo que le atribuyen.,29/07/2026,Falso,https://colombiacheck.com/chequeos/elsa-noguera-no-dijo-que-eliminara-actos-de-petro-para-devolver-peajes-sarmiento-angulo
Reclamaciones en Salud han disminuido en EPS intervenidas por Supersalud,El presidente usa gráficas del último trimestre de 2024 para mostrar una supuesta mejora de atención pero la tendencia mayoritaria ha sido de aumento en las PQRS.,17/01/2025,Cuestionable,https://colombiacheck.com/chequeos/petro-tapa-aumento-de-quejas-en-eps-intervenidas-con-cifras-de-reduccion-temporal-por-fin
Gustavo Petro es el primer presidente que va al Catatumbo,Uribe Santos y Duque también visitaron la región. La desinformación utiliza como actual el video de un viaje que el presidente hizo en 2022 no del más reciente.,22/01/2025,Falso,https://colombiacheck.com/chequeos/es-falso-que-petro-sea-el-primer-presidente-que-visita-el-catatumbo-como-afirman-perfiles
Imputado por camión bomba en Cali hace parte de la Primera Línea,Las imágenes manipuladas circulan con mensajes en redes que vinculan a alias ‘Sebastián’ con el gobierno actual y las ‘primeras líneas’ de las protestas contra el de Iván Duque.,29/08/2025,Falso,https://colombiacheck.com/chequeos/montajes-de-imputado-por-bomba-en-cali-con-camisetas-de-petro-y-francia-marquez-habrian
Video de ELN presionando votos por Iván Cepeda,La grabación con la que impulsan la narrativa que asocia al candidato presidencial con el grupo ilegal en realidad es de abril de 2025 y no lo menciona.,20/06/2026,Falso,https://colombiacheck.com/chequeos/video-de-presion-del-eln-indigenas-es-viejo-no-tiene-relacion-con-campana-de-cepeda
Viaducto El Gran Manglar gracias a Petro,Esta obra fue contratada e inaugurada durante el gobierno de Juan Manuel Santos. El viaducto está ubicado sobre la Ciénaga de la Virgen en Cartagena.,27/11/2024,Falso,https://colombiacheck.com/chequeos/viaducto-el-gran-manglar-no-es-una-obra-del-gobierno-petro-como-dan-entender-en-redes
Indígenas llegan a Bogotá para marcha a favor de Petro y llenar Plaza,La imagen publicada en redes por cuentas desinformadoras y personalidades como la exvicepresidenta Marta Lucía Ramírez fue captada en Medellín en 2023 y es de indígenas embera pidiendo limosna en esa ciudad. Hace parte de un trabajo periodístico del periódico El Colombiano.,02/05/2024,Falso,https://colombiacheck.com/chequeos/con-foto-de-drama-de-indigenas-embera-en-medellin-desinforman-sobre-la-marcha-del-1-de
Chats del joven que atentó contra Miguel Uribe Turbay,Las conversaciones fueron publicadas horas antes del ataque y se conoce que son de unos jóvenes involucrados presuntamente con el hurto de vehículos en la capital paisa.,09/06/2025,Falso,https://colombiacheck.com/chequeos/chats-que-caracol-relaciono-con-el-atentado-contra-miguel-uribe-son-de-otro-suceso-en
Sura y Sanitas se reunieron con Petro y lo pusieron contra las cuerdas,Ya desmentimos esta cadena en marzo de 2024. Contrario a lo que dice el texto el gobierno intervino Sanitas y le negó a Sura su retiro del sistema de salud.,13/02/2025,Falso,https://colombiacheck.com/chequeos/revive-desinformacion-sobre-supuesta-reunion-en-la-que-dos-eps-pusieron-petro-contra-las
Petro dice que está haciendo un pacto con Satanás,El audio editado que circula en redes toma fragmentos de un discurso que dio como precandidato presidencial por Colombia Humana en septiembre de 2021 en Barranquilla.,16/05/2024,Falso,https://colombiacheck.com/chequeos/audio-en-el-que-supuestamente-petro-dice-que-esta-haciendo-un-pacto-con-satanas-es-un
Petro tiene una favorabilidad del 84%,En las más recientes encuestas el presidente marca alrededor del 40%. Desde que asumió el cargo nunca ha superado el 62%.,26/06/2024,Falso,https://colombiacheck.com/chequeos/favorabilidad-de-petro-no-es-del-84-como-afirman-publicaciones-en-x
Esposa de Miguel Uribe no llegó en ambulancia a Clínica Santa Fe,El video usado para alimentar la narrativa de un montaje es de la llegada de Tarazona a Medicentro donde el senador fue atendido antes que en la Santa Fe.,16/07/2025,Falso,https://colombiacheck.com/chequeos/esposa-de-miguel-uribe-llego-pie-una-clinica-y-en-ambulancia-otra-no-mintio-en-entrevista
Una persona fallecida fue jurado de votación en las elecciones de 2026,El formulario E-14 que circula como supuesta prueba tiene un dígito menos en el número de cédula por un error de escritura. El número correcto pertenece a un ciudadano vivo.,15/07/2026,Falso,https://colombiacheck.com/chequeos/no-es-cierto-que-una-persona-fallecida-fue-jurado-de-votacion-en-estados-unidos-durante-la
Que Vicky Dávila no se confunda conmigo: Iván Name,En redes se le atribuye esta declaración al presidente del Senado involucrado en el escándalo de corrupción de la UNGRD que reveló Semana medio que dirige la periodista.,08/05/2024,Falso,https://colombiacheck.com/chequeos/ivan-name-no-amenazo-vicky-davila-con-revelar-como-lava-el-dinero-del-narcotrafico-de-los
Gobierno Petro anunció 5000 millones de dólares para reconstruir Gaza,Un perfil de X conocido por generar información falsa usó declaraciones del canciller Luis Gilberto Murillo para inventar una supuesta inversión que realmente no fue anunciada.,20/11/2024,Falso,https://colombiacheck.com/chequeos/gobierno-petro-no-anuncio-5000-millones-de-dolares-para-reconstruccion-de-gaza
soy responsable de la vida y dignidad de un millón de venezolanos,El presidente aseguró en un trino que es “responsable de la vida y dignidad de un millón de venezolanos” pero los datos de su propio gobierno son que hay 2 8 millones de migrantes en el país.,17/01/2025,Falso,https://colombiacheck.com/chequeos/petro-habla-de-un-millon-de-migrantes-venezolanos-en-colombia-cuando-la-cifra-es-casi-el
Gobierno Petro paga salario de 1700000 a soldados regulares.,La imagen viral exagera el aumento otorgado por la administración actual a la bonificación de los uniformados con una gráfica basada en cifras falsas.,01/08/2025,Falso,https://colombiacheck.com/chequeos/medio-petrista-difunde-comparacion-mentirosa-entre-sueldos-de-soldados-en-distintos
Todos los guerrilleros de las FARC serán atendidos en el Hospital Militar,La atención no será para todos los exguerrilleros incluidas las disidencias sino para firmantes del Acuerdo de Paz en condición de discapacidad para su rehabilitación por lesiones de guerra.,29/05/2024,Cuestionable,https://colombiacheck.com/chequeos/publicaciones-desinforman-sobre-atencion-exmiembros-de-las-farc-en-el-hospital-militar-de
Llegan buses con personas a Bogotá para apoyar a Petro y le están pagando,La grabación corresponde a las movilizaciones del 1 de mayo de 2024 en Bogotá en apoyo a las reformas del gobierno Petro.,18/03/2025,Cuestionable,https://colombiacheck.com/chequeos/este-video-de-personas-recibiendo-refrigerios-no-es-de-las-marchas-de-este-martes-18-de
Su muerte a manos del régimen no quedará impune,Ni la líder opositora ni su comando de campaña han emitido notas de condolencias por la muerte del criminal abatido por las fuerzas de seguridad venezolanas.,27/01/2025,Falso,https://colombiacheck.com/chequeos/no-maria-corina-machado-y-su-comando-no-emitieron-nota-lamentando-la-muerte-del-criminal
El gobierno Duque dejó una deuda Fondo de Combustibles por 65 billones,El influenciador petrista infló la cifra del déficit en el FEPC y cometió otras imprecisiones al respecto como el hueco fiscal que aún resta por cubrir.,09/07/2024,Cuestionable,https://colombiacheck.com/chequeos/duque-no-dejo-deuda-de-65-billones-en-fondo-de-combustible-como-dijo-celso-tete-crespo
Procuraduría confirmó fraude electoral a través de alerta tras elecciones.,La entidad no validó la tesis de una irregularidad sistémica en los comicios; sólo advirtió sobre personas que se están haciendo pasar por funcionarios en Amazonas.,25/03/2026,Falso,https://colombiacheck.com/chequeos/procuraduria-alerto-sobre-suplantadores-no-le-dio-la-razon-petro-sobre-supuesto-fraude
Bukele tiene una aprobación del 87% y Petro una desaprobación del 87%,El presidente de El Salvador tiene una popularidad incluso mayor que la expuesta en la gráfica y el balance negativo del mandatario colombiano no es tan alto.,15/05/2024,Cuestionable,https://colombiacheck.com/chequeos/imagen-que-compara-aprobacion-y-desaprobacion-de-bukele-y-petro-usa-datos-cuestionables
Foto muestra a Abelardo De La Espriella disfrazado de Hello Kitty,Armando Benedetti el caricaturista Matador y otras cuentas afines al gobierno Petro atacan al precandidato de la derecha con publicaciones y montajes en las que lo comparan con la caricatura Hello Kitty,14/11/2025,Falso,https://colombiacheck.com/chequeos/con-foto-hecha-con-ia-petristas-amplifican-narrativa-homofobica-en-contra-de-abelardo-de
10 de cada 10 colombianos aprueban la gestión de Petro,Se trata de un montaje a partir de otra pieza de redes sociales. La aprobación de Petro no sobrepasa el 50% en las encuestas más recientes.,19/12/2025,Falso,https://colombiacheck.com/chequeos/no-es-cierto-que-la-gestion-de-gustavo-petro-tenga-una-aprobacion-del-99
Video de centro comercial lleno por temporada navideña de 2024 en Colombia,El clip de un edificio lleno de gente haciendo compras es usado para defender la gestión económica de Gustavo Petro pero en realidad fue grabado en una ciudad cerca de Hong Kong.,27/12/2024,Falso,https://colombiacheck.com/chequeos/este-video-es-de-china-no-de-un-centro-comercial-en-colombia-como-dicen-cuentas-petristas
Iván Cepeda dijo que en su presidencia eliminará el Banco de la República,No hay evidencia de que el precandidato presidencial del Pacto Histórico haya hecho esa declaración. La pieza manipula una publicación del medio de comunicación sobre otro tema.,28/01/2026,Falso,https://colombiacheck.com/chequeos/montaje-el-tiempo-atribuye-cepeda-falsa-promesa-de-eliminar-el-banco-de-la-republica
Contrato de Miguel Uribe con la UNGRD lo incrimina en caso de corrupción,El vínculo con Gestión del Riesgo existió pero en 2020 durante el gobierno Duque. No se relaciona con el escándalo del gobierno actual por hechos de 2023 y 2024.,14/08/2025,Cuestionable,https://colombiacheck.com/chequeos/viejo-contrato-de-miguel-uribe-con-ungrd-es-sacado-de-contexto-para-insinuar-corrupcion
Foto de Alvaro Uribe junto a Pablo Escobar,Esta imagen varias veces desmentida volvió a circular tras las críticas del expresidente colombiano al régimen de Maduro por su tercera posesión.,13/01/2025,Falso,https://colombiacheck.com/chequeos/periodista-chavista-revive-montaje-de-foto-en-el-que-aparece-alvaro-uribe-junto-pablo
Video donde Gustavo Petro dice que recogerá firmas para la Constituyente,Petro pronunció esas palabras el 27 de mayo cuatro días antes de la primera vuelta y ocho días antes de que el comité promotor anunciara la suspensión del proceso de recolección de firmas.,10/06/2026,Cuestionable,https://colombiacheck.com/chequeos/video-en-que-petro-pide-firmas-para-la-constituyente-es-anterior-la-primera-vuelta-no-de
"Video de Juan Quilcué, el hijo de Aida Quilcué, pisando a una mujer",La candidata a la vicepresidencia del Pacto Histórico no tiene un hijo llamado Juan. Solo tiene una hija Alejandra Legarda Quilcué.,11/06/2026,Falso,https://colombiacheck.com/chequeos/abelardistas-inventan-juan-quilcue-supuesto-hijo-de-aida-quilcue-usando-imagenes-del
Karol G hizo un jingle con el que pide votar por la oposición en Venezuela,"Ni es cierto que Maduro tenga una canción de Karol G para su campaña electoral (como insinuó el propio gobernante y ya verificamos) ni tampoco es cierto que la artista colombiana haya grabado un jingle para la Plataforma Unitaria: este tipo de temas musicales puede desarrollarse actualmente con inteligencia artificial a partir de la voz real de los intérpretes. ""La música de Karol nunca ha sido usada con esos propósitos (políticos)"" declaró recientemente su vocería oficial.",24/07/2024,Falso,https://colombiacheck.com/chequeos/karol-g-pidio-votar-por-la-manito-de-la-oposicion-en-un-jingle
Marbelle dijo que se iba del país si no ganaba Abelardo De La Espriella,La frase atribuida a la cantante es inventada. No existe registro en sus redes sociales ni en medios de comunicación que respalde esa supuesta declaración.,01/12/2025,Falso,https://colombiacheck.com/chequeos/marbelle-no-dijo-que-dejaria-colombia-si-abelardo-de-la-espriella-pierde
PETRO AMENAZA CON SACAR A COLOMBIA DEL MUNDIAL SI JUEGA ISRAEL,No hay registro de tales declaraciones aunque personas expertas han recomendado vetar a la selección israelí por el denunciado genocidio en Gaza.,25/09/2025,Falso,https://colombiacheck.com/chequeos/falsa-amenaza-petro-no-ha-dicho-que-sacaria-colombia-del-mundial-de-futbol-si-juega-israel
Donald Trump ya no camina,Grabaciones recientes desmienten la supuesta discapacidad. Las imágenes de supuestos tropiezos y caídas del presidente de Estados Unidos son artificiales.,15/10/2025,Falso,https://colombiacheck.com/chequeos/trump-si-puede-caminar-video-de-ia-desinforma-sobre-su-insuficiencia-venosa-al-afirmar-lo
aprecio que el pueblo colombian y sus representantes (Alvaro Uribe),El presidente de Estados Unidos no hizo ninguna referencia al exmandatario colombiano ni a Petro en el contexto de su declaración al respecto.,04/02/2025,Cuestionable,https://colombiacheck.com/chequeos/trump-no-se-refirio-uribe-como-representante-de-colombia-que-actuo-bien-en-crisis
Foto de la jueza Sandra Heredia con Iván Cepeda y Gustavo Petro,La supuesta foto ha sido difundida desde el 28 de julio día de la audiencia de lectura del sentido del fallo contra el expresidente Álvaro Uribe Vélez.,04/08/2025,Falso,https://colombiacheck.com/chequeos/magen-de-jueza-sandra-heredia-abrazada-con-ivan-cepeda-mientras-petro-aplaude-es-un-ataque
No a las caravanas en Bogotá,La grabación data de 2023 y corresponde a la movilización de la minga para participar en otra manifestación del presidente Petro ese año.,17/03/2025,Cuestionable,https://colombiacheck.com/chequeos/este-video-de-indigenas-en-parque-tercer-milenio-en-bogota-no-es-de-marchas-para-este-18
Noticias Caracol publicó sobre costo de casa de Antonella Petro en Londres,No hay registros de que el medio haya hecho esta publicación. Se trata de un montaje realizado por una cuenta desinformadora de X.,17/09/2024,Falso,https://colombiacheck.com/chequeos/noticias-caracol-no-publico-que-casa-de-antonella-petro-en-londres-costara-217-millones
"Veteranos del ejército de Estados Unidos, reunidos en contra de Trump",El audiovisual fue grabado en 2023 durante la reunión anual de una organización descrita como apolítica y ha circulado fuera de contexto en ocasiones anteriores.,21/01/2026,Falso,https://colombiacheck.com/chequeos/video-viejo-circula-como-supuesta-protesta-de-veteranos-contra-trump
"No deseamos intervenir, pero estamos preparados para hacerlo",Por Whatsapp circuló una información falsa sobre presuntas medidas que tomaría el Comando Sur de Estados Unidos en caso de que las elecciones del próximo domingo 28 no sean favorables a la oposición. El bulo pretendía desinformar en torno a una supuesta intervención militar en Venezuela.,24/07/2024,Falso,https://colombiacheck.com/chequeos/comando-sur-de-eeuu-no-informo-que-esta-listo-para-intervenir-venezuela-en-caso-de-ser
Encuesta muestra a Iván Cepeda con 57% de intención de voto,Le dan 57% de intención de voto en el estudio hecho para El Tiempo cuando en realidad obtuvo 33%. El candidato no obstante puntea en varias mediciones.,26/01/2026,Falso,https://colombiacheck.com/chequeos/cuentas-petristas-inflan-intencion-de-voto-por-cepeda-en-encuesta-de-guarumo-y
Europa denuncia que Petro está ligado al Cartel de los Soles,El mensaje de un perfil derechista adjunta un video en el que una eurodiputada tampoco dice eso aunque relaciona a Maduro con el narcotráfico colombiano.,17/09/2025,Falso,https://colombiacheck.com/chequeos/trino-atribuye-falsamente-europa-haber-denunciado-petro-como-socio-del-cartel-de-los-soles
Abelardo de la Espriella no tiene ninguna opción de ser presidente,Cuentas afines al precandidato presidencial opositor movieron la suplantación al medio. No existe ningún registro que compruebe que el mandatario dijo esa frase.,22/10/2025,Falso,https://colombiacheck.com/chequeos/imitacion-el-tiempo-hace-falsa-atribucion-petro-sobre-de-la-espriella-no-tiene-ninguna
Corte Suprema exige comparecencia del presidente Petro por traición,La ficción que narra el audiovisual desconoce el fuero presidencial y alienta el pedido de un juicio político igual que otras desinformaciones de la oposición.,16/10/2025,Falso,https://colombiacheck.com/chequeos/influenciador-uribista-difunde-video-sintetico-que-falsea-llamado-de-la-corte-suprema
"Congreso de EE.UU. declaró al Nuevo Testamento de la Biblia, antisemita.",Publicaciones en redes tergiversan un proyecto de ley que busca ampliar la definición de antisemitismo en las normas federales contra la discriminación en los campus universitarios.,21/05/2024,Cuestionable,https://colombiacheck.com/chequeos/congreso-de-eeuu-no-prohibio-el-nuevo-testamento-ni-lo-declaro-antisemita
Video donde Juan Daniel Oviedo cuando era concejal promueve transexualidad,La iniciativa de la que el candidato vicepresidencial hablaba en un video como concejal se refería a proteger a las infancias LGBTIQ+ frente a la discriminación.,26/03/2026,Falso,https://colombiacheck.com/chequeos/oviedo-defendio-un-proyecto-contra-el-acoso-escolar-no-para-promover-la-transexualidad-en
Sergio Fajardo descartó su apoyo a Iván Cepeda,El clip se publicó el 22 de enero de 2026. No prueba un anuncio reciente ni define a quién apoyará el excandidato de Dignidad y Compromiso el 21 de junio.,03/06/2026,Cuestionable,https://colombiacheck.com/chequeos/video-viejo-de-fajardo-sobre-cepeda-se-difunde-como-postura-para-la-segunda-vuelta-2026
Abelardo de la Espriella propone reformar la Constitución,El presidente electo anunció que presentará un acto legislativo para que Barranquilla sea la capital alterna de Colombia no de una Asamblea Constituyente ni de reelección.,29/07/2026,Cuestionable,https://colombiacheck.com/chequeos/propuesta-de-acto-legislativo-que-anuncio-de-la-espriella-no-equivale-al-intento-de
"Abelardo de la Espriella le gana a Iván Cepeda con 59,1% de favorabilidad",La imagen es un montaje que sustituye con porcentajes sin sustento a favor del abogado los que publicó Noticias Caracol de tendencia opuesta con mayor diferencia.,29/12/2025,Falso,https://colombiacheck.com/chequeos/falsa-encuesta-voltea-intencion-de-voto-para-escenario-de-segunda-vuelta-cepeda-vs-de-la
"Que petro perdió las calles, decía la ultraderecha recalcitrante",Las imágenes aéreas corresponden a la movilización del 21 de abril cuando se dirigía desde la Séptima con Calle 12ª hasta la Plaza de Bolívar. En la grabación se pueden observar carteles en contra de la gestión del presidente y la ausencia de una tarima central.,02/05/2024,Falso,https://colombiacheck.com/chequeos/este-video-de-movilizacion-masiva-en-bogota-es-de-la-marcha-opositora-no-de-la-marcha-del
"Petro dijo: ""ordeno a aerolíneas del mundo a restablecer rutas a Venezuela""",El presidente criticó las declaraciones de Donald Trump sobre el cierre del espacio aéreo venezolano e invitó al diálogo.,11/12/2025,Falso,https://colombiacheck.com/chequeos/petro-no-ordeno-las-aerolineas-del-mundo-restablecer-sus-vuelos-hacia-venezuela
Bukele dijo que irá tras Petro y Maduro por los crímenes cometidos,El presidente de El Salvador no ha hecho tales declaraciones. Otra alocución suya fue manipulada con inteligencia artificial para falsearlas.,09/09/2025,Falso,https://colombiacheck.com/chequeos/montaje-con-ia-simula-bukele-pidiendo-capturar-petro-y-maduro-por-cometer-los-mismos
Petro anunció que aportará 700 millones de dólares para reconstruir Gaza,Una cuenta de X afirma falsamente que Petro aportará 700 millones de dólares destinados a construir universidades colegios y hospitales entre otras obras en Gaza.,12/11/2025,Cuestionable,https://colombiacheck.com/chequeos/petro-no-anuncio-inversiones-millonarias-en-infraestructura-para-la-reconstruccion-de-gaza
Video muestra a Macron besando a un hombre en un barco,La publicación viral fue generada a partir de una fotografía real sin beso del presidente de Francia en sus vacaciones publicada en una reconocida revista de ese país.,15/08/2024,Falso,https://colombiacheck.com/chequeos/este-video-de-macron-besando-un-hombre-fue-generado-con-ia
El presidente Gustavo Petro exigió la salida de tropas extranjeras del país,No hay registros en medios ni en los canales oficiales de Presidencia que respalden esta afirmación.,06/06/2025,Falso,https://colombiacheck.com/chequeos/gustavo-petro-no-exigio-tropas-extranjeras-salir-de-colombia
Publican hoja de vida de Enrique Peñalosa para Ministerio de Vivienda,El documento no aparece en la página de aspirantes de Presidencia. Además el presidente Abelardo de la Espriella confirmó que Jaime Andrés Beltrán seguirá al frente de ese ministerio pese a la polémica por la foto de él y su familia en una playa en Santa Marta en medio de la emergencia por el terremoto que sacudió al país.,18/08/2026,Falso,https://colombiacheck.com/chequeos/es-falsa-la-captura-de-pantalla-con-la-publicacion-de-la-hoja-de-vida-de-enrique-penalosa
Le pagamos el doctorado a Claudia López mientras era congresista,No “le pagamos” el doctorado a la precandidata presidencial cuando era senadora por medio de los créditos-beca de la fundación que le financió la maestría en 2001 sin convenio estatal.,30/12/2025,Falso,https://colombiacheck.com/chequeos/claudia-lopez-fue-beneficiaria-de-colfuturo-hace-24-anos-no-cuando-era-congresista
The Wall Street Journal calificó a Donald Trump como el peor presidente,El video utiliza una portada antigua y un guion ficticio para afirmar que el diario señaló al mandatario estadounidense de ser el “peor de la historia moderna”.,21/10/2025,Falso,https://colombiacheck.com/chequeos/cuenta-petrista-difunde-falsa-atribucion-al-wall-street-journal-que-califica-trump-como
Aplausos en Parlamento Europeo por lanzamiento de misiles de Ucrania a Rusi,La grabación muestra una ovación tras la intervención virtual del presidente de Ucrania Volodímir Zelenski durante la conmemoración de los 1.000 días de la invasión rusa a su país.,12/12/2024,Falso,https://colombiacheck.com/chequeos/este-video-no-muestra-europarlamentarios-aplaudiendo-por-lanzamiento-de-misiles-de-ucrania
Petro suspende subsidio a madres cabeza de hogar,Prosperidad Social informó que la medida aplica a hogares vinculados a la Línea Atención de Emergencias de Renta Ciudadana.,06/08/2026,Cuestionable,https://colombiacheck.com/chequeos/suspension-de-pagos-de-valoracion-de-cuidado-para-madres-cabeza-de-hogar-es-para-evitar
Foto muestra a Álvaro Uribe visitando la tumba de Miguel Uribe Turbay,La lápida tiene errores en el nombre y la fecha que delatan la falsedad. La imagen circuló antes de la verdadera visita del expresidente a la sepultura del exsenador asesinado.,02/09/2025,Falso,https://colombiacheck.com/chequeos/una-ia-habria-creado-este-montaje-de-alvaro-uribe-velez-en-la-tumba-de-miguel-uribe-turbay
Salvador Arana confesó que Uribe ordenó asesinato del exalcalde de El Roble,No existe registro de tal testimonio ante esa jurisdicción y la desinformación fue desmentida por el hijo de la víctima. Esta mentira circula desde el año pasado.,10/04/2025,Falso,https://colombiacheck.com/chequeos/salvador-arana-no-ha-confesado-ante-la-jep-que-uribe-ordeno-asesinar-exalcalde-de-el-roble
Álvaro Uribe pide votar por Iván Cepeda,En la grabación original el expresidente agradeció a quienes salieron a marchar contra su condena por manipulación de testigos revocada en segunda instancia.,17/12/2025,Falso,https://colombiacheck.com/chequeos/este-video-fue-manipulado-para-ironizar-sobre-uribe-el-no-pidio-votar-por-ivan-cepeda
"Gobierno Duque desfalcó la salud, ICBF y fondo de estabilización.",La pieza descontextualiza y tergiversa episodios conocidos para señalar ilícitos sobre los que no hay fundamento conocido.,15/12/2025,Cuestionable,https://colombiacheck.com/chequeos/imagen-sobre-supuestos-desfalcos-del-gobierno-duque-mezcla-datos-inconexos-de-forma
Reforma pensional aumenta cotización al 35%,Un dato fuera de contexto que dio la panelista Paola Ochoa en Blu Radio llevó a la difusión de esta desinformación. El proyecto de ley no incluye ese supuesto cambio.,15/05/2024,Falso,https://colombiacheck.com/chequeos/proyecto-de-reforma-pensional-no-propone-aumentar-el-aporte-de-cotizantes-al-35
Pilar Rueda recibió millones de la JEP para tapar delitos de las Farc y ELN,La información sobre el trabajo de la antropóloga esposa de Iván Cepeda en la JEP es pública desde 2018 y la acusación de que encubrió delitos no tiene sustento.,19/06/2026,Falso,https://colombiacheck.com/chequeos/suplantacion-el-espectador-acusa-sin-pruebas-pilar-rueda-de-tapar-delitos-de-farc-y-eln
Mujer en foto con Petro es exgobernadora de La Guajira Oneida Pinto,Se trata de la traductora wayúu que presentó el acto de entrega de una planta potabilizadora de agua en Manaure.,08/05/2024,Falso,https://colombiacheck.com/chequeos/oneida-pinto-no-es-la-mujer-que-sale-junto-petro-en-esta-foto-en-la-guajira
Video muestra la nutrida manifestación del 19 de febrero,La grabación circula como actual pero en realidad es de las marchas que el presidente Gustavo Petro convocó en enero en rechazo a las declaraciones del presidente de Estados Unidos Donald Trump.,24/02/2026,Cuestionable,https://colombiacheck.com/chequeos/este-video-no-es-de-la-marcha-del-19-de-febrero-en-medellin-sino-del-7-de-enero
"Emmanuel Macron dice que ha derrotado a los ""intelectuales progresistas""",El texto falsamente atribuido al actual presidente francés realmente resume declaraciones del exmandatario Nicolás Sarkozy en 2007.,03/07/2024,Falso,https://colombiacheck.com/chequeos/tras-elecciones-en-francia-circula-discurso-apocrifo-de-macron-contra-intelectuales
"Video de cierre de campaña de Abelardo de la Espriella en Líbano, Tolima.",La grabación corresponde a una manifestación en la ciudad de Kargil en el norte de India tras la muerte del líder iraní: el ayatolá Alí Jameneí.,03/03/2026,Falso,https://colombiacheck.com/chequeos/video-de-supuesto-cierre-de-campana-de-abelardo-de-la-espriella-en-libano-tolima-es-de-la
Donald Trump acaba de sufrir un ataque cardiovascular,No hay registros recientes de la supuesta afección del presidente de Estados Unidos. La desinformación está ilustrada posiblemente con el uso de inteligencia artificial según varias herramientas.,27/02/2025,Falso,https://colombiacheck.com/chequeos/trump-no-sufrio-ataque-cardiovascular-y-su-imagen-hospitalizado-tiene-indicios-de-ia
"No me alegra su fallecimiento, pero tampoco me entristece",El clip fue manipulado con inteligencia artificial. El presidente ha reconocido que el atentado al opositor es un fracaso de su gobierno.,14/08/2025,Falso,https://colombiacheck.com/chequeos/montaje-simula-discurso-de-petro-diciendo-que-no-le-alegra-ni-entristece-la-muerte-de
Foto de Iván Cepeda y Aida Quilcué junto a Jesús Santrich,La imagen falsa circula como una supuesta “filtración” pero en realidad fue creada como un meme sobre otra en la que la candidata vicepresidencial no aparece aunque su fórmula sí.,16/04/2026,Falso,https://colombiacheck.com/chequeos/montaje-anade-quilcue-una-foto-de-cepeda-en-la-liberacion-de-santrich-como-si-fuera-su
M-19 de la que fue miembro Petro cometió la masacre de Tacueyó,El fotograma usado salió de un reportaje realizado al Frente Ricardo Franco grupo insurgente realmente responsable del hecho.,25/02/2025,Cuestionable,https://colombiacheck.com/chequeos/la-masacre-de-tacueyo-la-que-corresponde-esta-imagen-no-fue-perpetrada-por-el-m-19
El ACPM saldría más barato si se vendiera por kilo como el cemento,No existe registro de la supuesta declaración. Se trata de otro montaje con la identidad gráfica de un medio para atacar al senador.,16/09/2024,Falso,https://colombiacheck.com/chequeos/miguel-uribe-no-dijo-en-w-radio-que-el-acpm-saldria-mas-barato-si-se-vendiera-por-kilo
María Fernanda Cabal dijo a la W que Jota P Hernández es un oportunista,El montaje imita una plantilla de la emisora una supuesta frase de la senadora y precandidata presidencial de la que no hay ningún registro.,21/08/2025,Falso,https://colombiacheck.com/chequeos/pieza-suplanta-w-radio-para-atribuirle-cabal-rechazo-e-insultos-contra-jota-pe-hernandez
"Universidad de Plato, Magdalena, gracias al presidente Petro",Los contratos y recursos para la obra son de la administración departamental. Una vez más el petrismo usa las redes para mostrar logros ajenos como propios.,29/09/2025,Falso,https://colombiacheck.com/chequeos/seguidores-le-agradecen-petro-por-sede-universitaria-en-plato-que-hizo-la-gobernacion-de
"""Si me quitan más peajes me voy de este país"": Luis Sarmiento Angulo",No existe registro de tal declaración. Esta desinformación surge tras el anuncio del presidente Gustavo Petro de que no renovará los contratos de concesiones viales y que pasarán a manos del Gobierno.,30/01/2026,Falso,https://colombiacheck.com/chequeos/luis-carlos-sarmiento-no-ha-dicho-que-se-va-ir-del-pais-si-pierde-el-manejo-de-los-peajes
Decreto ATEA da poderes ilimitados a los indígenas del Cauca,El Decreto de Ley 1094 de 2024 reconoce la autonomía de los pueblos indígenas y la gestión de sus territorios no un “derecho a producir cocaína” ni otras facultades que le atribuyen falsamente.,27/09/2024,Falso,https://colombiacheck.com/chequeos/petro-no-le-dio-al-cric-una-republica-independiente-ni-poderes-ilimitados-con-decreto-atea
Video de megacárcel construida por Abelardo de la Espriella,La obra comenzó en abril de 2025 y no tiene ninguna relación con las promesas de campaña del actual gobierno ni con Estados Unidos.,14/09/2026,Falso,https://colombiacheck.com/chequeos/video-de-la-carcel-para-sindicados-de-medellin-circula-falsamente-como-la-megacarcel
Video de protesta en Pasto contra Abelardo de la Espriella,El clip corresponde al 21 de junio de 2026 tras conocerse los resultados de la segunda vuelta presidencial no a movilizaciones recientes.,16/09/2026,Cuestionable,https://colombiacheck.com/chequeos/este-video-de-protesta-en-pasto-contra-de-la-espriella-no-es-reciente
Donald Trump dijo que países de origen de migrantes son un asco,Pese a sus políticas y discursos xenófobos no hay registros fiables de que el hoy presidente de Estados Unidos haya dicho esa frase con la que le dan “la razón” en redes.,24/01/2025,Falso,https://colombiacheck.com/chequeos/no-hay-evidencia-de-que-donald-trump-aseguro-que-paises-de-migrantes-ilegales-son-un-asco
Petro les mete una cachetada diplomática a los Uribistas (En Nueva York y s,La foto del mandatario con el alcalde electo de Nueva York fue durante su viaje a la Asamblea General de la ONU en septiembre pero en redes tergiversaron la imagen.,10/11/2025,Cuestionable,https://colombiacheck.com/chequeos/petro-no-se-reunio-con-zohran-mamdani-luego-de-perder-la-visa-y-ser-incluido-en-la-lista
Foto de la Selección Colombia haciendo el saludo de De la Espriella,La foto falsa presenta inconsistencias características de los contenidos generados con IA y contiene la marca de agua invisible de las herramientas de OpenAI.,16/06/2026,Falso,https://colombiacheck.com/chequeos/montaje-con-ia-muestra-falsamente-jugadores-de-la-seleccion-colombia-haciendo-el-saludo-de
La persona de la foto es primo de Duque y funcionario de la Registraduría,La persona señalada como prueba en una vieja foto con el expresidente en realidad es el exsenador conservador Juan Diego Gómez.,17/07/2025,Falso,https://colombiacheck.com/chequeos/narrativa-petrista-de-fraude-revive-desinformacion-que-primo-de-duque-trabaja-en-la
Video de huevos con droga que salen de los resguardos indígenas del Cauca,La incautación fue grabada en marzo de 2021 y según el Ejército y el Ministerio de Defensa la droga pertenecía al frente Dagoberto Ramos Ortiz de las disidencias de la FARC.,22/11/2024,Falso,https://colombiacheck.com/chequeos/este-decomiso-de-droga-es-viejo-y-no-es-de-los-indigenas-del-cauca
Capturan a hombre en Santa Marta con $1.000 millones para compra de votos,La Policía incautó material publicitario prohibido el día de las elecciones. La captura con efectivo fue una tergiversación contra la campaña De la Espriella.,21/06/2026,Cuestionable,https://colombiacheck.com/chequeos/incautacion-en-santa-marta-fue-de-propaganda-politica-irregular-no-de-plata-para-compra-de
