title,description,date,url
Gustavo Petro: así fueron los cuatro años del llamado “Gobierno del cambio”,Este 6 de agosto concluirán los cuatro años del primer gobierno de izquierda en la historia reciente de Colombia.,05/08/2026,https://www.elespectador.com/politica/gustavo-petro-asi-fueron-sus-cuatro-anos-de-su-gobierno-este-es-el-balance-noticias-hoy/
De la Espriella y su gabinete: estos son los 18 ministros de su “patria milagro”,El presidente electo Abelardo de la Espriella completó la designación de sus ministros y ministras. Estos son los nombres.,05/08/2026,https://www.elespectador.com/politica/de-la-espriella-y-su-gabinete-estos-son-los-18-ministros-de-su-patria-milagro/
¿Petro viajará a Estados Unidos? Ya comenzaron movidas diplomáticas para lograr aprobación,Necesita de una autorización expresa por la sanción que pesa sobre él tras su inclusión en la llamada lista Clinton.,04/08/2026,https://www.elespectador.com/politica/petro-viajara-a-estados-unidos-ya-estan-en-curso-los-movimientos-de-diplomacia-para-aprobacion-de-trump-noticias-hoy/
Petro insiste en que se deben investigar las elecciones que ganó Abelardo de la Espriella,El presidente Gustavo Petro dio su última rueda de prensa desde la Casa de Nariño.,04/08/2026,https://www.elespectador.com/politica/gustavo-petro-insiste-en-que-se-deben-investigar-las-elecciones-en-las-que-gano-abelardo-de-la-espriella-noticias-hoy/
Finalizan mesas técnicas de gobierno electo y Contraloría: alertas por “falta de planeación”,"El vicepresidente electo, José Manuel Restrepo, y el vicecontralor Carlos Silgado presentaron los resultados de las 62 reuniones.",03/08/2026,https://www.elespectador.com/politica/gobierno-de-la-espriella-y-contraloria-cierran-mesas-tecnicas-esto-dijo-restrepo-del-gobierno-petro-noticias-hoy/
"Alcocer habla de escándalo que la vincula con actos de corrupción, ¿qué dijo a la Fiscalía?",Aseguró que las declaraciones que la salpican “carecen de todo sustento y no corresponden con la realidad”.,03/08/2026,https://www.elespectador.com/politica/veronica-alcocer-habla-de-escandalo-que-la-vincula-con-actos-de-corrupcion-que-le-dijo-a-la-fiscalia-noticias-hoy/
Más de 14.500 trinos en cuatro años: así fue la receta de Petro para gobernar con sus redes,"¿Cuántas veces trinó Petro en sus años de Gobierno? El Espectador analizó 14.585 publicaciones con órdenes, despidos y choques.",05/08/2026,https://www.elespectador.com/politica/cuantas-veces-trino-petro-en-sus-cuatro-anos-como-presidente-de-colombia-fueron-mas-de-14500-publicaciones-en-x-twitter/
"Infantino, Milei y Noboa: estos son los confirmados para la posesión de De la Espriella",Será en la Arena USC de Cali. Ya son ocho jefes de Estado confirmados y 10 delegaciones de alto nivel.,03/08/2026,https://www.elespectador.com/politica/infantino-milei-kast-y-noboa-estos-son-los-confirmados-para-la-posesion-de-abelardo-de-la-espriella-noticias-hoy/
¿De la Espriella no invitó a algunos expresidentes a su posesión?: Samper ya habló,"El presidente electo, Abelardo de la Espriella, no extendería la invitación a su posesión a dos de los expresidentes del país.",06/08/2026,https://www.elespectador.com/politica/de-la-espriella-no-invito-a-algunos-expresidentes-a-su-posesion-samper-ya-hablo/
“Álvaro Uribe y Paloma negociaron sus principios hace mucho tiempo”: Miguel Uribe Londoño,"Miguel Uribe Londoño, papá del senador y precandidato asesinado, Miguel Uribe Turbay, envió un fuerte mensaje al Centro Democrático.",03/08/2026,https://www.elespectador.com/politica/alvaro-uribe-y-paloma-negociaron-sus-principios-hace-mucho-tiempo-miguel-uribe-londono/
Consejo Nacional Electoral le dio la personería jurídica a Defensores de la Patria,"El movimiento de Abelardo de la Espriella, Defensores de la Patria, con el que logró la Presidencia, ya tiene personería jurídica.",03/08/2026,https://www.elespectador.com/politica/consejo-nacional-electoral-le-dio-la-personeria-juridica-a-defensores-de-la-patria/
Petro envió mensaje de despedida: hoy devela el retrato que dejará en la Casa de Nariño,"El presidente Gustavo Petro, quien dejará su cargo en cuatro días, envió un mensaje de despedida a través de redes sociales.",03/08/2026,https://www.elespectador.com/politica/petro-envio-nuevo-mensaje-de-despedida-hoy-devela-el-retrato-que-dejara-en-casa-de-narino/
Estos son los 18 nombres con los que De la Espriella arranca su gabinete ministerial,El presidente electo Abelardo de la Espriella completó la designación de su gabinete. Estos son los nombres.,03/08/2026,https://www.elespectador.com/politica/estos-son-los-18-nombres-con-los-que-de-la-espriella-arranca-su-gabinete-ministerial/
“No reconocen el triunfo de la democracia”: De la Espriella a Petro y Cepeda,"El presidente electo, Abelardo de la Espriella, se fue contra el presidente saliente, Gustavo Petro y contra el senador Iván Cepeda.",03/08/2026,https://www.elespectador.com/politica/no-reconocen-el-triunfo-de-la-democracia-de-la-espriella-a-petro-y-cepeda/
Se agudizan grietas en el Centro Democrático ante crecimiento de una “nueva derecha”,Este es el panorama en el Centro Democrático en medio de disputas entre Paloma Valencia y María Fernanda Cabal. La puja de la nueva derecha.,03/08/2026,https://www.elespectador.com/politica/este-es-el-panorama-en-el-centro-democratico-en-medio-de-disputas-entre-paloma-valencia-y-maria-fernanda-cabal-noticias-hoy/
De la Espriella recibe un país fragmentado tras cuatro años de la izquierda en el poder,Abelardo de la Espriella tomará el poder en un país seriamente fragmentado: este es el legado que recibe de Gustavo Petro.,02/08/2026,https://www.elespectador.com/politica/abelardo-de-la-espriella-tomara-el-poder-en-un-pais-seriamente-fragmentado-este-es-el-legado-que-recibe-de-gustavo-petro-noticias-hoy/
“Será una ceremonia austera”: De la Espriella entregó detalles sobre posesión del 7 agosto,De la Espriella reveló detalles sobre los costes de su posesión en Cali y la Casa Blanca que se construye en Barranquilla: esto dijo.,03/08/2026,https://www.elespectador.com/politica/de-la-espriella-revelo-detalles-sobre-los-costes-de-su-posesion-en-cali-y-la-casa-blanca-que-se-construye-en-barranquilla-esto-dijo-noticias-hoy/
Se desata nueva pelea en el Centro Democrático tras cumbre convocada por Uribe,"""No es un partido de derecha"": Declaraciones de Paloma Valencia generaron nueva disputa en el Centro Democrático. Así le responden.",02/08/2026,https://www.elespectador.com/politica/se-desata-nueva-pelea-en-el-centro-democratico-de-alvaro-uribe-maria-fernanda-cabal-daniel-briceno-y-paloma-valencia-noticias-hoy/
“Pretenden posicionar una visión sumisa de las mujeres”: abogada Laura Pedraza,"Entrevista con la abogada Laura Pedraza, del colectivo feminista Mesa por la Vida y Salud de las Mujeres.",02/08/2026,https://www.elespectador.com/politica/pretenden-posicionar-una-vision-sumisa-de-las-mujeres-abogada-laura-pedraza/
Terminó gira de Petro en Cuba: ¿cuántos viajes internacionales hizo durante su mandato?,"¿Cuántos viajes internacionales hizo Petro como presidente?: así terminó su agenda en el exterior tras visita en La Habana, Cuba.",02/08/2026,https://www.elespectador.com/politica/cuantos-viajes-internacionales-hizo-petro-como-presidente-asi-termino-su-agenda-en-el-exterior-en-la-habana-cuba-noticias-hoy/
"Así será la posesión de De la Espriella: invitados, controversias y más | La Mesa Redonda","Invitaciones, comitivas y convocatoria de la oposición durante posesión de Abelardo de la Espriella. Este es el análisis de La Mesa Redonda.",02/08/2026,https://www.elespectador.com/politica/asi-sera-la-posesion-de-abelardo-de-la-espriella-el-7-de-agosto-invitados-controversias-y-mas-la-mesa-redonda/
Valencia responde tras señalamientos de Cabal y Briceño: “Esas categorías no dicen nada”,"La excandidata presidencial respondió a las criticas por decir que el Centro Democrático no es de derecha: ""No estoy por el nombre"".",02/08/2026,https://www.elespectador.com/politica/paloma-valencia-respondio-a-maria-fernanda-cabal-y-daniel-briceno-por-decir-que-el-centro-democratico-no-es-de-derecha-noticias-hoy/
"Pacto Histórico revela detalles sobre eventos del 7 de agosto en Barranquilla, Cali y Bogotá",Iván Cepeda reveló los planes del Pacto Histórico para el 7 de agosto durante posesión de Abelardo de la Espriella en Cali.,01/08/2026,https://www.elespectador.com/politica/asi-sera-la-estrategia-del-pacto-historico-para-el-7-de-agosto-durante-posesion-de-de-la-espriella-esto-dijo-ivan-cepeda-noticias-hoy/
"Alto turmequé: de fundadores, presidentes y rumbos",Los mejores confidenciales sobre el poder en Colombia.,02/08/2026,https://www.elespectador.com/politica/alto-turmeque-de-fundadores-presidentes-y-rumbos/
Petro deja el poder con un cambio en el paradigma de gobierno: ¿qué efectos tendrá?,Este es el balance de gobernabilidad del presidente Gustavo Petro en el poder: los siete momentos que marcaron su mandato.,03/08/2026,https://www.elespectador.com/politica/el-balance-de-gobernabilidad-del-presidente-gustavo-petro-tras-cuatro-anos-en-el-poder-los-momentos-que-marcaron-su-mandato-noticias-hoy/
“El terrorismo no intimidará a Colombia”: De la Espriella por atentado en Norte de Santander,"De la Espriella, Cepeda y otros actores políticos se pronunciaron por atentado en Cúcuta, Norte de Santander. Esto dijeron.",01/08/2026,https://www.elespectador.com/politica/de-la-espriella-cepeda-y-otros-actores-politicos-se-pronunciaron-por-atentado-en-cucuta-norte-de-santander-noticias-hoy/
Así avanza la agenda del presidente Gustavo Petro en su último viaje internacional,Último viaje de Gustavo Petro en Cuba: así avanza su agenda en La Habana antes de la reunión con Miguel Díaz-Canel.,01/08/2026,https://www.elespectador.com/politica/ultimo-viaje-de-gustavo-petro-en-cuba-asi-avanza-su-agenda-en-la-habana-antes-de-la-reunion-con-miguel-diaz-canel-noticias-hoy/
Declaran insubsistencia de Angie Rodríguez tras acusaciones de corrupción en Gobierno Petro,Angie Rodríguez fue declarada insubsistente por el gobierno Petro: este es el decreto oficial y los motivos de su salida.,01/08/2026,https://www.elespectador.com/politica/angie-rodriguez-fue-declarada-insubsistente-por-el-gobierno-petro-estos-son-los-motivos-y-el-decreto-oficial-noticias-hoy/
Benedetti hizo último acto público cerca de Barranquilla: ¿qué dijo de una posible alcaldía?,"El saliente ministro del Interior, Armando Benedetti, tuvo su último acto público antes de dejar su cargo en Soledad, Atlántico. Esto dijo.",01/08/2026,https://www.elespectador.com/politica/benedetti-hizo-ultimo-acto-publico-cerca-de-barranquilla-que-dijo-de-una-posible-alcaldia/
“Está bien encaminado”: Dilian Francisca Toro sobre posesión y promesas de De la Espriella,"En entrevista con El Espectador, la gobernadora del Valle habló de los efectos de la posesión de Abelardo de la Espriella en Cali.",01/08/2026,https://www.elespectador.com/politica/esta-bien-encaminado-dilian-francisca-toro-sobre-posesion-y-promesas-de-abelardo-de-la-espriella-noticias-hoy/
"“Gobernar desde las regiones generará riqueza”: Didier Tavera, director ejecutivo de FND","El director ejecutivo de la Federación Nacional de Departamento, se refirió al futuro de las regiones de cara al nuevo gobierno.",31/07/2026,https://www.elespectador.com/politica/gobernar-desde-las-regiones-generara-riqueza-didier-tavera-director-ejecutivo-de-fnd/
De la Espriella llevó a cabo su tercer consejo de ministros designados,"El presidente electo, Abelardo de la Espriella, tuvo su tercer consejo de ministros designados a siete días de asumir el poder.",31/07/2026,https://www.elespectador.com/politica/de-la-espriella-llevo-a-cabo-su-tercer-consejo-de-ministros-designados/
Centro Democrático tuvo reunión de bancada junto a Álvaro Uribe: esto se habló,El Centro Democrático llevó a cabo este viernes una reunión de bancada junto al expresidente Álvaro Uribe.,01/08/2026,https://www.elespectador.com/politica/centro-democratico-tuvo-reunion-de-bancada-junto-a-alvaro-uribe-esto-se-hablo/
¿Quiénes componen el gabinete de Abelardo de la Espriella? Solo falta una ministra,"A una semana de la posesión del nuevo gobierno de Abelardo de la Espriella, el mandatario electo ya cuenta con casi todos sus ministros.",31/07/2026,https://www.elespectador.com/politica/quienes-son-los-ministros-abelardo-de-la-espriella-rodrigo-lara-elsa-noguera-omar-bula-y-jorge-mora-noticias-hoy/
Nueva polémica por designación de Ana María Vesga como ministra de Salud de De la Espriella,"Luego de que el presidente electo, Abelardo de la Espriella designara a Vesga, se manifestaron desde diferentes sectores.",31/07/2026,https://www.elespectador.com/politica/nueva-polemica-por-designacion-de-ana-maria-vesga-como-ministra-de-salud-de-de-la-espriella/
Congresistas radicaron 139 proyectos de ley en Senado y 152 en Cámara durante dos semanas,"Desde el 20 de julio a la fecha, en el Congreso de la República se han radicado 291 proyectos de ley en ambas cámaras.",31/07/2026,https://www.elespectador.com/politica/congresistas-radicaron-291-proyectos-de-ley-139-en-senado-y-152-en-camara-de-representantes-durante-primeras-semanas-noticias-hoy/
Esta es la agenda del presidente Petro en La Habana (Cuba): será su último viaje en el poder,El presidente Gustavo Petro viajó a Cuba para adelantar su última agenda internacional. Se reuniría con el mandatario cubano Miguel Díaz.,31/07/2026,https://www.elespectador.com/politica/presidente-petro-viaja-a-la-habana-cuba-para-reunirse-con-diaz-canel-sera-su-ultimo-viaje-en-el-poder-noticias-hoy/
Canciller habla de la logística de la posesión: “No se hizo con la suficiente antelación”,La canciller Rosa Villavicencio habló con El Espectador sobre los cambios en la política exterior tras la llegada de De la Espriella.,31/07/2026,https://www.elespectador.com/politica/canciller-habla-de-la-logistica-de-la-posesion-no-se-hizo-con-la-suficiente-antelacion/
Así se mueven las fichas para la elección del contralor en el Congreso: será el 12 de agosto,"El 12 de agosto, el Congreso en pleno elegirá al nuevo contralor general. Ministro Rodrigo Lara se refirió a posibles acuerdos.",31/07/2026,https://www.elespectador.com/politica/eleccion-a-contralor-general-sera-el-12-de-agosto-ministro-lara-hizo-llamado-al-congreso-sobre-los-candidatos-noticias-hoy/
De la Espriella reabre debate por cadena perpetua durante Consejo de Ministros en Atlántico,El presidente electo Abelardo de la Espriella le pidió a su gabinete “endurecer penas para asesinos y abusadores de niños”.,31/07/2026,https://www.elespectador.com/politica/abelardo-de-la-espriella-reabre-debate-por-cadena-perpetua-para-asesinos-de-ninos-durante-consejo-de-ministros-en-barranquilla/
“No se va a paralizar el Estado porque alguien se vaya a posesionar”: Rosa Villavicencio,"La canciller habló con El Espectador sobre las relaciones con EE. UU. y el ""timonazo"" en política exterior de De la Espriella.",31/07/2026,https://www.elespectador.com/politica/canciller-de-gustavo-petro-hablo-de-cierre-de-embajadas-posesion-de-de-la-espriella-y-estados-unidos-noticias-hoy/
La paloma de la paz de Botero salió de la Casa de Nariño: esta es la historia,El Espectador conoció detalles sobre el traslado de la Paloma de La Paz de Fernando Botero desde la Casa de Nariño.,30/07/2026,https://www.elespectador.com/politica/paloma-de-la-paz-de-fernando-botero-fue-trasladada-de-la-casa-de-narino-noticias-hoy/
De la Espriella anuncia nuevos nombramientos para su gabinete desde empalme en Cundinamarca,"El presidente electo dio varios anuncios en su empalme regional desde Cundinamarca, entre ellos nuevos nombramientos para su gabinete.",31/07/2026,https://www.elespectador.com/politica/abelardo-de-la-espriella-anuncia-nuevos-nombramientos-para-su-gabinete-desde-empalme-en-cundinamarca-noticias-hoyii/
Centro Democrático define a sus candidatos para el Consejo Nacional Electoral (CNE),El Centro Democrático compartió los nominados para que puedan quedarse con alguna de las dos sillas que les corresponderían en el CNE.,30/07/2026,https://www.elespectador.com/politica/centro-democratico-define-a-sus-candidatos-para-cne-amalia-salgado-jaime-amin-y-nubia-stella-martinez-noticias-hoy/
Gobierno Petro desclasifica primeros documentos del DAS: algunos son sobre Jaime Garzón,La Presidencia desclasificó los primeros archivos del DAS. Los primeros dos conjuntos documentales son sobre Jaime Garzón y Pedro Movilla.,31/07/2026,https://www.elespectador.com/politica/gobierno-petro-desclasifica-primeros-documentos-del-das-algunos-son-sobre-jaime-garzon-y-pedro-movilla-noticias-hoy/
Congreso no pagará estadía a legisladores en posesión: un partido asumirá sus propios gastos,Congreso no pagará estadía de congresistas que asistan a posesión. Centro Democrático anunció que asumirá con recursos propios sus gastos.,31/07/2026,https://www.elespectador.com/politica/congreso-no-pagara-estadia-a-legisladores-en-posesion-de-abelardo-de-la-espriella-centro-democratico-asumira-sus-propios-gastos/
Comuneros del Sur están cerca de la desmovilización; esperan piso jurídico de nuevo gobierno,Comuneros del Sur espera Ley de orden público y piso jurídico por parte del gobierno de De la Espriella para poder someterse a la justicia.,30/07/2026,https://www.elespectador.com/politica/comuneros-del-sur-estan-cerca-de-la-desmovilizacion-esperan-piso-juridico-del-gobierno-de-abelardo-de-la-espriella-noticias-hoy/
Congreso en pleno fue convocado el 12 de agosto para la elección del próximo contralor,El Senado y la Cámara de Representantes fueron citados a las 2:00 p. m. para elegir sobre la lista de 10 finalistas.,30/07/2026,https://www.elespectador.com/politica/contraloria-congreso-en-pleno-fue-convocado-el-12-de-agosto-para-la-eleccion-del-proximo-contralor-noticias-hoy/
Sigue avalancha de cambios en la diplomacia y en notarías en el cierre del gobierno Petro,La Cancillería suprimió cinco consulados honorarios y abrió otro en Antigua y Barbuda. Esto se sabe de los movimientos notariales.,30/07/2026,https://www.elespectador.com/politica/cierran-consulados-honorarios-y-nombran-nuevos-notarios-y-embajadores-en-el-cierre-del-gobierno-de-gustavo-petro-no/
Comenzó cuenta regresiva para posesión de De la Espriella: los detalles y los invitados,Los mandatarios Javier Milei (Argentina) y Daniel Noboa (Ecuador) confirmaron asistencia.,30/07/2026,https://www.elespectador.com/politica/posesion-de-abelardo-de-la-espriella-sera-en-cali-estos-son-los-invitados-confirmados-y-los-detalles-noticias-hoy/
Abelardo de la Espriella aterrizará en Bogotá para su “empalme regional” con Cundinamarca,El presidente electo se reunirá con el gobernador Jorge Rey y los alcaldes de municipios cundinamarqueses en la capital.,30/07/2026,https://www.elespectador.com/politica/abelardo-de-la-espriella-aterrizara-en-bogota-para-empalme-regional-con-cundinamarca-cual-es-la-agenda-noticias-hoy/
Petro viajará a Cuba tras cancelar agenda en EE. UU.: sería su último viaje como presidente,"Ocurre después de que su sucesor, Abelardo de la Espriella, anunciara que romperá relaciones con ese país.",30/07/2026,https://www.elespectador.com/politica/petro-viajara-a-cuba-tras-cancelar-visita-a-estados-unidos-sera-su-ultima-visita-oficial-como-presidente-noticias-hoy/
Gobierno electo de De la Espriella adelantó reuniones con delegados de EE. UU.: esto se sabe,"""Queremos ayudar con la crisis energética que viene, con la crisis de salud y de inseguridad”, dijo la comitiva de Estados Unidos.",30/07/2026,https://www.elespectador.com/politica/gobierno-electo-de-de-la-espriella-adelanto-reuniones-con-delegados-de-estados-unidos-esto-se-sabe-noticias-hoy/
La promesa de descentralización del nuevo gobierno empieza a generar ruido en las regiones,El intento del mandatario electo de llevar el poder a los territorios va más allá de instalar sedes alternas de la Presidencia.,30/07/2026,https://www.elespectador.com/politica/empalmes-regionales-en-bogota-promesa-de-descentralizacion-de-abelardo-de-la-espriella-genera-ruido-en-las-regiones-de-colombia/
Así quedaron las presidencias del Senado: Salvación Nacional logró quedarse con dos claves,Con los acuerdos de compromisarios se había dejado claro quién encabezaría cada una. Centro Democrático también logró dos.,29/07/2026,https://www.elespectador.com/politica/asi-quedaron-las-presidencias-del-senado-salvacion-nacional-y-centro-democratico-llevan-la-delantera-noticias-hoy/
“Desmontar el Acuerdo es un ataque directo a las víctimas”: firmantes a De la Espriella,"Recordaron que lo pactado ""no es un programa de gobierno ni una concesión transitoria de un mandato a otro”.",29/07/2026,https://www.elespectador.com/politica/firmantes-de-paz-hacen-llamado-a-de-la-espriella-desmontar-el-acuerdo-es-un-ataque-directo-a-las-victimas-noticias-hoy/
Congreso respaldó a De la Espriella:  Senado también aprobó trasladar la posesión a Cali,La votación quedó 58 a favor y 30 en contra. La Cámara de Representantes también había dado el visto bueno antes.,30/07/2026,https://www.elespectador.com/politica/abelardo-de-la-espriella-posesionara-en-cali-senado-aprobo-y-congreso-ya-le-dio-el-visto-bueno-noticias-hoy/
“Espero que escuche la estrategia de paz de Nariño”: gobernador Escobar a De la Espriella,"El gobernador de Nariño, Luis Alfonso Escobar se refirió a los empalmes territoriales del gobierno entrante.",29/07/2026,https://www.elespectador.com/politica/espero-que-escuche-la-estrategia-de-paz-de-narino-gobernador-escobar-a-de-la-espriella/
Carlos Cuenca (Cambio Radical) fue elegido como presidente de la Comisión de Acusaciones,Esta célula legislativa se encarga de adelantar investigaciones contra los más altos cargos del Estado.,29/07/2026,https://www.elespectador.com/politica/comision-de-acusaciones-de-la-camara-tiene-nuevo-presidente-carlos-cuenca-de-cambio-radical-noticias-hoy/
José Manuel Restrepo cerró agenda en Perú para posesión de Fujimori e hizo balance,"Se reunió con Fujimori (Perú), Kast (Chile), Milei (Argentina), Noboa (Ecuador), Paz (Bolivia) y el rey de España.",29/07/2026,https://www.elespectador.com/politica/jose-manuel-restrepo-cerro-visita-en-peru-para-posesion-e-hizo-balance-de-delegacion-de-de-la-espriella-noticias-hoy/
Angie Rodríguez denunció al presidente Gustavo Petro ante Comisión de Acusación de la Cámara,"La exdirectora del Dapre y actual directora del Fondo Adaptación, Angie Rodríguez, denunció al presidente Gustavo Petro.",29/07/2026,https://www.elespectador.com/politica/angie-rodriguez-denuncio-al-presidente-gustavo-petro-ante-comision-de-acusacion-de-la-camara/
José Manuel Restrepo avanza en su gira internacional: se reunió con gobierno de El Salvador,"El vicepresidente electo, José Manuel Restrepo, se reunió con la ministra de Economía de El Salvador, María Lucía Hayem.",29/07/2026,https://www.elespectador.com/politica/jose-manuel-restrepo-avanza-en-su-gira-internacional-se-reunio-con-gobierno-de-el-salvador/
Abelardo de la Espriella vuelve a Bogotá: hará empalme regional con Cundinamarca,"El presidente electo, Abelardo de la Espriella, llevará a cabo el empalme regional con el departamento de Cundinamarca.",29/07/2026,https://www.elespectador.com/politica/abelardo-de-la-espriella-vuelve-a-bogota-hara-empalme-regional-con-cundinamarca/
Niegan petición de Wadith Manzur para posesionarse fuera del Congreso: esto le responden,"El Congreso de la República negó la petición del senador Wadith Manzur, preso por Ungrd, para que su posesión se diera fuera del Capitolio.",29/07/2026,https://www.elespectador.com/politica/niegan-peticion-de-wadith-manzur-para-posesionarse-fuera-del-congreso-esto-le-responden/
Así se van conformando las presidencias de las comisiones del Congreso,Se empiezan a definir las jefaturas de las comisiones del nuevo Legislativo. Así va la puja.,29/07/2026,https://www.elespectador.com/politica/asi-se-van-conformando-las-presidencias-de-las-comisiones-del-congreso/
Estos son los nombres que ya confirmaron su asistencia a la posesión de De la Espriella,"El presidente electo, Abelardo de la Espriella, tiene la intención de posesionarse desde Cali, capital del Valle.",29/07/2026,https://www.elespectador.com/politica/estos-son-los-nombres-que-ya-confirmaron-su-asistencia-a-la-posesion-de-de-la-espriella/
Cámara aprobó posesión de Abelardo de la Espriella en Cali: falta que vote el Senado,Este martes la Cámara de Representantes aprobó trasladar temporalmente el Congreso a Cali para la posesión de Abelardo de la Espriella.,29/07/2026,https://www.elespectador.com/politica/camara-aprobo-posesion-de-abelardo-de-la-espriella-en-cali-falta-que-vote-el-senado/
Partidos reparten poder legislativo ad portas del nuevo gobierno: ¿respetarán los acuerdos?,Centro Democrático gana terreno en comisiones de Senado: así se forjaron acuerdos del Congreso para repartir poder en primer año.,29/07/2026,https://www.elespectador.com/politica/centro-democratico-gana-terreno-en-comisiones-asi-se-forjaron-los-acuerdos-en-el-congreso-para-repartir-el-poder-en-primer-ano-noticias-hoy/
Así fue la agenda de equipo De la Espriella en Perú durante posesión de Fujimori,José Manuel Restrepo se reunió con mandatarios de varios países durante el evento y llevó a cabo avances estratégicos.,28/07/2026,https://www.elespectador.com/politica/asi-fue-la-agenda-de-equipo-de-la-espriella-en-peru-durante-posesion-de-fujimori/
“Los bandidos tienen 10 días para entregarse”: De la Espriella durante empalme en Tolima,De la Espriella lanzó nuevas pullas contra los grupos criminales luego de su empalme en el departamento del Tolima.,28/07/2026,https://www.elespectador.com/politica/los-bandidos-tienen-10-dias-para-entregarse-de-la-espriella-durante-empalme-en-tolima/
Estos son los detalles detrás de la posesión de Abelardo de la Espriella en Cali,Al Congreso ya llegaron las dos proposiciones que buscan que el evento del 7 de agosto se dé en la capital del Valle del Cauca.,28/07/2026,https://www.elespectador.com/politica/estos-son-los-detalles-detras-la-posesion-de-abelardo-de-la-espriella-en-cali-donde-sera-y-quienes-van-noticias-hoy/
Así quedaron conformadas las comisiones de Senado para el nuevo Legislativo,Este martes quedaron conformadas las comisiones de Senado para el Legislativo 2026-2030. Estos son los nombres.,28/07/2026,https://www.elespectador.com/politica/asi-quedaron-conformadas-las-comisiones-de-senado-para-el-nuevo-legislativo/
"Congreso “está estudiando” la posibilidad de posesionar a Wadith Manzur, preso por Ungrd","“Él solicitó que nos trasladásemos allá [al centro de reclusión]"", dijo el presidente del Senado, Honorio Henríquez.",28/07/2026,https://www.elespectador.com/politica/congreso-esta-estudiando-la-posibilidad-de-posesionar-a-senador-electo-wadith-manzur-preso-por-ungrd-noticias-hoy/
Partido Conservador aterrizó en la bancada de gobierno del presidente electo De la Espriella,"El presidente de la colectividad, Efraín Cepeda, hizo el anuncio desde el Congreso. Aseguró que fue una “decisión unánime"".",28/07/2026,https://www.elespectador.com/politica/partido-conservador-aterrizo-en-la-bancada-de-gobierno-de-abelardo-de-la-espriella-decision-unanime-noticias-hoy/
“He decidido actuar penalmente contra la señora Angie Rodríguez”: presidente Petro,"La exdirectora del Fondo Adaptación ha hecho denuncias de presunta corrupción en el interior del ""Gobierno del cambio"".",29/07/2026,https://www.elespectador.com/politica/gustavo-petro-y-angie-rodriguez-presidente-iniciara-acciones-penales-contra-su-exfuncionaria-tras-denuncia-noticias-hoy/
Suárez extiende una bandera blanca a Uribe tras choques: “La patria está por encima de todo”,"El asesor cercano a Abelardo de la Espriella se refirió a la ""divergencia"" con el expresidente. ""Pasemos la página"", dijo.",28/07/2026,https://www.elespectador.com/politica/carlos-suarez-ofrece-una-bandera-blanca-a-alvaro-uribe-tras-choques-la-patria-esta-por-encima-de-todo-noticias-hoy/
José Manuel Restrepo ya está en Perú para la posesión de Keiko Fujimori: así va la agenda,Aterrizó con una delegación que también integran los ministros designados Omar Bula (Exteriores) y Mauricio Gómez (Comercio).,28/07/2026,https://www.elespectador.com/politica/jose-manuel-restrepo-ya-esta-en-peru-para-la-posesion-de-keiko-fujimori-asi-va-la-agenda-noticias-hoy/
Petrismo enfrenta el costo político de escándalos de corrupción en el cierre del gobierno,El petrismo enfrenta el costo político de dos escándalos de presunta corrupción en el cierre del gobierno del presidente Petro.,28/07/2026,https://www.elespectador.com/politica/gobierno-petro-enfrenta-el-costo-politico-de-escandalos-de-corrupcion-con-angie-rodriguez-y-juliana-guerrero-noticias-hoy/
Vuelve al Congreso el debate para trasladar la posesión de Abelardo de la Espriella a Cali,Tanto en el Senado como en la Cámara de Representantes fueron radicadas las proposiciones de Salvación Nacional.,28/07/2026,https://www.elespectador.com/politica/posesion-de-abelardo-de-la-espriella-vuelve-al-congreso-el-debate-para-trasladarla-a-cali-noticias-hoy/
Pacto Histórico no asistirá a posesión de De la Espriella: “hay objeciones a su legitimidad”,Pacto Histórico no acompañará la posesión presidencial de Abelardo de la Espriella el 7 de agosto. Estos son los motivos.,28/07/2026,https://www.elespectador.com/politica/pacto-historico-no-asistira-a-la-posesion-presidencial-de-abelardo-de-la-espriella-el-7-de-agosto-esto-dicen-noticias-hoy/
Aspirantes a contralor General comparecen ante la Cámara: ¿qué sigue en el proceso?,Elección de contralor: aspirantes expusieron propuestas ante la Cámara. Esto dijeron los candidatos que ahora pasan ante Senado.,28/07/2026,https://www.elespectador.com/politica/eleccion-de-contralor-aspirantes-expusieron-propuestas-ante-la-camara-y-ahora-seguiran-al-senado-asi-va-el-proceso-noticias-hoy/
Abelardo de la Espriella designa a Mauricio Gaona como embajador de Colombia ante la ONU,Mauricio Gaona será el embajador de Colombia ante la ONU. Este es el perfil del nuevo jefe de la misión en Nueva York.,28/07/2026,https://www.elespectador.com/politica/mauricio-gaona-sera-el-embajador-de-colombia-ante-la-onu-de-abelardo-de-la-espriella-este-es-su-perfil-noticias-hoy/
Arranca pulso por presidencias de comisiones en Cámara: así mueven sus cartas los partidos,Así se disputan las comisiones en la Cámara: Centro Democrático y Cambio Radical buscan mayorías. Así va la disputa.,27/07/2026,https://www.elespectador.com/politica/asi-se-disputan-las-comisiones-en-la-camara-de-representantes-centro-democratico-y-cambio-radical-buscan-mayorias-noticias-hoy/
Inauguran sede de la Academia Diplomática en medio de ajustes impulsados por De la Espriella,Academia Diplomática inaugura nueva sede: así fue el anuncio en medio de modificaciones de política exterior.,28/07/2026,https://www.elespectador.com/politica/academia-diplomatica-inaugura-nueva-sede-asi-fue-el-anuncio-en-medio-de-modificaciones-de-politica-exterior-noticias-hoy/
“La Constitución dice que tiene que implementar el Acuerdo de Paz”: Santos a De la Espriella,"El expresidente Juan Manuel Santos se dirigió nuevamente al presidente electo, Abelardo de la Espriella, por sus posturas frente al acuerdo.",28/07/2026,https://www.elespectador.com/politica/la-constitucion-dice-que-tiene-que-implementar-el-acuerdo-de-paz-santos-a-de-la-espriella/
Hoy arranca la recta final en la elección de contralor: esto está en juego,La disputa entre los 10 candidatos finales para ocupar la jefatura de la Contraloría General ya llegó al Congreso.,27/07/2026,https://www.elespectador.com/politica/hoy-arranca-la-recta-final-en-la-eleccion-de-contralor-esto-esta-en-juego/
Así se traza la estrategia diplomática de Abelardo de la Espriella: estos son los cambios,Estos son los cambios diplomáticos de Abelardo de la Espriella: cierra embajadas y fortalece lazos con Estados Unidos e Israel.,27/07/2026,https://www.elespectador.com/politica/estos-son-los-cambios-diplomaticos-de-abelardo-de-la-espriella-cierra-embajadas-y-fortalece-lazos-con-estados-unidos-e-israel-noticias-hoy/
¿Qué es la desobediencia civil? La reflexión de un doctor en Ciencia Política,Un profesor asociado de la Universidad Nacional y su opinión sobre los alcances y riesgos de este concepto en un país tan polarizado.,27/07/2026,https://www.elespectador.com/politica/que-es-la-desobediencia-civil-la-reflexion-de-un-doctor-en-ciencia-politica/
Gobierno De la Espriella habló con Angie Rodríguez: esto dijo,"El ministro del Interior designado, Rodrigo Lara, aseguró que mantuvo una conversación con Angie Rodríguez.",27/07/2026,https://www.elespectador.com/politica/gobierno-de-la-espriella-hablo-con-angie-rodriguez-esto-dijo/
Este es el saldo que deja la paz total de Gustavo Petro tras cuatro años de gobierno,La crisis humanitaria a raíz de la violencia y la implementación del Acuerdo de Paz dejan cuentas pendientes.,27/07/2026,https://www.elespectador.com/politica/paz-total-este-es-el-saldo-que-deja-la-politica-de-gustavo-petro-tras-cuatro-anos-de-gobierno-noticias-hoy/
De la Espriella anunció cierre de embajadas  y dijo que no despachará desde Casa de Nariño,Abelardo de la Espriella no trabajará desde la Casa de Nariño. Esta será la sede de su gobierno cuando esté en Bogotá.,27/07/2026,https://www.elespectador.com/politica/no-voy-a-despachar-desde-la-casa-de-narino-abelardo-de-la-espriella-dijo-que-sera-un-museo-noticias-hoy/
Congreso debe decidir si da o no el visto bueno a la posesión de De la Espriella en Cali,Ya se adelantan las tareas para que el Legislativo de el sí definitivo del cambio de lugar para el próximo 7 de agosto.,27/07/2026,https://www.elespectador.com/politica/congreso-debe-decidir-si-da-o-no-el-visto-bueno-a-la-posesion-de-de-la-espriella-en-cali/
“Solicito declarar insubsistente a Angie Rodríguez”: presidente Gustavo Petro,"El presidente Gustavo Petro solicitó declarar insubsistente a la directora del Fondo Adaptación, Angie Rodríguez.",27/07/2026,https://www.elespectador.com/politica/solicito-declarar-insubsistente-a-angie-rodriguez-presidente-gustavo-petro/
Posesión de Abelardo de la Espriella ya no sería en el Cauca: hay alertas de seguridad,Las inquietudes en torno a la seguridad del evento y de los invitados han ampliado la baraja de opciones para el lugar de la posesión.,26/07/2026,https://www.elespectador.com/politica/posesion-de-abelardo-de-la-espriella-no-seria-en-el-cauca-asi-se-mueve-el-congreso-para-definir-el-lugar-noticias-hoy/
Rafael Acevedo fue elegido como alcalde de Tunja (Boyacá) en elecciones atípicas,"El candidato del partido ASI reemplazará a Mikhail Krasnov, tras la decisión del Consejo de Estado que anuló su elección.",26/07/2026,https://www.elespectador.com/politica/nuevo-alcalde-de-tunja-rafael-acevedo-fue-elegido-en-elecciones-atipicas-noticias-hoy/
De la Espriella y el uribismo: se agita la pelea por liderar la derecha | La Mesa Redonda,"Desde el Centro Democrático, varias figuras dicen que un sector que apoya a De la Espriella los quiere borrar del mapa político.",26/07/2026,https://www.elespectador.com/politica/de-la-espriella-y-el-uribismo-asi-va-la-pelea-por-liderar-la-derecha-la-mesa-redonda-noticias-hoy/
Así respondió Juliana Guerrero a los señalamientos en su contra por presunta corrupción,Juliana Guerrero se refirió a las pruebas que la vinculan con una presunta red que gestionaba contratos a cambio de pagos.,26/07/2026,https://www.elespectador.com/politica/asi-respondio-juliana-guerrero-a-los-senalamientos-en-su-contra-por-presunta-corrupcion-en-el-gobierno-petro/
¿Cuántos votos sacó Gustavo Petro en segunda vuelta en 2022 y en 2018?,"Gustavo Petro se lanzó a la contienda presidencial en tres ocasiones, logrando la Presidencia en su último intento.",20/06/2026,https://www.elespectador.com/politica/elecciones-colombia-2026/cuantos-votos-saco-gustavo-petro-en-segunda-vuelta-en-2022-y-en-2018-noticias-hoy-elecciones-2026/
"El Congreso le caminará a De la Espriella, pero fuerzas de Uribe y Petro lo condicionarán","La relación de De la Espriella con el Legislativo arrancará con elección de contralor, magistrados del CNE y su reforma fiscal.",06/08/2026,https://www.elespectador.com/politica/congreso-trabajara-con-abelardo-de-la-espriella-pero-partidos-de-alvaro-uribe-y-gustavo-petro-lo-condicionaran-noticias-hoy/
"Alto turmequé: la presidencia de Jesurún, izquierdas, derechas y símbolos",Los mejores confidenciales sobre el poder en Colombia.,29/07/2026,https://www.elespectador.com/politica/alto-turmeque-sobre-izquierdas-derechas-y-simbolos/
“Que logren reflexionar”: Petro y figuras del Pacto Histórico sobre las hermanas Guerrero,El presidente Gustavo Petro publicó un nuevo mensaje reaccionando a las versiones sobre una supuesta red de corrupción.,26/07/2026,https://www.elespectador.com/politica/petro-y-figuras-del-pacto-historico-reaccionan-a-nuevo-escandalo-de-juliana-guerrero-que-logren-reflexionar/
¿Hasta qué hora se puede votar el 21 de junio en segunda vuelta ? Horarios y recomendaciones,Este domingo se abren las urnas a nivel nacional a partir de las 8:00 a. m. y se cerrarán a las 4:00 p. m.,20/06/2026,https://www.elespectador.com/politica/elecciones-colombia-2026/hasta-que-hora-se-puede-votar-el-21-de-junio-en-segunda-vuelta-horarios-y-recomendaciones/
“No tenemos la virtuosidad para manejar la riqueza”: Jorge Iván González,"Jorge Iván González dijo, en esta entrega de Gane quien gane, que ""no tenemos la virtuosidad para manejar la riqueza"".",11/08/2026,https://www.elespectador.com/politica/no-tenemos-la-virtuosidad-para-manejar-la-riqueza-jorge-ivan-gonzalez/
Esto es todo lo que han gastado De la Espriella y Cepeda a horas de la segunda vuelta,Abelardo de la Espriella e Iván Cepeda han gastado más de COP 10.000 millones en segunda vuelta: este es el reporte presidencial.,20/06/2026,https://www.elespectador.com/politica/elecciones-colombia-2026/abelardo-de-la-espriella-e-ivan-cepeda-han-gastado-mas-de-cop-10000-millones-en-segunda-vuelta-este-es-el-reporte-noticias-hoy/
“Hago un llamado a asumir con toda serenidad este proceso electoral”: Iván Cepeda,El candidato Iván Cepeda aseguró que “nuestra decisión es concurrir de manera democrática a las urnas”. Entrevista.,20/06/2026,https://www.elespectador.com/politica/elecciones-colombia-2026/cepeda-hizo-un-llamado-a-asumir-con-serenidad-este-proceso-electoral-de-segunda-vuelta-con-de-la-espriella-noticias-hoy/
"“De la Espriella va a ganar con el legado del expresidente Uribe, pero sin él”: Cabal","María Fernanda Cabal: “De la Espriella va a ganar con el legado del expresidente Uribe, pero sin él”.",30/07/2026,https://www.elespectador.com/politica/elecciones-colombia-2026/de-la-espriella-va-a-ganar-con-el-legado-del-expresidente-uribe-pero-sin-el-cabal/
¿De la Espriella es el “abogado de la mafia”?: así se mueve la narrativa de sus opositores,"Este apelativo se escucha con frecuencia en las filas del oficialismo, políticos y defensores del modelo de la actual administración.",11/08/2026,https://www.elespectador.com/politica/elecciones-colombia-2026/de-la-espriella-es-el-abogado-de-la-mafia-asi-se-mueve-la-narrativa-de-sus-opositores/
“Las cosas pueden terminar bastante feas si no es un resultado contundente”: Benedetti,"Armando Benedetti advirtió que ""si el resultado llega a estar reñido, vamos a tener problemas”. Así habló de la segunda vuelta.",20/06/2026,https://www.elespectador.com/politica/elecciones-colombia-2026/armando-benedetti-dice-que-las-cosas-pueden-terminar-feas-si-no-es-un-resultado-contundente-en-segunda-vuelta-noticias-hoy/
Los pronósticos de la segunda vuelta entre De la Espriella y Cepeda | La Mesa Redonda,¿Cómo se han movido Abelardo de la Espriella e Iván Cepeda para sumar votos? Estas son las últimas movidas de la campaña de segunda vuelta.,20/06/2026,https://www.elespectador.com/politica/elecciones-colombia-2026/abelardo-de-la-espriella-e-ivan-cepeda-los-pronosticos-de-la-segunda-vuelta-analisis-en-la-mesa-redonda/
Movida Electoral: así se mueven las fuerzas políticas alrededor de De la Espriella y Cepeda,"A 24 horas para que se abran las urnas, el país político anuncia apoyos o movimientos alrededor de los dos presidenciables.",20/06/2026,https://www.elespectador.com/politica/elecciones-colombia-2026/movida-electoral-asi-se-mueven-las-fuerzas-politicas-alrededor-de-de-la-espriella-y-cepeda/
¿Cepeda es el “heredero de la guerrilla”?: así se mueve la narrativa de sus opositores,Políticos y activistas de derecha señalan a Cepeda como el “heredero de la guerrilla”. Esto es lo que hay detrás.,30/07/2026,https://www.elespectador.com/politica/elecciones-colombia-2026/cepeda-es-el-heredero-de-la-guerrilla-asi-se-mueve-la-narrativa-de-sus-opositores/
Modifican horarios del cierre de fronteras por elecciones: lo que debe saber de la medida,La decisión la anunció el gobierno nacional en el marco de la implementación del Plan Democracia para blindar las elecciones.,20/06/2026,https://www.elespectador.com/politica/elecciones-colombia-2026/segunda-vuelta-modifican-horarios-del-cierre-de-fronteras-por-elecciones-esto-debe-saber-noticias-hoy/
“El Congreso debe sentarse con el nuevo presidente”: Alfredo Deluque,El congresista que apoya a De la Espriella habló sobre los caminos de diálogo entre el legislativo y un nuevo presidente.,20/06/2026,https://www.elespectador.com/politica/elecciones-colombia-2026/el-congreso-debe-sentarse-con-el-nuevo-presidente-alfredo-deluque/
"Benedetti por la segunda vuelta: “Si el resultado es reñido, vamos a tener problemas”",El ministro Benedetti dijo que “las cosas pueden terminar siendo bastante feas si no es un resultado contundente”. Entrevista.,30/07/2026,https://www.elespectador.com/politica/elecciones-colombia-2026/benedetti-por-la-segunda-vuelta-si-el-resultado-es-renido-vamos-a-tener-problemas/
¿Apretarse el cinturón? La propuesta de los candidatos que no es tan fácil como suena,Estas son las opciones reales de los candidatos para reducir el Estado y mermar el gasto.,11/08/2026,https://www.elespectador.com/politica/elecciones-colombia-2026/apretarse-el-cinturon-la-propuesta-de-los-candidatos-que-no-es-tan-facil-como-suena/
Cancillería rechaza apoyo de Javier Milei a De la Espriella: presentó nota de protesta,"El Ministerio de Relaciones Exteriores rechazó declaraciones del presidente de Argentina, Javier Milei, sobre su apoyo a De la Espriella.",20/06/2026,https://www.elespectador.com/politica/elecciones-colombia-2026/cancilleria-rechaza-apoyo-de-javier-milei-a-abelardo-de-la-espriella-esto-dijo/
"“No tengo nada que reconocerle a Petro”: Enrique Vargas, copresidente de Cambio Radical",El jefe del partido de oposición habló de su relación con la casa Char y de su apoyo a Abelardo de la Espriella.,19/06/2026,https://www.elespectador.com/politica/elecciones-colombia-2026/enrique-vargas-lleras-copresidente-de-cambio-radical-hablo-de-petro-de-la-espriella-y-el-congreso-noticias-hoy/
Este es el Gobierno que les espera a De la Espriella o a Cepeda con un Congreso dividido,Gane quien gane la elección presidencial deberá enfrentarse o negociar con uno de los congresos más divididos de los últimos tiempos.,30/07/2026,https://www.elespectador.com/politica/elecciones-colombia-2026/este-es-el-gobierno-que-les-espera-a-de-la-espriella-o-a-cepeda-con-un-congreso-dividido/
"Entrevista con Iván Cepeda: habla de propuestas, acuerdo nacional, paz total y economía",Iván Cepeda: “Hago a un llamado a todo el país a asumir con serenidad este proceso electoral”. Entrevista final.,11/08/2026,https://www.elespectador.com/politica/elecciones-colombia-2026/ivan-cepeda-habla-de-constituyente-acuerdo-nacional-paz-total-de-la-espriella-y-modelo-economico-entrevista-noticias-hoy/
Iván Duque y Álvaro Uribe se reúnen a dos días de la segunda vuelta,"Los expresidentes Iván Duque y Álvaro Uribe Vélez se reunieron, después de un distanciamiento que ocurrió durante el gobierno del primero.",19/06/2026,https://www.elespectador.com/politica/ivan-duque-y-alvaro-uribe-velez-se-reunen-a-dos-dias-de-la-segunda-vuelta-noticias-hoy/
¿Cómo votar por Abelardo De la Espriella o Iván Cepeda? Así se debe marcar el tarjetón,Esta es la forma correcta de marcar su voto por alguno de los dos candidatos en el tarjetón presidencial este 21 de junio.,19/06/2026,https://www.elespectador.com/politica/elecciones-colombia-2026/como-votar-por-abelardo-de-la-espriella-o-ivan-cepeda-asi-se-debe-marcar-el-tarjeton/
¿Qué pasa si gana el voto en blanco en la segunda vuelta presidencial?,"En el tarjetón junto a las casillas de De la Espriella y Cepeda, aparecerá el voto en blanco, aunque solo tiene un valor simbólico.",19/06/2026,https://www.elespectador.com/politica/elecciones-colombia-2026/que-pasa-si-gana-el-voto-en-blanco-en-la-segunda-vuelta-presidencial/
Indagatoria a Uribe: la izquierda ve “avance” y el uribismo acusa falta de garantías,"Uribe irá a indagatoria: Cepeda cataloga ""avance"", Petro lo invita a la JEP; el exmandatario acusa falta de garantías.",19/06/2026,https://www.elespectador.com/politica/indagatoria-a-uribe-cepeda-ve-avance-petro-invita-a-la-jep-uribe-acusa-falta-de-garantias-y-valencia-ve-injusticia-noticias-hoy/
"“Los resultados deben reconocerse”: Penagos les habló a De la Espriella, Cepeda y Petro","El registrador Hernán Penagos aseguró que ""el preconteo es la herramienta más potente que tiene Colombia"".",30/07/2026,https://www.elespectador.com/politica/elecciones-colombia-2026/los-resultados-deben-reconocerse-penagos-les-hablo-a-de-la-espriella-cepeda-y-petro/
“Colombia tampoco ha sido capaz de manejar sus bonanzas”: Jorge Iván González,"Jorge Iván González aseguró que ""Colombia tampoco ha sido capaz de manejar sus bonanzas"". Este es su análisis completo.",20/06/2026,https://www.elespectador.com/politica/elecciones-colombia-2026/jorge-ivan-gonzalez-dijo-que-colombia-tampoco-ha-sido-capaz-de-manejar-sus-bonanzas-y-habla-de-lo-que-viene-para-el-pais-noticias-hoy/
Gobierno convocará al Congreso a sesiones extraordinarias para discutir Jurisdicción Agraria,Gobierno convocará al Congreso a sesiones extraordinarias para discutir la Jurisdicción Agraria y el Ministerio de la Igualdad.,19/06/2026,https://www.elespectador.com/politica/gobierno-convocara-al-congreso-a-sesiones-extraordinarias-para-discutir-jurisdiccion-agraria/
"Movida Electoral: A 48 horas del llamado a urnas, así se preparan De la Espriella y Cepeda","#MovidaElectoral: De la Espriella insiste en compra de votos y Cepeda habla de hackeo, mientras se preparan para recibir resultados.",19/06/2026,https://www.elespectador.com/politica/elecciones-colombia-2026/de-la-espriella-insiste-en-compra-de-votos-y-cepeda-habla-de-hackeo-a-entrevista-asi-esperan-recibir-sus-resultados-noticias-hoy/
“El reconocimiento de los resultados es un deber democrático”: registrador Penagos,El registrador Penagos aseguró que “el preconteo es la herramienta más potente que tiene Colombia”. Explicó la segunda vuelta.,19/06/2026,https://www.elespectador.com/politica/elecciones-colombia-2026/los-resultados-deben-reconocerse-les-dice-registrador-penagos-a-de-la-espriella-cepeda-y-petro-por-segunda-vuelta-noticias-hoy/
Movida Electoral: las entrevistas y los apoyos internacionales se toman la agenda,Este jueves los candidatos mantuvieron entrevistas en varios medios de comunicación y reafianzaron apoyos internacionales.,19/06/2026,https://www.elespectador.com/politica/elecciones-colombia-2026/movida-electoral-las-entrevistas-y-los-apoyos-internacionales-se-toman-la-agenda/
Registraduría y Mininterior adelantaron reuniones con observadores de cara a elecciones,"Tanto el ente registrador, como el ministro del Interior, Armando Benedetti, tuvieron reuniones sobre la logística de las elecciones.",19/06/2026,https://www.elespectador.com/politica/elecciones-colombia-2026/registraduria-y-mininterior-adelantaron-reuniones-con-observadores-de-cara-a-elecciones/
¿Qué están pensando los candidatos en materia de vejez digna? (análisis),"“Fácil prometer vejez digna, pero ¿cómo pagarla?“: dice un análisis de la Escuela de Gobierno de la Universidad de los Andes.",18/06/2026,https://www.elespectador.com/politica/elecciones-colombia-2026/que-estan-pensando-los-candidatos-en-materia-de-vejez-digna-analisis/
“No hay evidencia de fraude”: 53 organizaciones piden reconocer resultados de segunda vuelta,La Misión Observación Electoral y otras organizaciones hicieron un llamado para que en segunda vuelta se reconozcan los resultados.,18/06/2026,https://www.elespectador.com/politica/elecciones-colombia-2026/no-hay-evidencia-de-fraude-53-organizaciones-piden-reconocer-resultados-de-segunda-vuelta/
"Estas son las restricciones para la segunda vuelta: ley seca, toques de queda y más medidas","Son más de 41,4 millones de colombianos los que están habilitados para votar en esa jornada.",18/06/2026,https://www.elespectador.com/politica/elecciones-colombia-2026/estas-son-las-restricciones-para-la-segunda-vuelta-ley-seca-toques-de-queda-y-mas-medidas-noticias-hoy/
Asocapitales hizo un llamado a ciudades capitales y dio lineamientos para las elecciones,La Asociación de Ciudades Capitales dio algunos lineamientos para recibir las elecciones del próximo domingo.,18/06/2026,https://www.elespectador.com/politica/elecciones-colombia-2026/asocapitales-hizo-un-llamado-a-ciudades-capitales-y-dio-lineamientos-para-las-elecciones/
Expresidentes entran a la discusión de elecciones: “El mayor reto será la gobernabilidad”,Todos los exmandatarios se han pronunciado sobre la contienda electoral entre Abelardo de la Espriella e Iván Cepeda.,18/06/2026,https://www.elespectador.com/politica/elecciones-colombia-2026/uribe-santos-duque-y-gaviria-entran-a-discusion-de-elecciones-el-mayor-reto-sera-la-gobernabilidad-noticias-hoy/
Embajador en Suecia le exige al presidente rectificación tras polémica con la primera dama,El mandatario afirmó que hubo funcionarios que desde la embajada “pagaron la campaña de desprestigio de Verónica Alcocer”.,18/06/2026,https://www.elespectador.com/politica/embajador-en-suecia-solicitara-a-petro-rectificar-senalamientos-sobre-campana-contra-veronica-alcocer-noticias-hoy/
"Presidente Petro volvió a referirse a las elecciones en medio de críticas, ¿qué dijo?","También se ha referido a los mandatarios de Estados Unidos y Argentina, a quienes señaló de injerencia en el proceso.",18/06/2026,https://www.elespectador.com/politica/elecciones-colombia-2026/estos-son-los-momentos-en-los-que-el-presidente-petro-se-ha-referido-a-las-elecciones-y-de-la-espriella-noticias-hoy/
"Reformas, choques institucionales y escándalos: así fueron los cuatro años del Congreso",Este es el balance que dejan cuatro años del Congreso en el gobierno de Gustavo Petro: así cierran antes de las elecciones.,18/06/2026,https://www.elespectador.com/politica/este-fue-el-balance-de-los-cuatro-anos-del-congreso-con-gustavo-petro-y-asi-se-perfila-con-de-la-espriella-y-cepeda-noticias-hoy/
“Una posición no nos puede costar ni la familia ni mucho menos la vida”: Consejo Electoral,El presidente Cristian Quiroz habló con El Espectador sobre las garantías para la segunda vuelta.,18/06/2026,https://www.elespectador.com/politica/elecciones-colombia-2026/consejo-nacional-electoral-presidente-habla-de-segunda-vuelta-y-garantias-para-de-la-espriella-y-cepeda-noticias-hoy/
“Nosotros representamos una continuidad con unos ajustes”: Carolina Corcho sobre Iván Cepeda,"“Evidentemente, está muy cerrada la competencia con Abelardo de la Espriella”, aseguró sobre la segunda vuelta del 21 de junio.",17/06/2026,https://www.elespectador.com/politica/elecciones-colombia-2026/carolina-corcho-habla-sobre-ivan-cepeda-la-bancada-electa-del-pacto-historico-y-abelardo-de-la-espriella-noticias-hoy/
Movida electoral: Milei y Trump apoyan a De la Espriella y Cepeda habla de acuerdo nacional,"A cerca de 72 horas de que se abran las urnas a nivel nacional, los candidatos de la segunda vuelta siguen en movimientos.",18/06/2026,https://www.elespectador.com/politica/elecciones-colombia-2026/movida-electoral-milei-y-trump-apoyan-a-abelardo-de-la-espriella-e-ivan-cepeda-habla-de-acuerdo-nacional-noticias-hoy/
Presidencia regañó a ministros y recordó la “confidencialidad” de la información,"Se habla de la posibilidad de incurrir en ""faltas disciplinarias"" en caso de no seguir los lineamientos establecidos.",18/06/2026,https://www.elespectador.com/politica/presidencia-de-petro-regano-a-ministros-y-recordo-la-confidencialidad-del-acceso-a-la-informacion-noticias-hoy/
Presidente Petro vuelve a las giras regionales a pocos días de las elecciones,Este miércoles el mandatario aterrizará en Medellín. También pasará por Villavicencio y Cali.,17/06/2026,https://www.elespectador.com/politica/elecciones-colombia-2026/presidente-petro-vuelve-a-las-giras-regionales-a-dias-de-las-elecciones-en-medellin-cali-y-villavicencio-noticias-hoy/
Claudia López oficializó su respaldo a Iván Cepeda: esto dijo,"Esto dijo Claudia López, excandidata presidencial, sobre su respaldo a Iván Cepeda para la segunda vuelta.",17/06/2026,https://www.elespectador.com/politica/elecciones-colombia-2026/claudia-lopez-oficializo-su-respaldo-a-ivan-cepeda-esto-dijo/
El Espectador le explica la recta final de las elecciones presidenciales,"Todavía se cocinan alianzas, no hubo debate y sí muchas acusaciones de lado y lado.",17/06/2026,https://www.elespectador.com/politica/elecciones-colombia-2026/el-espectador-le-explica-la-recta-final-de-las-elecciones-presidenciales/
Congresistas se “despiden” del Capitolio: Congreso se renovará en un 60 % el 20 de julio,"María José Pizarro, Paloma Valencia y Sandra Ramírez dejaron mensajes de agradecimiento a sus colegas.",17/06/2026,https://www.elespectador.com/politica/maria-jose-pizarro-paloma-valencia-y-sandra-ramirez-se-despiden-congreso-se-renovara-en-un-60-noticias-hoy/
¿Cuándo termina la Ley de Garantías en 2026 luego de elecciones?,Esto es lo que ocurrirá con la Ley de Garantías luego de que el país conozca el nombre del nuevo presidente de la República.,17/06/2026,https://www.elespectador.com/politica/elecciones-colombia-2026/cuando-termina-la-ley-de-garantias-en-2026-luego-de-elecciones-noticias-hoy/
"Petro, Cepeda y otros políticos reaccionaron a detención de Beto Coral en Estados Unidos",La Embajada de Colombia en ese país anunció que ya se activaron las gestiones de asistencia para el activista Beto Coral.,17/06/2026,https://www.elespectador.com/politica/beto-coral-petro-cepeda-y-otros-politicos-reaccionaron-a-detencion-del-activista-en-estados-unidos/
¿Cuántas personas pueden votar en segunda vuelta en Colombia en 2026?,Estos son los datos claves del censo electoral para la segunda vuelta presidencial del 21 de junio.,17/06/2026,https://www.elespectador.com/politica/elecciones-colombia-2026/cuantas-personas-pueden-votar-en-segunda-vuelta-en-colombia-en-2026-noticias-hoy/
De la Espriella y Cepeda: así se mueven los recursos de sus campañas de segunda vuelta,Esto es lo que han gastado los candidatos Abelardo de la Espriella e Iván Cepeda en propaganda y otros rubros.,17/06/2026,https://www.elespectador.com/politica/elecciones-colombia-2026/de-la-espriella-y-cepeda-esto-es-lo-que-han-gastado-las-campanas-en-segunda-vuelta-noticias-hoy/
“Debemos defender las reglas y respetar la voluntad expresada en las urnas”: Efraín Cepeda,El presidente del Partido Conservador envió un mensaje a partidos políticos y candidatos para que respeten los resultados.,17/06/2026,https://www.elespectador.com/politica/elecciones-colombia-2026/debemos-defender-las-reglas-y-respetar-la-voluntad-expresada-en-las-urnas-efrain-cepeda/
"Movida Electoral: adhesiones, críticas y exámenes médicos se toman la campaña",Candidatos y partidos políticos ajustan las últimas fichas con las que pretenden ganar la Presidencia.,17/06/2026,https://www.elespectador.com/politica/elecciones-colombia-2026/movida-electoral-adhesiones-criticas-y-examenes-medicos-se-toman-la-campana/
¿Se hundió?: Nuevo choque entre Gobierno y Congreso por el futuro de Jurisdicción Agraria,Este martes hay un nuevo choque entre el Gobierno y el Congreso por el proyecto con el que se busca reglamentar la Jurisdicción Agraria.,17/06/2026,https://www.elespectador.com/politica/se-hundio-nuevo-choque-entre-gobierno-y-congreso-por-el-futuro-de-jurisdiccion-agraria/
Choque de maquinarias: Cepeda y De la Espriella se juegan la elección en las regiones,La apuesta regional se da en medio de denuncias de presunta compra de votos y participación indebida en política.,17/06/2026,https://www.elespectador.com/politica/elecciones-colombia-2026/cepeda-y-de-la-espriella-se-juegan-la-eleccion-en-las-regiones-con-un-choque-de-maquinarias-politicas-noticias-hoy/
María Jimena Duzán: “El país está demostrando que se puede discutir entre diferentes”,"En esta oportunidad del especial ""Gane quien gane"", habla María Jimena Duzán.",11/08/2026,https://www.elespectador.com/politica/elecciones-colombia-2026/maria-jimena-duzan-el-pais-esta-demostrando-que-se-puede-discutir-entre-diferentes/
Alianza Verde aprueba salida la representante Catherine Juvinao,El partido Alianza Verde aprobó este martes la salida del bloque liderado por la congresista.,17/06/2026,https://www.elespectador.com/politica/alianza-verde-aprueba-salida-la-representante-catherine-juvinao/
¿Y la salud de los candidatos?: Cepeda y De la Espriella presentan exámenes médicos,Los dos candidatos que se disputan la presidencia el domingo 21 de junio presentaron sus exámenes médicos tras una larga polémica.,16/06/2026,https://www.elespectador.com/politica/elecciones-colombia-2026/y-la-salud-de-los-candidatos-cepeda-y-de-la-espriella-presentan-examenes-medicos/
Tanto el Pacto Histórico como Defensores de la Patria aumentan testigos electorales: CNE,"El Consejo Nacional Electoral aseguró que las colectividades que representan a los candidatos, aumentaron su cantidad de postulaciones.",16/06/2026,https://www.elespectador.com/politica/elecciones-colombia-2026/tanto-el-pacto-historico-como-defensores-de-la-patria-aumentan-testigos-electorales-cne/
Más allá de Abelardo de la Espriella e Iván Cepeda: la salud mental en tiempos de campaña,Las campañas presidenciales no solo buscan ganar votos; también compiten por nuestra atención emociones y miedos.,16/06/2026,https://www.elespectador.com/politica/elecciones-colombia-2026/mas-alla-de-abelardo-de-la-espriella-e-ivan-cepeda-la-salud-mental-en-tiempos-de-campana/
Inicia la última semana para aprobar proyectos en el Congreso: esto es lo que está juego,Estos son los proyectos que se pueden hundir en la última semana del Congreso: agenda del gobierno pone en vilo más de 100 proyectos.,16/06/2026,https://www.elespectador.com/politica/elecciones-colombia-2026/estos-son-los-proyectos-que-se-pueden-hundir-en-la-ultima-semana-del-congreso-noticias-hoyo/
Gobernadores responden a De La Espriella por acusaciones de compra de votos,Gobernadores Carlos Amaya y Luis Escobar respondieron acusaciones de Abelardo de la Espriella por acusaciones de compra de votos.,16/06/2026,https://www.elespectador.com/politica/elecciones-colombia-2026/gobernadores-carlos-amaya-y-luis-escobar-respondieron-acusaciones-de-abelardo-de-la-espriella-por-compra-de-votos-noticia-hoy/
Cámara suspende a Gloria Arizabaleta por intento de mover al presidente del puesto,Cámara suspende a la representante Gloria Arizabaleta por intentar remover a Petro de la Presidencia. Estas son las implicaciones.,16/06/2026,https://www.elespectador.com/politica/camara-suspende-a-la-representante-gloria-arizabaleta-por-intentar-remover-a-petro-de-la-presidencia-noticias-hoy/
Movida Electoral: denuncias por compra de votos y alianzas en última semana de campaña,Abelardo de la Espriella denunció compra de votos de los gobernadores de Boyacá y Nariño: así le respondieron.,16/06/2026,https://www.elespectador.com/politica/elecciones-colombia-2026/abelardo-de-la-espriella-denuncio-compra-de-votos-de-los-gobernadores-de-boyaca-y-narino-asi-le-responden-noticias-hoy/
“He sido crítica de este Gobierno y seré crítica del Gobierno que venga”: Jennifer Pedraza,"""Lo que propone Abelardo no resuelve los problemas del país y por el contrario, amenaza cosas que dábamos por sentadas"": Jennifer Pedraza.",15/06/2026,https://www.elespectador.com/politica/elecciones-colombia-2026/jennifer-pedraza-hablo-de-la-espriella-cepeda-fajardo-y-de-los-logros-en-su-paso-por-el-congreso-noticias-hoy/
Toma fuerza disputa judicial en la campaña a solo cinco días de ir a las urnas,Campaña de segunda vuelta entre De la Espriella y Cepeda se traslada a las disputas judiciales a cinco días de las urnas.,16/06/2026,https://www.elespectador.com/politica/elecciones-colombia-2026/campana-de-segunda-vuelta-entre-de-la-espriella-y-cepeda-se-traslada-a-las-disputas-judiciales-en-recta-final-noticias-hoy/
De la Espriella se la jugó en un cierre de campaña buscando su “milagro” presidencial,"Desde Buga, Valle del Cauca, Abelardo de la Espriella encabezó un cierre de campaña alrededor de la figura del Señor de los Milagros.",11/08/2026,https://www.elespectador.com/politica/elecciones-colombia-2026/de-la-espriella-se-la-jugo-en-un-cierre-de-campana-buscando-su-milagro-presidencial/
"“No debemos tener miedo, vamos a triunfar”: así se vivió el cierre de campaña de Iván Cepeda",El candidato presidencial Iván Cepeda lideró dos actos multitudinarios para el cierre de su campaña.,11/08/2026,https://www.elespectador.com/politica/elecciones-colombia-2026/ivan-cepede-en-su-cierre-de-campana-en-bogota-y-soledad-atlantico/
“No debemos pensar únicamente en ganar estas elecciones”: Cepeda en cierre de campaña,Así fue el cierre de campaña de Iván Cepeda en Soledad: habló del presidente Petro y de Abelardo de la Espriella.,15/06/2026,https://www.elespectador.com/politica/elecciones-colombia-2026/asi-fue-el-cierre-de-campana-de-ivan-cepeda-en-soledad-hablo-del-presidente-petro-y-de-abelardo-de-la-espriella-noticias-hoy/
Movida Electoral: Cepeda denuncia a De la Espriella por supuesto saqueo al sistema de salud,#MovidaElectoral Cepeda denuncia a De la Espriella por supuesto desfalco en la salud: el abogado amplió su denuncia de compra de votos.,15/06/2026,https://www.elespectador.com/politica/elecciones-colombia-2026/cepeda-denuncia-a-de-la-espriella-por-supuesto-desfalco-en-la-salud-el-abogado-respondio-y-acuso-a-la-compra-de-votos-noticias-hoy/
En fotos: así se vivió el cierre de campaña de Abelardo de la Espriella desde Buga,[En fotos]: Así fue el cierre de campaña presidencial de Abelardo de la Espriella desde Buga: lanzó mensajes contra Iván Cepeda.,15/06/2026,https://www.elespectador.com/politica/elecciones-colombia-2026/asi-se-vivio-el-cierre-de-campana-presidencial-de-abelardo-de-la-espriella-desde-buga-lanzo-mensajes-contra-ivan-cepeda-noticias-hoy/
De la Espriella vs. Cepeda: denuncias y cambios calientan la campaña | La Mesa Redonda,La Mesa Redonda analizó la recta final de la campaña marcada por disputas y los cambios de estrategia entre De la Espriella y Cepeda.,14/06/2026,https://www.elespectador.com/politica/elecciones-colombia-2026/de-la-espriella-vs-cepeda-denuncias-y-cambios-calientan-la-recta-final-de-la-campana-la-mesa-redonda-noticias-hoy/
“Quien gane ojalá tenga 200.000 o 300.000 votos encima del otro para disipar dudas”: Bolívar,"Gustavo Bolívar, de la campaña de Iván Cepeda, dijo que “ojalá tenga 200.000 o 300.000 votos encima"" quien gane el 21 de junio.",14/06/2026,https://www.elespectador.com/politica/elecciones-colombia-2026/gustavo-bolivar-dice-que-quien-gane-entre-de-la-espriella-y-cepeda-debe-tener-300000-votos-encima-para-evitar-dudas-noticias-hoy/
María Jimena Duzán: “No hay que temerle a la polarización; hay que hablar con el otro”,"Primera entrega del especial ""Gane quien gane"", que invita a bajar el tono de la polarización. En esta ocasión, habla María Jimena Duzán.",16/06/2026,https://www.elespectador.com/politica/elecciones-colombia-2026/elecciones-2026-maria-jimena-duzan-no-hay-que-temerle-a-la-polarizacion-hay-que-hablar-con-el-otro-noticias-hoy/
"“No era una campaña cualquiera, fue una cruzada nacional”: De la Espriella desde Buga","“La próxima vez que nos veamos Buga, ¡seré su presidente!”. Con estas palabras Abelardo De la Espriella cerró su campaña en Buga.",15/06/2026,https://www.elespectador.com/politica/elecciones-colombia-2026/no-era-una-campana-cualquiera-fue-una-cruzada-nacional-abelardo-de-la-espriella-desde-cierre-de-campana-en-buga-noticias-hoy/
Movida Electoral: encuestas y cierres de campaña marcan la agenda a una semana de las urnas,Así se mueven Abelardo de la Espriella e Iván Cepeda antes de los cierres de campaña: Petro también entra en contienda electoral.,14/06/2026,https://www.elespectador.com/politica/elecciones-colombia-2026/asi-se-mueven-abelardo-de-la-espriella-e-ivan-cepeda-antes-de-los-cierres-de-campana-petro-tambien-entra-en-contienda-noticias-hoy/
De la Espriella refuerza su presencia en las calles antes de su cierre de campaña,De la Espriella y José Manuel Restrepo refuerzan sus salidas públicas antes del cierre de campaña en segunda vuelta presidencial.,14/06/2026,https://www.elespectador.com/politica/elecciones-colombia-2026/de-la-espriella-y-jose-manuel-restrepo-refuerzan-sus-salidas-publicas-para-su-cierre-de-campana-en-segunda-vuelta-noticias-hoy/
Estas son las dudas y respuestas sobre el país que proponen De la Espriella y Cepeda,Secciones de El Espectador responden dudas sobre cómo sería un eventual gobierno de De la Espriella o Cepeda en temas claves.,14/06/2026,https://www.elespectador.com/politica/elecciones-colombia-2026/el-pais-que-proponen-de-la-espriella-y-cepeda-en-salud-educacion-seguridad/
"De la Espriella puntea en segunda vuelta y Cepeda no lograría remontar, dice encuesta de CNC",Abelardo de la Espriella también le gana a Iván Cepeda en la encuesta del CNC: así son los resultados de segunda vuelta.,14/06/2026,https://www.elespectador.com/politica/abelardo-de-la-espriella-tambien-le-gana-a-ivan-cepeda-en-la-encuesta-del-cnc-asi-son-los-resultados-de-segunda-vuelta-noticias-hoy/
¿Cuándo inician las elecciones de segunda vuelta presidencial en Colombia?,Estas son las fechas y horarios para las votaciones de segunda vuelta presidencial entre Abelardo de la Espriella e Iván Cepeda.,13/06/2026,https://www.elespectador.com/politica/elecciones-colombia-2026/cuando-son-las-elecciones-de-segunda-vuelta-en-colombia-estas-son-las-fechas-y-horarios-para-las-votaciones-noticias-hoy/
"“Con el pueblo todo, sin el pueblo nada”: Cepeda da último plazoletazo en Bogotá",Iván Cepeda hizo su último evento de campaña en Bogotá y mandó mensaje a Abelardo de la Espriella antes de segunda vuelta.,14/06/2026,https://www.elespectador.com/politica/elecciones-colombia-2026/ivan-cepeda-hizo-su-ultimo-evento-de-campana-en-bogota-y-mando-mensaje-a-abelardo-de-la-espriella-noticias-hoy/
"Alto turmequé: sobre presidenciables, clanes y mundiales",Los mejores confidenciales sobre el poder en Colombia.,14/06/2026,https://www.elespectador.com/politica/alto-turmeque-sobre-presidenciables-clanes-y-mundiales/
En imágenes: así fue el último evento de Iván Cepeda en Bogotá antes de la segunda vuelta,"En fotos: así se vivió el último evento de Iván Cepeda en la Plaza La Santamaría, en Bogotá, previo a elecciones del 21 de junio.",15/06/2026,https://www.elespectador.com/politica/elecciones-colombia-2026/asi-se-vivio-el-ultimo-evento-de-ivan-cepeda-en-bogota-antes-de-la-segunda-vuelta-presidencial-noticias-hoy/
Arrancan 192 horas vertiginosas para la disputa final entre De la Espriella y Cepeda,Así entran Abelardo De la Espriella e Iván Cepeda a la recta final de una segunda vuelta que se vota el 21 de junio. ¿Qué sigue?,14/06/2026,https://www.elespectador.com/politica/elecciones-colombia-2026/de-la-espriella-y-cepeda-llegan-a-la-semana-definitiva-para-la-segunda-vuelta-del-21-de-junio-con-polemica-noticias-hoy/
Gustavo Bolívar: “La constituyente nos estaba haciendo un daño grandísimo”,Gustavo Bolívar reconoció que “la constituyente nos estaba haciendo daño”. Así habló de la campaña de Iván Cepeda.,30/07/2026,https://www.elespectador.com/politica/elecciones-colombia-2026/la-constituyente-nos-estaba-haciendo-un-dano-grandisimo-gustavo-bolivar/
De la Espriella y Cepeda alistan cierres de campaña: así se moverán este fin de semana,Así serán los cierres de campaña de Abelardo de la Espriella e Iván Cepeda antes de segunda vuelta. Esta es la agenda.,13/06/2026,https://www.elespectador.com/politica/elecciones-colombia-2026/asi-seran-los-cierres-de-campana-de-abelardo-de-la-espriella-e-ivan-cepeda-antes-de-segunda-vuelta-noticias-hoy/
De las plazas a las redes: estas son las estrategias para la recta final de las elecciones,"Con millonarias inversiones en pauta y el fichaje de influenciadores, De la Espriella y Cepeda van para la segunda vuelta.",13/06/2026,https://www.elespectador.com/politica/elecciones-colombia-2026/estas-son-las-estrategias-de-de-la-espriella-y-cepeda-para-la-recta-final-de-las-elecciones-van-de-las-plazas-a-las-redes/
"Movida Electoral: adhesiones, cierres de campaña y el Mundial se toman la segunda vuelta","Abelardo de la Espriella e Iván Cepeda protagonizaron la jornada trazada por alianzas, debates y el Mundial 2026.",13/06/2026,https://www.elespectador.com/politica/elecciones-colombia-2026/abelardo-de-la-espriella-e-ivan-cepeda-protagonizaron-la-jornada-trazada-por-alianzas-debates-y-el-mundial-2026-noticias-hoy/
"“Se los suplico, dejemos de ser agresivos en las redes”: Cardenal Luis José Rueda","""Desarmar la palabra"" fue el mensaje del cardenal Luis José Rueda a los candidatos presidenciales y pidió orar por quienes están en campaña.",12/06/2026,https://www.elespectador.com/politica/elecciones-colombia-2026/cardenal-luis-jose-rueda-pidio-a-de-la-espriella-y-cepeda-desarmar-la-palabra-en-estas-elecciones-de-segunda-vuelta-noticias-hoy/
¿En qué van las convocatorias de carrera diplomática?: esto dice la Cancillería,La Cancillería aclaró rumores sobre la carrera diplomática y reafirmó transparencia del proceso. Estas son las fechas a tener en cuenta.,12/06/2026,https://www.elespectador.com/politica/estas-son-las-fechas-que-siguen-en-la-convocatoria-de-carrera-diplomatica-de-la-cancilleria-noticias-hoy/
Así está el debate por nacionalidad de candidatos: hablaron exmagistrados y presidente Petro,Sigue abierta la discusión respecto a la nacionalidad de Abelardo de la Espriella tras las cartas emitidas por exmagistrados.,12/06/2026,https://www.elespectador.com/politica/elecciones-colombia-2026/asi-esta-el-debate-por-nacionalidad-de-candidatos-hablaron-exmagistrados-y-presidente-petro/
Iván Cepeda presentó nuevo programa de gobierno: esto dice,El candidato del oficialismo presentó un nuevo programa de gobierno en el que matiza y descarta algunas de sus posturas.,12/06/2026,https://www.elespectador.com/politica/elecciones-colombia-2026/ivan-cepeda-presento-nuevo-programa-de-gobierno-esto-dice/
¿Quién es Paloma Valencia? Así es la campaña con la que busca llegar a la Presidencia,Estos son todos los detalles de la campaña de Paloma Valencia para “construir una Colombia más grande”.,30/07/2026,https://www.elespectador.com/politica/elecciones-colombia-2026/quien-es-paloma-valencia-asi-es-la-campana-con-la-que-busca-llegar-a-la-presidencia/
Germán Vargas Lleras: así fueron sus más de 40 años de actividad política,"Germán Vargas dedicó más de 40 años de su vida al servicio público. Lo describen como un hombre ""implacable"" y ""excepcional"".",11/05/2026,https://www.elespectador.com/politica/german-vargas-lleras-mas-de-40-anos-de-vida-dedicados-al-servicio-de-colombia-fue-senador-ministro-y-vicepresidente-noticias-hoy/
La guerra por la derecha: Paloma y Abelardo pisan el acelerador; Cepeda espera rival,Analizamos cómo Paloma Valencia y Abelardo de la Espriella libran una batalla encendida por quedarse con el electorado de derecha.,11/05/2026,https://www.elespectador.com/politica/elecciones-colombia-2026/la-guerra-por-la-derecha-paloma-valencia-y-abelardo-de-la-espriella-pisan-el-acelerador-cepeda-espera-rival/
De la Espriella y Valencia: así va el choque por los votos de la derecha | La Mesa Redonda,De la Espriella y Valencia: así va el choque por los votos de la derecha en la elecciones. Reviva el análisis en La Mesa Redonda.,10/05/2026,https://www.elespectador.com/politica/elecciones-colombia-2026/de-la-espriella-y-valencia-asi-va-el-choque-por-los-votos-de-la-derecha-la-mesa-redonda/
"Congresistas, expresidentes y otras figuras que acompañaron exequias de Germán Vargas Lleras",Velación a Germán Vargas Lleras: estas fueron algunas personalidades que asistieron a los honores del exvicepresidente.,06/07/2026,https://www.elespectador.com/politica/velacion-a-german-vargas-lleras-las-personalidades-de-la-politica-que-asistieron-a-los-honores-del-exvicepresidente-noticias-hoy/
En imágenes: así han sido las exequias de Germán Vargas Lleras,"Familiares, amigos y actores de la política nacional acompañaron las exequias de Germán Vargas Lleras. Así avanza la velación.",10/05/2026,https://www.elespectador.com/politica/en-imagenes-asi-han-sido-las-exequias-de-german-vargas-lleras/
Propuestas de Claudia López: este es su plan de gobierno,Este es el plan de gobierno de la candidata Claudia López.,10/05/2026,https://www.elespectador.com/politica/elecciones-colombia-2026/propuestas-de-claudia-lopez-este-es-su-plan-de-gobierno-sobre-seguridad-economia-corrupcion-salud-y-justicia-noticias-hoy/
Advierten retrasos del CNE en giros de recursos para financiación de campañas presidenciales,MOE advierte problemas para la financiación de las campañas presidenciales. Piden acciones inmediata del CNE antes de elecciones.,10/05/2026,https://www.elespectador.com/politica/elecciones-colombia-2026/moe-advierte-problemas-para-la-financiacion-de-las-campanas-presidenciales-ivan-cepeda-paloma-valencia-de-la-espriella-noticias-hoy/
Gobierno Petro responde ante nuevas amenazas a candidatos presidenciales y congresistas,Gobierno del presidente Gustavo Petro respondió por nuevas amenazas a candidatos presidenciales y congresistas.,09/05/2026,https://www.elespectador.com/politica/elecciones-colombia-2026/gobierno-del-presidente-gustavo-petro-respondio-por-nuevas-amenazas-a-candidatos-cepeda-de-la-espriella-y-valencia-noticias-hoy/
¿Se cae respaldo de los Char a De la Espriella?: esto responden tras cancelación de evento,Respaldo de Fuad Char a la Campaña de Abelardo de la Espriella en duda por cancelación de evento: esto se sabe.,09/05/2026,https://www.elespectador.com/politica/elecciones-colombia-2026/respaldo-de-fuad-char-a-la-campana-de-abelardo-de-la-espriella-en-duda-por-cancelacion-de-evento-esto-se-sabe-noticias-hoy/
"Alto turmequé: de debates, mundiales y capotes",Los mejores confidenciales sobre el poder en Colombia.,10/05/2026,https://www.elespectador.com/politica/alto-turmeque-de-debates-mundiales-y-capotes/
Promesas y varios vacíos: así enfrentará la corrupción el próximo gobierno,"Nuevas entidades, tecnología y hasta “bloques de búsqueda” hacen parte de las propuestas. ¿Tendrán efecto real?",18/05/2026,https://www.elespectador.com/politica/elecciones-colombia-2026/corrupcion-en-colombia-estas-son-las-promesas-y-vacios-de-los-candidatos-presidenciales-para-enfrentar-el-problema/
"Robustecen blindaje electoral para la primera vuelta, pero el oficialismo lanza críticas",Registraduría advirtió que “la desinformación genera muerte”. Pacto Histórico pidió “fortalecer las condiciones de la auditoría”.,09/05/2026,https://www.elespectador.com/politica/elecciones-colombia-2026/colombia-blinda-su-sistema-electoral-para-el-31-de-mayo-penagos-defiende-software-y-petro-lanza-pullas-noticas-hoy/
Esta fue la carrera política de Germán Vargas Lleras: así serán sus exequias,"¿Cuándo es la velación de Germán Vargas Lleras?: esta es la fecha, lugar y hora para los homenajes al exvicepresidente.",06/07/2026,https://www.elespectador.com/politica/cuando-es-la-velacion-de-german-vargas-lleras-esta-es-la-fecha-lugar-y-hora-para-los-homenajes-noticias-hoy/
Falleció Germán Vargas: así construyó su carrera política y su liderazgo en la oposición,Así fue como Germán Vargas Lleras construyó su carrera política y su liderazgo en la oposición.,06/07/2026,https://www.elespectador.com/politica/fallecio-german-vargas-asi-construyo-su-carrera-politica-y-su-liderazgo-en-la-oposicion/
Movida Electoral: Cepeda y Valencia en la región Caribe; De la Espriella y López a Bogotá,Iván Cepeda y Paloma Valencia hacen gira por la región Caribe; Abelardo De la Espriella y Claudia López recorrieron Bogotá.,09/05/2026,https://www.elespectador.com/politica/elecciones-colombia-2026/ivan-cepeda-y-paloma-valencia-hacen-gira-por-la-region-caribe-abelardo-de-la-espriella-y-claudia-lopez-recorren-bogota-noticias-hoy/
Así fueron los dos atentados que sufrió Germán Vargas Lleras: estos fueron los responsables,El exvicepresidente Germán Vargas Lleras fue víctima de dos ataques con explosivos que conmocionaron al país. Así reaccionó.,09/05/2026,https://www.elespectador.com/politica/asi-fueron-los-atentados-que-sufrio-german-vargas-lleras-como-reacciono-y-quienes-fueron-responsables-noticias-hoy/
Vargas Lleras: murió el exvicepresidente y líder de oposición,El exvicepresidente Germán Vargas Lleras falleció en la noche de este viernes 8 de mayo a sus 64 años.,06/07/2026,https://www.elespectador.com/politica/vargas-lleras-murio-el-exvicepresidente-y-lider-de-oposicion/
Germán Vargas: falleció el hombre que enfrentó a narcos y realzó la Vicepresidencia,"Este es el perfil del quien luchó contra el narcotráfico, sufrió atentados y le dio fuerza al segundo cargo de la Casa de Nariño.",06/07/2026,https://www.elespectador.com/politica/german-vargas-lleras-fallece-en-colombia-perfil-del-hombre-que-enfrento-a-narcos-y-realzo-la-vicepresidencia-noticias-hoy/
Propuestas de Roy Barreras: este es su plan de gobierno,Este es el plan de gobierno del candidato Roy Barreras.,09/05/2026,https://www.elespectador.com/politica/elecciones-colombia-2026/propuestas-de-roy-barreras-este-es-su-plan-de-gobierno-sobre-seguridad-tecnologia-y-justicia-noticias-hoy/
En imágenes: así fue la vida política de Germán Vargas Lleras,Germán Vargas Lleras falleció en la noche de este viernes a sus 64 años. Esta es su vida en imágenes.,09/05/2026,https://www.elespectador.com/politica/la-vida-politica-de-german-vargas-lleras-en-imagenes/
Mundo político reacciona a la muerte del exvicepresidente Germán Vargas Lleras,"Tras la muerte del exvicepresidente Germán Vargas Lleras, el presidente, los expresidentes y los candidatos reaccionaron.",09/05/2026,https://www.elespectador.com/politica/german-vargas-lleras-muere-reaccionaron-petro-uribe-cepeda-y-valencia-entre-otros-noticias-hoy/
Gobierno y autoridades locales condenan el asesinato del periodista Mateo Pérez,Presidente Petro lamentó el hecho y aseguró que se reunirá con la mamá del periodista. Señaló a alias “Chalá” como responsable.,09/05/2026,https://www.elespectador.com/politica/presidente-petro-alcalde-gutierrez-y-gobernador-rendon-condenan-el-asesinato-del-periodista-mateo-perez-noticias-hoy/
Falleció el exvicepresidente Germán Vargas Lleras: así fue su carrera política,Llevaba meses con problemas de salud y alejado de la política. Esta es la trayectoria de quien fue además ministro y senador.,06/07/2026,https://www.elespectador.com/politica/german-vargas-lleras-fallece-este-era-el-exvicepresidente-de-colombia-y-jefe-de-cambio-radical-noticias-hoy/
CNE pedirá al nuevo Congreso modificar la Ley de Encuestas tras reconocer sus restricciones,"CNE reconoció restricciones de la Ley de Encuestas; en conjunto con las encuestadoras, llevarán cambios después del 20 de julio.",09/05/2026,https://www.elespectador.com/politica/elecciones-colombia-2026/ley-de-encuestas-cne-pedira-cambios-al-congreso-tras-reconocer-restricciones-noticias-hoy/
“Atentado a la democracia”: así reaccionan presidenciables a movida con el Clan del Golfo,Gobierno Petro pidió levantar órdenes de captura a integrantes del Clan del Golfo. Los candidatos reaccionan. ¿Qué dijeron?,08/05/2026,https://www.elespectador.com/politica/elecciones-colombia-2026/de-la-espriella-valencia-fajardo-y-otros-candidatos-hablan-de-medida-con-el-clan-del-golfo-se-forma-polemica-noticias-hoy/
"Así se mueven los apoyos de Cepeda, De la Espriella, Valencia y López en las regiones",Los presidenciales se disputan los votos de las regiones a menos de un mes para las elecciones. Cada uno tiene aliados claves.,08/05/2026,https://www.elespectador.com/politica/elecciones-colombia-2026/estos-son-los-apoyos-de-los-candidatos-presidenciales-en-las-regiones-de-colombia-noticias-hoy/
Servicio de investigación del Congreso de EE.UU. analiza efectos de elecciones en Colombia,"Estos serían los efectos en la economía, seguridad y relaciones con EE. UU de llegar Cepeda, De la Espriella o Valencia.",08/05/2026,https://www.elespectador.com/politica/elecciones-colombia-2026/informe-del-servicio-de-investigacion-del-congreso-de-eeuu-analiza-implicaciones-de-elecciones-en-colombia-noticias-hoy/
Gobierno rechazó asesinato de concejal del Centro Democrático: el partido exigió garantías,"Mileidy Villada fue asesinada en el Valle. “Seguiremos fortaleciendo todas las garantías”, dijo el Gobierno.",08/05/2026,https://www.elespectador.com/politica/elecciones-colombia-2026/centro-democratico-de-uribe-y-valencia-pide-al-gobierno-petro-seguridad-tras-asesinato-de-mileidy-villada-noticias-hoy/
Así se alista el gobierno Petro para la transición con quien gobierne desde el 7 de agosto,Una circular de la Casa de Nariño establece los lineamientos para el empalme con el gobierno que le siga al del presidente Petro.,15/05/2026,https://www.elespectador.com/politica/gobierno-del-presidente-petro-se-alista-para-empalme-con-el-que-llegue-al-poder-desde-el-7-de-agosto-noticias-hoy/
Movida Electoral: así se movieron las campañas en las regiones a 23 días de la elección,"Cepeda, De la Espriella, Valencia, López y Fajardo sacuden sus agendas a 23 días de la primera vuelta. ¿Qué sigue?",08/05/2026,https://www.elespectador.com/politica/elecciones-colombia-2026/cepeda-de-la-espriella-valencia-lopez-y-fajardo-sacuden-sus-agendas-a-23-dias-de-la-primera-vuelta-en-colombia-noticias-hoy/
Propuestas de Carlos Caicedo: este es su plan de gobierno,Este es el plan de gobierno del candidato Carlos Caicedo.,22/05/2026,https://www.elespectador.com/politica/elecciones-colombia-2026/propuestas-de-carlos-caicedo-este-es-su-plan-de-gobierno-sobre-constituyente-salud-educacion-y-seguridad-noticias-hoy/
Paloma Valencia retó a Cepeda y De la Espriella: “Se sienten inseguros”,La candidata y senadora del Centro Democrático dijo estar lista para debatir con Iván Cepeda y Abelardo de la Espriella.,06/07/2026,https://www.elespectador.com/politica/elecciones-colombia-2026/paloma-valencia-reto-a-cepeda-y-de-la-espriella-se-sienten-inseguros/
Administración Petro alista empalme: Gobierno no podrá comprometer plata de 2027,Una circular ordenó a todas las dependencias de la Presidencia hacer un inventario de contratos que requerirán recursos en 2027.,08/05/2026,https://www.elespectador.com/politica/presidente-gustavo-petro-alista-empalme-gobierno-no-podra-comprometer-plata-de-2027-noticias-hoy/
“La desinformación genera muerte”: registrador defendió transparencia del proceso electoral,"“La desinformación genera muerte”, dice registrador Penagos en defensa del sistema electoral. Oficialismo plantea dudas. ¿Qué sigue?",08/05/2026,https://www.elespectador.com/politica/elecciones-colombia-2026/la-desinformacion-genera-muerte-dice-registrador-penagos-en-defensa-del-sistema-electoral-por-criticas-de-petro-noticias-hoy/
Propuestas de Miguel Uribe Londoño: este es su plan de gobierno,Este es el plan de gobierno del candidato Miguel Uribe Londoño.,08/05/2026,https://www.elespectador.com/politica/elecciones-colombia-2026/este-es-el-plan-de-gobierno-del-candidato-miguel-uribe-londono-conozca-sus-propuestas/
La necesidad de fortalecer aliados extranjeros también sacude a las campañas: así se mueven,"Iván Cepeda, Abelardo de la Espriella y Paloma Valencia buscan espacios con naciones ideológicamente afines a sus campañas.",08/05/2026,https://www.elespectador.com/politica/elecciones-colombia-2026/ivan-cepeda-abelardo-de-la-espriella-y-paloma-valencia-buscan-aliados-en-el-extranjero-para-primera-vuelta-noticias-hoy/
"A 24 días de la elección, solo 6 de 12 campañas a la Presidencia rinden cuentas ante el CNE","De la Espriella, Valencia, Fajardo, Barreras, López y Lizcano presentaron cuentas de campaña. Faltan 6 candidatos, entre ellos Cepeda.",07/05/2026,https://www.elespectador.com/politica/elecciones-colombia-2026/valencia-lopez-fajardo-barreras-y-de-la-espriella-presentaron-sus-gastos-de-campana-ante-cne-falta-cepeda-noticias-hoy/
Estos son los proyectos que van ‘quedados’ en el Congreso: así avanzan los debates,"Jurisdicción agraria, reforma a la salud, cambios en el Icetex y bono escolar entran en recta final para intentar ser aprobadas.",07/05/2026,https://www.elespectador.com/politica/estos-son-los-proyectos-que-van-quedados-en-el-congreso-asi-avanzan-los-debates/
17 congresistas conservadores reclaman a Efraín Cepeda por cambios en directiva del partido,La carta fue enviada tras la decisión de nombrar a dos nuevos miembros de la Directiva Nacional del partido Conservador.,07/05/2026,https://www.elespectador.com/politica/congresistas-conservadores-reclaman-a-efrain-cepeda-por-cambios-en-directiva-del-partido-crece-division-noticias-hoy/
Movida Electoral: alertas de ciberseguridad y giras de candidatos marcan la agenda,"Iván Cepeda viaja a Cúcuta, De la Espriella mantiene gira por Bogotá y Valencia alerta por un presunto hackeo a su teléfono.",07/05/2026,https://www.elespectador.com/politica/elecciones-colombia-2026/movida-electoral-alertas-de-ciberseguridad-y-giras-de-candidatos-marcan-la-agenda/
Registraduría reconoció oficialmente al comité que busca frenar Asamblea Constituyente,"La iniciativa promovida por Sergio Fajardo y su fórmula, Edna Bonilla, busca frenar la propuesta del oficialismo.",07/05/2026,https://www.elespectador.com/politica/elecciones-colombia-2026/registraduria-reconocio-oficialmente-al-comite-que-busca-frenar-asamblea-constituyente/
“Pone en peligro la seguridad del sistema”: MOE UE sobre entrega del código fuente,"José Antonio de Gabriel, jefe de la Misión Observación Electoral de la Unión Europea se refirió a la seguridad en elecciones.",08/05/2026,https://www.elespectador.com/politica/elecciones-colombia-2026/pone-en-peligro-la-seguridad-del-sistema-moe-ue-sobre-entrega-del-codigo-fuente/
Así se mueven las fuerzas políticas a tres semanas de la primera vuelta: hay alertas,Registraduría garantiza la transparencia de las elecciones. Pacto Histórico pide otras medidas. La oposición sacude sus fichas.,07/05/2026,https://www.elespectador.com/politica/elecciones-colombia-2026/cepeda-de-la-espriella-valencia-y-las-fuerzas-politicas-se-mueven-por-la-primera-vuelta-del-31-de-mayo-noticias-hoy/
Propuestas de Santiago Botero: este es su plan de gobierno,Este es el plan de gobierno del candidato Santiago Botero.,07/05/2026,https://www.elespectador.com/politica/elecciones-colombia-2026/propuestas-de-santiago-botero-este-es-su-plan-de-gobierno-sobre-seguridad-salud-y-economia-noticias-hoy/
“No recibimos órdenes de parte de la Presidencia”: presidente del Congreso a Petro,"La cabeza del Legislativo, el senador Lidio García (Partido Liberal), enfatizó en que tienen “total independencia y autonomía”.",06/05/2026,https://www.elespectador.com/politica/presidente-del-congreso-responde-a-mandatario-gustavo-petro-no-recibimos-ordenes-de-la-presidencia-noticias-hoy/
Petro volvió a cargar contra la institucionalidad: dardos al Consejo de Estado y la Fiscalía,"El presidente Petro, faltando tres semanas para la primera vuelta, volvió a cargar contra el Consejo de Estado y la Fiscalía. ¿Por qué?",07/05/2026,https://www.elespectador.com/politica/petro-lanza-dardos-al-conejo-de-estado-y-la-fiscalia-por-decisiones-que-se-dan-antes-la-primera-vuelta-noticias-hoy/
El Espectador le explica por qué volvimos a hablar de Constituyente en Colombia,"Ya se están recogiendo, incluso, las firmas; pero los críticos no paran de evidenciar su preocupación al respecto.",06/05/2026,https://www.elespectador.com/politica/por-que-volvimos-a-hablar-de-constituyente-en-colombia-el-espectador-le-explica/
“Se sienten inseguros”: este es el mensaje que Valencia les dejó a Cepeda y De la Espriella,"Paloma Valencia, candidata y senadora del Centro Democrático, también defendió sus alianzas: “Yo recibo partidos y no bandidos”.",08/05/2026,https://www.elespectador.com/politica/elecciones-colombia-2026/paloma-valencia-les-dice-a-cepeda-y-de-la-espriella-que-se-sienten-inseguros-para-debatir-hablo-de-petro-y-uribe-noticias-hoy/
“Ese pariente que ni va a votar por mí”: Paloma Valencia se desmarca de polémica por baldíos,La aspirante a la Presidencia y senadora del Centro Democrático se refirió al tema a través de sus redes sociales.,06/05/2026,https://www.elespectador.com/politica/paloma-valencia-se-demarca-de-polemica-por-baldios-de-su-primo-nicolas-laserna-ni-va-a-votar-por-mi-noticias-hoy/
"Pacto insiste en falta de garantías en auditorías de software, ¿qué responde Registraduría?",El registrador ha dicho que los actores electorales tienen “garantizado el acceso al 100 % del código [fuente]”.,06/05/2026,https://www.elespectador.com/politica/elecciones-colombia-2026/pacto-historico-insiste-en-falta-de-garantias-para-auditoria-de-software-que-responde-registraduria-noticias-hoy/
"Ya hay más de 1.000 actores electorales acreditados para vigilar las elecciones, según CNE","778 son auditores de sistemas postulados por los partidos y movimientos, y 264 son observadores nacionales e internacionales.",06/05/2026,https://www.elespectador.com/politica/elecciones-colombia-2026/ya-hay-mas-de-1000-actores-electorales-acreditados-para-vigilar-elecciones-consejo-nacional-electoral-noticias-hoy/
Candidatos y otros políticos lanzaron cuestionamientos por secuestros del ELN: esto dijeron,"Así reaccionaron los candidatos presidenciales al anuncio del ELN de un ""juicio"" a agentes del CTI y la Policía secuestrados.",06/05/2026,https://www.elespectador.com/politica/elecciones-colombia-2026/candidatos-y-otros-politicos-lanzaron-cuestionamientos-por-secuestros-del-eln-esto-dijeron-noticias-hoy/
Movida electoral: Cepeda selló alianza con Murillo y De la Espriella prepara evento con Char,#MovidaElectoral Iván Cepeda selló alianza con Murillo y De la Espriella prepara evento con la casa Char.,06/05/2026,https://www.elespectador.com/politica/elecciones-colombia-2026/movida-electoral-cepeda-sello-alianza-con-murillo-y-de-la-espriella-prepara-evento-con-char-noticias-hoy/
¿Qué pasará con el tarjetón presidencial de primera vuelta tras la renuncia de Murillo?,Esto es lo que ha hecho la Registraduría con las renuncias de candidatos a pocos días de las elecciones.,06/05/2026,https://www.elespectador.com/politica/elecciones-colombia-2026/que-pasara-con-el-tarjeton-presidencial-de-primera-vuelta-tras-la-renuncia-de-murillo-noticias-hoy/
Así va el juego de las alianzas entre candidatos y otros políticos para la primera vuelta,Iván Cepeda oficializará este miércoles la adhesión del excanciller Luis Gilberto Murillo. Así se mueven los otros candidatos.,06/05/2026,https://www.elespectador.com/politica/elecciones-colombia-2026/asi-va-el-juego-de-las-alianzas-entre-candidatos-y-otros-politicos-para-la-primera-vuelta-noticias-hoy/
Propuestas de Mauricio Lizcano: este es su plan de gobierno,Este es el plan de gobierno del candidato Mauricio Lizcano.,06/05/2026,https://www.elespectador.com/politica/elecciones-colombia-2026/propuestas-de-mauricio-lizcano-este-es-su-plan-de-gobierno-sobre-seguridad-salud-y-reforma-tributaria-noticias-hoy/
Gobierno Petro se juega sus últimas cartas para salvar el Minigualdad: así está la disputa,El debate del Minigualdad se retomará este miércoles en medio de los fuertes cuestionamientos de la oposición.,06/05/2026,https://www.elespectador.com/politica/gobierno-petro-se-juega-sus-ultimas-cartas-para-salvar-el-minigualdad-asi-esta-la-disputa-noticias-hoy/
Se desató polémica en el Congreso por falta de quorum para debatir proyectos de ley,El proyecto de ley ordinaria de la jurisdicción agraria y el de bonos escolares tuvieron discusiones aplazadas.,06/05/2026,https://www.elespectador.com/politica/se-desato-polemica-en-congreso-por-falta-de-quorum-para-debatir-proyectos-esto-dicen-petrismo-y-oposicion-noticias-hoy/
De la Espriella y Valencia escalan pelea por el “segundo lugar” mientras Cepeda suma apoyos,Propuesta para lograr un debate entre los dos terminó en pullas sobre sus porcentajes en las encuestas y el plebiscito de 2016.,08/05/2026,https://www.elespectador.com/politica/elecciones-colombia-2026/de-la-espriella-y-valencia-escalan-pelea-por-el-segundo-lugar-en-eleccion-presidencial-cepeda-suma-apoyos-noticias-hoy/
Así va la elección del próximo contralor en el Congreso: se reduce la lista a 20 candidatos,El próximo 17 de mayo se espera que la comisión designada vuelva a hacer una selección para que queden solo 10 aspirantes.,05/05/2026,https://www.elespectador.com/politica/asi-va-la-eleccion-del-proximo-contralor-en-congreso-se-reduce-la-lista-a-20-candidatos-quienes-son-noticias-hoy/
"Movida electoral: choque entre Valencia y De la Espriella, se enciende polémica por debates","La derecha está enfrentada por los debates y posiciones, mientras la izquierda denuncia presión de grupos armados a electores.",05/05/2026,https://www.elespectador.com/politica/elecciones-colombia-2026/abelardo-de-la-espriella-y-paloma-valencia-se-enfrentan-por-debates-encuestas-y-posiciones-politica-noticias-hoy/
Registraduría instó a garantizar la seguridad para las elecciones presidenciales,"""Para que la ciudadanía pueda salir a votar, pero más que eso, para que pueda salir a votar de manera libre”, afirmó Penagos.",06/05/2026,https://www.elespectador.com/politica/elecciones-colombia-2026/registraduria-insto-a-garantizar-la-seguridad-para-las-elecciones-presidenciales-en-colombia-esto-dijo-noticias-hoy/
Firma GAD3 suspendió encuestas electorales en Colombia: estas son las razones,La empresa cuestionó las exigencias metodológicas que impuso la última ley de encuestas aprobada por el Congreso.,05/05/2026,https://www.elespectador.com/politica/elecciones-colombia-2026/firma-gad3-suspendio-encuestas-electorales-en-colombia-estas-son-las-razones-noticias-hoy/
"Sistemas, asistencia y discursos: el cuidado en los planes de gobierno (análisis)","""Las reformas que dominan la campaña: pensional, laboral, educativa, salud, se estrellan contra la misma pared si no resuelven el cuidado"".",07/05/2026,https://www.elespectador.com/politica/elecciones-colombia-2026/sistemas-asistencia-y-discursos-el-cuidado-en-los-planes-de-gobierno-analisis/
“No esperemos más”: Valencia le envió carta a De la Espriella planteando debate sin Cepeda,Paloma Valencia invitó a De la Espriella a definir las reglas y no esperar “a quienes no quieren venir”.,05/05/2026,https://www.elespectador.com/politica/elecciones-colombia-2026/paloma-valencia-le-envio-carta-a-de-la-espriella-planteando-debate-sin-cepeda-no-esperemos-mas/
Estos son los dos expedientes a cargo del CNE que agitan la campaña de primera vuelta,La autoridad electoral mantiene abiertas indagaciones que tocan las campañas de dos de los punteros.,05/05/2026,https://www.elespectador.com/politica/elecciones-colombia-2026/estos-son-los-dos-expedientes-a-cargo-del-cne-que-agitan-la-campana-presidencial-de-primera-vuelta-noticias-hoy/
“Paloma vs. Cepeda”: campaña del Centro Democrático habla de ‘debate’ entre los candidatos,"La candidata Valencia publicó un video en el que se habla del ""debate que toda Colombia estaba esperando"".",05/05/2026,https://www.elespectador.com/politica/elecciones-colombia-2026/paloma-valencia-e-ivan-cepeda-campana-del-centro-democratico-ambienta-debate-entre-los-dos-candidatos/
“Todo es de normalidad”: Gobierno blinda nuevo modelo estatal para producir pasaportes,La canciller Rosa Villavicencio aseguró que “la situación es de absoluta normalidad”. Así defendió el nuevo modelo de pasaportes.,05/05/2026,https://www.elespectador.com/politica/los-pasaportes-en-colombia-se-producen-con-normalidad-con-portugal-dice-canciller-villavicencio-noticias-hoy/
Propuestas de Sondra Macollins: este es su plan de gobierno,Este es el plan de gobierno de la candidata Sondra Macollins.,05/05/2026,https://www.elespectador.com/politica/elecciones-colombia-2026/propuestas-de-sondra-macollins-este-es-su-plan-de-gobierno/
Movida electoral: derecha e izquierda se muestran dientes en fase final de elecciones,"Cepeda, De la Espriella y Valencia sacudieron sus agendas con dardos que tocan a Petro y Uribe. Así fueron las escenas.",05/05/2026,https://www.elespectador.com/politica/elecciones-colombia-2026/cepeda-de-la-espriella-y-valencia-protagonizan-peleas-entre-derecha-e-izquierda-a-un-mes-de-elecciones-noticias-hoy/
"Crecen tensiones entre el presidente Petro y el Congreso, ¿qué pasará hasta el 20 de junio?","Hay varios proyectos en juego, entre ellos la ley ordinaria de la jurisdicción agraria, que recibirá mensaje de insistencia.",05/05/2026,https://www.elespectador.com/politica/crecen-tensiones-entre-el-presidente-gustavo-petro-y-el-congreso-que-pasara-hasta-el-20-de-junio-noticias-hoy/
"Cinco de las 13 candidaturas han presentado ingresos y gastos de campaña, ¿cuáles faltan?","Faltan nombres como Iván Cepeda, Carlos Caicedo, Santiago Botero, Mauricio Lizcano y Gilberto Murillo. El plazo no ha vencido.",04/05/2026,https://www.elespectador.com/politica/elecciones-colombia-2026/cinco-de-las-13-candidaturas-han-presentado-ingresos-de-campana-ya-estan-valencia-y-de-la-espriella-noticias-hoy/
Se profundiza fractura en Alianza Verde: se radicó objeción de conciencia por apoyo a Cepeda,Hubo mensajes desde el grupo mayoritario de esa colectividad en los que se advertía de posible doble militancia.,04/05/2026,https://www.elespectador.com/politica/elecciones-colombia-2026/se-profundiza-fractura-en-alianza-verde-se-radico-objecion-de-conciencia-por-apoyo-a-ivan-cepeda-noticias-hoy/
Así se enreda el diálogo entre el presidente Gustavo Petro y el saliente Congreso,Las tensiones entre las instituciones y el presidente Gustavo Petro seguirán marcando la agenda. Se reaviva la tensión con el Legislativo.,04/05/2026,https://www.elespectador.com/politica/asi-se-enreda-el-dialogo-entre-el-presidente-gustavo-petro-y-el-saliente-congreso/
“Tampoco se contempla la reelección”: líder del comité constituyente habla sobre Petro,"Armando Wouriyú, del comité promotor de la constituyente del presidente Gustavo Petro, se refirió al papel del jefe de Estado.",04/05/2026,https://www.elespectador.com/politica/tampoco-se-contempla-la-reeleccion-del-presidente-petro-en-la-asamblea-constituyente-dice-su-vocero-armando-wouriyu-noticias-hoy/
Proyecto del Ministerio de Igualdad sigue estancado en comisiones: esto evalúa el Gobierno,"Sindicatos piden al Congreso ponerle el acelerador, pero también se analiza pedirle a la Corte Constitucional una prórroga.",04/05/2026,https://www.elespectador.com/politica/ministerio-de-igualdad-proyecto-para-revivirlo-sigue-estancado-en-congreso-esto-evalua-el-gobierno-petro-noticias-hoy/
"Constituyente, “una telenovela” con rating que pone a pelear a la derecha y a la izquierda",La propuesta de una constituyente revive viejas tensiones y abre nuevas preguntas.,04/05/2026,https://www.elespectador.com/politica/elecciones-colombia-2026/constituyente-de-gustavo-petro-una-telenovela-con-rating-que-pone-a-pelear-a-la-derecha-y-a-la-izquierda/
Movida electoral: así se movieron las fórmulas presidenciales este fin de semana,Las fórmulas presidenciales se dividen el país para conseguir impulsos en las urnas y lograr su paso a la segunda vuelta.,04/05/2026,https://www.elespectador.com/politica/elecciones-colombia-2026/asi-se-movieron-las-formulas-presidenciales-este-fin-de-semana-a-un-mes-de-las-elecciones-noticias-hoy/
¿Quién es Sergio Fajardo? Este es su recorrido y los nombres detrás de la campaña 2026,"El profesor, exgobernador de Antioquia y exalcalde de Medellín intentará por tercera vez llegar a la Presidencia.",06/07/2026,https://www.elespectador.com/politica/elecciones-colombia-2026/quien-es-sergio-fajardo-este-es-su-recorrido-y-los-nombres-detras-de-la-campana-2026/
"Cepeda (37,2%), De la Espriella (20,4%) y Valencia (15,6%) lideran encuesta CNC",Valencia y De la Espriella intercambian en la medición; Cepeda lidera y ganaría en todos los escenarios de segunda vuelta.,03/05/2026,https://www.elespectador.com/politica/elecciones-colombia-2026/encuesta-cnc-ivan-cepeda-372-abelardo-de-la-espriella-204-y-paloma-valencia-156-lideran-medicion-noticias-hoy/
Crecen tensiones entre Colombia y Ecuador por supuesto saboteo a sustitución de cultivos,“Desde Ecuador se sabotea el programa de paz de Colombia”: presidente Gustavo Petro arremete contra Daniel Noboa.,03/05/2026,https://www.elespectador.com/politica/petro-arremete-contra-noboa-por-supuesto-saboteo-a-sustitucion-de-cultivos-crecen-tensiones-entre-colomba-y-ecuador-noticias-hoyai/
Así mueven las últimas encuestas la elección presidencial: Análisis de La Mesa Redonda,"¿Qué viene para la campaña presidencial de primera vuelta tras los resultados de encuestas como Invamer, Guarumo y otras?",04/05/2026,https://www.elespectador.com/politica/elecciones-colombia-2026/encuestas-de-invamer-atlas-intel-guarumo-gad3-mueven-el-tablero-a-un-mes-de-eleccion-presidencial-noticias-hoya/
Movida electoral: así avanzan las giras de los presidenciables a un mes de la primera vuelta,Cepeda arriba en Cali; Valencia viaja por el eje cafetero; De la Espriella visita el Huila; mientras López recorre Bogotá.,03/05/2026,https://www.elespectador.com/politica/elecciones-colombia-2026/estos-son-los-viajes-de-los-candidatos-presidenciales-a-un-mes-de-la-primera-vuelta-en-la-movida-electoral-noticias-hoy/
"Alto turmequé: de garantías, firmas y carreras",Los mejores confidenciales sobre el poder en Colombia.,03/05/2026,https://www.elespectador.com/politica/alto-turmeque-de-garantias-firmas-y-carreras/
El petrismo fortaleció al movimiento sindical en una fase electoral definitiva: así lo hizo,El presidente Petro robusteció a los sindicatos que respaldan la campaña de Iván Cepeda. Son medidas de reparación colectiva.,03/05/2026,https://www.elespectador.com/politica/elecciones-colombia-2026/petro-da-fuerza-a-sindicatos-que-apoyan-a-ivan-cepeda-y-la-constituyente-antes-de-primera-vuelta-hay-polemica-noticias-hoy/
¿Adiós curul por ausentismo? Petición del Gobierno divide opiniones de los congresistas,La petición de sancionar con pérdida de curul a quienes acumulen más de seis inasistencias generó reacciones entre congresistas.,02/05/2026,https://www.elespectador.com/politica/congresistas-del-centro-democratico-y-pacto-historico-sobre-peticion-del-gobierno-de-quitar-curul-por-ausentismo-noticias-hoy/
Petro y Cepeda enfilaron sus bases en torno a la constituyente: apuntan a la primera vuelta,El presidente y el candidato que busca darle continuidad a la izquierda desplegaron estrategias electorales en plaza pública.,02/05/2026,https://www.elespectador.com/politica/elecciones-colombia-2026/petro-y-cepeda-enfilaron-sus-bases-en-torno-a-la-constituyente-apuntan-a-la-primera-vuelta-noticias-hoy/
CNE estudia solicitud de revocar la candidatura de Abelardo De la Espriella por firmas,El CNE solicitó al denunciante pruebas sobre presuntas firmas falsas. De la Espriella asegura que su candidatura está en firme.,06/07/2026,https://www.elespectador.com/politica/elecciones-colombia-2026/cne-estudia-solicitud-de-revocar-la-candidatura-de-abelardo-de-la-espriella-por-presuntas-firmas-falsas-noticias-hoy/
"De la Espriella, Valencia y Fajardo cuestionan apoyo de Petro a referendo constituyente","Tras el apoyo del presidente Gustavo Petro al referendo ciudadano para convocar una constituyente, presidenciables lo criticaron.",04/05/2026,https://www.elespectador.com/politica/elecciones-colombia-2026/de-la-espriella-valencia-y-fajardo-cuestionan-apoyo-de-petro-a-referendo-para-asamblea-nacional-constituyente-noticias-hoy/
Así fueron los últimos choques entre mandatarios locales y el Gobierno Nacional,"En el último mes, el presidente Petro tuvo varios choques con mandatarios locales; el último de ellos fue con el alcalde de Medellín.",02/05/2026,https://www.elespectador.com/politica/choque-entre-presidente-petro-y-alcalde-de-medellin-muestra-las-tensiones-entre-mandatarios-locales-y-el-gobierno-nacional/
Ministro del Interior solicita sanciones para congresistas que falten a las sesiones,"En una carta a los presidentes de la Cámara y Senado, el Mininterior solicita sanciones a congresistas con más de 6 inasistencias.",01/05/2026,https://www.elespectador.com/politica/benedetti-solicita-a-presidentes-de-camara-y-senado-sanciones-para-congresistas-que-falten-a-las-sesiones-noticias-hoy/
Movida Electoral: De la Espriella habla de CNE; Cepeda critica a Valencia y Uribe responde,"Valencia y De la Espriella arremeten contra Cepeda, mientras este habla de poder Constituyente el 1° de mayo.",02/05/2026,https://www.elespectador.com/politica/elecciones-colombia-2026/movida-electoral-abelardo-de-la-espriella-habla-de-cne-ivan-cepeda-tira-pulla-a-paloma-valencia-y-uribe-responde-noticias-hoy/
Este es el panorama electoral que revelan las encuestas: análisis en La Mesa Redonda,"¿Qué viene para la campaña de primera vuelta tras los resultados de encuestas como las de Invamer, Guarumo y otras?",02/05/2026,https://www.elespectador.com/politica/elecciones-colombia-2026/este-es-el-panorama-electoral-que-revelan-las-encuestas-analisis-en-la-mesa-redonda-noticias-hoy/
El poder de las maquinarias se reconfiguró: estas fuerzas moverán los hilos del Congreso,"Los clanes y estructuras tradicionales aseguraron sillas en las listas de izquierda, derecha e incluso en las curules de paz.",30/03/2026,https://www.elespectador.com/politica/elecciones-colombia-2026/el-poder-de-maquinarias-y-clanes-se-reconfiguro-estas-fuerzas-moveran-los-hilos-del-congreso-2026-2030-noticias-hoy/
Presidente Gustavo Petro y otros actores políticos se refirieron al accidente en Putumayo,"El presidente Gustavo Petro se pronunció, a través de X, sobre el accidente de la Fuerza Aérea que ya deja 66 muertes y 57 heridos.",24/03/2026,https://www.elespectador.com/politica/presidente-gustavo-petro-y-otros-actores-politicos-se-refirieron-al-accidente-en-putumayo/
Estos son los movimientos de candidatos presidenciales a dos meses de las urnas,"De la Espriella, Cepeda, Valencia, López y Barreras: así será la agenda de los candidatos a la Presidencia.",24/03/2026,https://www.elespectador.com/politica/elecciones-colombia-2026/de-la-espriella-cepeda-valencia-lopez-y-barreras-asi-sera-la-agenda-de-los-candidatos-a-la-presidencia-noticias-hoy/
En Plenaria del Senado se busca lograr 24 proyectos de ley: agenda del Congreso esta semana,El gobierno Petro tiene tres meses para lograr darle continuidad a proyectos como el del Ministerio de la Igualdad.,24/03/2026,https://www.elespectador.com/politica/en-plenaria-del-senado-se-buscan-lograr-24-proyectos-de-ley-agenda-del-congreso-esta-semana/
Debate presidencial 2026: candidatos hablaron de propuestas para combatir desigualdad,"Valencia, López, Barreras y Murillo participaron este martes en foro organizado por El Espectador y varios aliados.",24/03/2026,https://www.elespectador.com/politica/elecciones-colombia-2026/debate-presidencial-2026-estas-son-las-propuestas-de-los-candidatos-paloma-valencia-claudia-lopez-roy-barreras-y-luis-gilberto-murillo/
Oposición cuestiona a Petro por inversiones en capacidad militar: ¿qué responde?,"El accidente de un avión Hércules avivó el debate sobre el estado de la flota aérea, el armamento y otros recursos de la fuerza pública.",23/03/2026,https://www.elespectador.com/politica/oposicion-cuestiona-a-petro-por-inversiones-en-capacidad-militar-tras-accidente-de-avion-hercules-que-responde/
"Alianzas de primera vuelta: ¿quiénes van con Cepeda, Valencia y otros? | La Mesa Redonda",Así van las alianzas de los candidatos para la primera vuelta presidencial. Análisis en La Mesa Redonda de El Espectador.,24/03/2026,https://www.elespectador.com/politica/elecciones-colombia-2026/alianzas-presidenciales-para-la-primera-vuelta-quienes-van-con-cepeda-paloma-valencia-de-la-espriella-y-otros/
Candidatos presidenciales debaten sobre desigualdad: así podrá seguir la transmisión en vivo,¿Qué piensan los candidatos sobre la desigualdad y qué proponen para construir más equidad en Colombia? Siga el debate.,24/03/2026,https://www.elespectador.com/politica/elecciones-colombia-2026/candidatos-presidenciales-debaten-sobre-desigualdad-asi-podra-seguir-la-transmision-en-vivo/
"Así reaccionaron Petro, candidatos y otros políticos al accidente del avión Hércules",El presidente Petro habló de dificultades para renovar el armamento de las fuerzas militares. Esto dijeron otros políticos.,23/03/2026,https://www.elespectador.com/politica/accidente-avion-hercules-asi-reaccionaron-petro-candidatos-y-otros-politicos-noticias-hoy/
Administración pública y descentralización: retos para el próximo gobierno (análisis),"""Colombia se acerca a una nueva elección presidencial en medio de señales preocupantes sobre el desempeño de su administración pública"".",24/03/2026,https://www.elespectador.com/politica/administracion-publica-y-descentralizacion-retos-para-el-proximo-gobierno-analisis-noticias-hoy/
Encuestas y choques entre uribismo y petrismo marcan otra semana de cara a la primera vuelta,Los cuestionamientos de sectores de la oposición a Petro e Cepeda por el asesinato de Miguel Uribe agitaron la contienda.,22/03/2026,https://www.elespectador.com/politica/elecciones-colombia-2026/encuestas-y-choques-entre-uribismo-y-petrismo-marcan-la-semana-de-cara-a-la-primera-vuelta-noticias-hoy/
Inscripción de cédula para la primera vuelta: este es el plazo límite y así puede hacerlo,"Si usted cambió de domicilio o quiere actualizar su puesto de votación para facilitar el proceso, esto es lo que debe hacer.",23/03/2026,https://www.elespectador.com/politica/elecciones-colombia-2026/inscripcion-de-cedula-para-votar-en-la-primera-vuelta-este-es-el-plazo-limite-y-asi-puede-hacerlo-noticias-hoy/
Desde las regiones le exigen a Petro cumplir compromisos antes de que deje el poder,Alcaldes y gobernadores piden al presidente fortalecer las inversiones y atender las crisis de salud y seguridad.,22/03/2026,https://www.elespectador.com/politica/desde-las-regiones-le-exigen-a-petro-cumplir-compromisos-antes-de-que-deje-el-poder-salud-seguridad-y-otros-reclamos/
"Alto turmequé: de sorpresas, estrés, paros y trasteos",Los mejores confidenciales sobre el poder en Colombia.,22/03/2026,https://www.elespectador.com/politica/alto-turmeque-de-sorpresas-estres-paros-y-trasteos/
"Cepeda (34,5 %), Valencia (22,2 %) y De la Espriella (15,4 %) lideran encuesta del CNC",Se trata de la primera encuesta que ubica a Paloma Valencia detrás de Iván Cepeda. Abelardo de la Espriella cae al tercer lugar.,22/03/2026,https://www.elespectador.com/politica/elecciones-colombia-2026/ivan-cepeda-paloma-valencia-y-abelardo-de-la-espriella-lideran-encuesta-del-cnc-porcentajes-y-otros-candidatos/
Gobierno entregó balance del foro CELAC-África: estos fueron los puntos claves,"La vicepresidenta Francia Márquez destacó logros en materia de comercio, transición energética, tecnología, educación y equidad de género.",22/03/2026,https://www.elespectador.com/politica/gobierno-petro-entrego-balance-del-foro-celac-africa-estos-fueron-los-puntos-claves-noticias-hoy/
¿Periodicazo para Juan Daniel Oviedo y Paloma Valencia?,La elección de Juan Daniel Oviedo como fórmula vicepresidencial de Paloma Valencia agitó la carrera que busca nuevo jefe o jefa de Estado.,21/03/2026,https://www.elespectador.com/politica/elecciones-colombia-2026/periodicazo-para-juan-daniel-oviedo-y-paloma-valencia/
¿Con quiénes hará alianza Abelardo de la Espriella? Responde su fórmula vicepresidencial,"José Manuel Restrepo, llave del candidato Abelardo de la Espriella, habló de las prioridades que tendrán para hacer alianzas.",23/03/2026,https://www.elespectador.com/politica/elecciones-colombia-2026/con-quienes-hara-alianza-abelardo-de-la-espriella-responde-su-formula-vicepresidencial-noticias-hoy/
"“Hay que tomar, con pinzas, las acciones de Daniel Noboa”: sociólogo Stalin Herrera Revelo",Entrevista con el sociólogo del Instituto de Estudios Ecuatorianos sobre las tensiones entre los gobiernos de Ecuador y Colombia.,22/03/2026,https://www.elespectador.com/politica/hay-que-tomar-con-pinzas-las-acciones-de-daniel-noboa-sociologo-stalin-herrera-revelo/
“Tiene que responder”: Valencia cuestionó a Cepeda por caso Miguel Uribe y así reaccionó él,Paloma Valencia dijo que Iván Cepeda “facilitó fugas” de la Segunda Marquetalia. Esto le respondió el candidato.,22/03/2026,https://www.elespectador.com/politica/elecciones-colombia-2026/paloma-valencia-cuestiono-a-ivan-cepeda-por-caso-miguel-uribe-y-el-reacciono-esto-dijeron-noticias-hoy/
Arrancaron los juegos de seducción en la carrera presidencial: así se mueven las campañas,"Iván Cepeda, Abelardo de la Espriella, Paloma Valencia y, entre otros Claudia López, tienden puentes con sectores contrarios.",24/03/2026,https://www.elespectador.com/politica/elecciones-colombia-2026/arrancaron-los-juegos-de-seduccion-en-la-carrera-presidencial-asi-se-mueven-las-campanas/
"Tras llegar tarde, el presidente Petro intervino en el foro Celac-África: esto dijo",El presidente Petro cuestionó a Marco Rubio y habló de cooperación para responder a un momento marcado por los conflictos.,21/03/2026,https://www.elespectador.com/politica/el-presidente-gustavo-petro-tras-llegar-tarde-intervino-en-el-foro-celac-africa-esto-dijo-noticias-hoy/
Así fue el encontronazo entre Álvaro Uribe e Iván Cepeda por el asesinato de Miguel Uribe,El candidato le pidió al expresidente que presente las pruebas para señalarlo en el caso del fallecido senador.,22/03/2026,https://www.elespectador.com/politica/alvaro-uribe-e-ivan-cepeda-asi-fue-el-choque-por-el-asesinato-de-miguel-uribe-y-la-segunda-marquetalia-noticias-hoy/
Debate presidencial: los candidatos hablan de sus propuestas para combatir la desigualdad,Varios de los aspirantes a la Presidencia participarán este martes en el foro organizado por El Espectador. Así puede seguir la transmisión.,21/03/2026,https://www.elespectador.com/politica/elecciones-colombia-2026/debate-presidencial-los-candidatos-hablan-de-sus-propuestas-para-combatir-la-desigualdad-noticias-hoyo/
“Tenemos un proceso electoral con un altísimo nivel de confianza”: Alejandra Barrios,"La directora de la MOE, Alejandra Barrios, aseguró que sí existen garantías de transparencia para las elecciones de este 2026.",21/03/2026,https://www.elespectador.com/politica/elecciones-colombia-2026/colombia-tiene-un-proceso-electoral-con-altisimo-nivel-de-confianza-habla-alejandra-barrios-de-moe-mensaje-a-petro-noticias-hoy/
¿Vendrá el presidente Donald Trump a Colombia? Esto respondió la canciller,Gustavo Petro invitó a Donald Trump a Cartagena. La canciller Rosa Villavicenio explicó en qué va ese proceso.,21/03/2026,https://www.elespectador.com/politica/petro-invita-a-trump-a-colombia-la-canciller-villavicencio-explica-en-que-va-el-proceso-noticias-hoy/
Conozca la fecha en que la Registraduría sorteará el orden de los candidatos en el tarjetón,"El 25 de marzo, la Registraduría sorteará las posiciones de los candidatos presidenciales en el tarjetón de primera vuelta.",24/03/2026,https://www.elespectador.com/politica/elecciones-colombia-2026/conozca-la-fecha-en-que-la-registraduria-sorteara-el-orden-de-los-candidatos-presidenciales-en-el-tarjeton-de-primera-vuelta-noticias-hoy/
“Nunca en mi vida he hablado con un narcotraficante”: Petro tras casos en Estados Unidos,"El presidente Gustavo Petro se pronuncia por las indagaciones que, según reveló NYT, le siguen fiscales estadounidenses.",20/03/2026,https://www.elespectador.com/politica/nunca-en-mi-vida-he-hablado-con-un-narcotraficante-presidente-gustavo-petro-tras-casos-en-estados-unidos-noticias-hoy/
Fallo del Consejo de Estado sobre Rusinque en la SIC genera tensiones en sectores políticos,Sectores políticos sientan postura frente al fallo que anuló el nombramiento de Cielo Rusinque como jefa de la SIC.,20/03/2026,https://www.elespectador.com/politica/fallo-del-consejo-de-estado-sobre-cielo-rusinque-en-la-sic-genera-tensiones-en-sectores-politicos-noticias-hoy/
Petro pide a Fiscalía información por software de escrutinio: plantea “urgencia democrática”,El presidente Petro le envió un derecho de petición a la fiscal Luz Adriana Camargo. El tema gira en torno al código fuente.,20/03/2026,https://www.elespectador.com/politica/elecciones-colombia-2026/presidente-petro-pide-a-fiscal-camargo-informacion-sobre-caso-de-software-de-escrutinio-por-presidenciales-noticias-hoy/
Gobierno le garantizará a Defensoría su labor tras amenazas de “Mordisco”: ¿qué dijo?,"Gobierno anuncia medidas tras restricciones que las disidencias de alias Iván Mordisco impusieron a la Defensoría, la ONU y la OEA.",20/03/2026,https://www.elespectador.com/politica/gobierno-petro-le-garantizara-a-defensoria-oea-y-onu-su-labor-tras-amenazas-de-ivan-mordisco-que-dijo-noticias-hoy/
Alertan contratos por prestación de servicios que suman COP 83.742 millones en Cancillería,La Asociación Diplomática advirtió sobre contratos suscritos por la Cancillería en seis meses que suman COP 83.742 millones.,20/03/2026,https://www.elespectador.com/politica/cop-83-mil-millones-en-contratos-de-prestacion-de-servicios-en-la-cancilleria-alerta-la-asociacion-diplomatica-noticias-hoy/
“Con el presidente Donald Trump ya hay buenas relaciones”: canciller de Colombia,"La canciller Rosa Villavicencio dijo, además, que ""la situación de violencia en Ecuador no es culpa de Colombia"". ¿Y Venezuela?",06/07/2026,https://www.elespectador.com/politica/con-el-presidente-donald-trump-ya-hay-buenas-relaciones-canciller-de-colombia/
“Se hizo bien la tarea”: Iván Duque sobre fórmulas de Valencia y De la Espriella,Iván Duque reta a Iván Cepeda a participar en debates presidenciales: también celebró llegada de Oviedo y Restrepo a campañas.,20/03/2026,https://www.elespectador.com/politica/elecciones-colombia-2026/ivan-duque-reta-a-ivan-cepeda-a-participar-en-debates-presidenciales-tambien-celebro-llegada-de-oviedo-y-restrepo-a-campanas-noticias-hoy/
"Cepeda (35 %), De La Espriella (21 %) y Valencia (16 %) lideran encuesta GAD3","Nueva encuesta GAD3 muestra una primera vuelta con 35 % para Cepeda, mientras De La Espriella suma 21 % y sigue Valencia que llega al 16 %.",20/03/2026,https://www.elespectador.com/politica/elecciones-colombia-2026/ivan-cepeda-35-abelardo-de-la-espriella-21-y-palencia-valencia-16-lideran-encuesta-gad3-noticias-hoy/
“La situación de violencia que está viviendo Ecuador no es culpa de Colombia” : canciller,La canciller Rosa Villavicencio también habló de Estados Unidos y Venezuela. Le envió un mensaje al Gobierno de Daniel Noboa.,20/03/2026,https://www.elespectador.com/politica/situacion-de-violencia-en-ecuador-no-es-culpa-de-colombia-dice-canciller-villavicenicio-habla-de-noboa-petro-y-trump-noticias-hoy/
Consejo Nacional Electoral exige a candidatos transparencia en financiación de campañas,El CNE les reiteró a los candidatos presidenciales cumplir con las obligaciones en materia de la auditoría en las campañas.,20/03/2026,https://www.elespectador.com/politica/elecciones-colombia-2026/consejo-nacional-electoral-exige-a-los-candidatos-presidenciales-transparencia-en-financiacion-de-campanas-noticias-hoy/
"Cepeda sumó a Cristo, Lizcano definió nueva fórmula y otras movidas de la primera vuelta",Las adhesiones y las movidas de los partidos tradicionales siguen marcando la pauta en la carrera presidencial.,19/03/2026,https://www.elespectador.com/politica/elecciones-colombia-2026/cepeda-sumo-a-juan-fernando-cristo-lizcano-definio-nueva-formula-y-otras-movidas-de-la-primera-vuelta-noticias-hoy/
Se alista reunión entre Colombia y Ecuador para desescalar tensiones en la frontera,Se espera que delegaciones de Colombia y Ecuador se reúnan en Lima durante la próxima semana.,23/03/2026,https://www.elespectador.com/politica/delegaciones-de-colombia-y-ecuador-se-reuniran-en-lima-la-otra-semana-para-mediar-tensiones-en-frontera-noticias-hoy/
Estos son los equipos de campaña que empiezan a rodear a los candidatos presidenciales,Valencia consolida su comité político; Cepeda adhiere a Cristo; De La Espriella le cierra la puerta a los partidos. Estas son las movidas.,19/03/2026,https://www.elespectador.com/politica/elecciones-colombia-2026/estos-son-los-equipos-de-campana-que-empiezan-a-rodear-a-cepeda-valencia-de-la-espriella-fajardo-y-lopez-noticias-hoy/
"Así cambió la votación de los partidos entre preconteo y escrutinio, según informe de la MOE","La MOE encontró una diferencia de resultados de apenas el 0,20 % entre los datos del preconteo y el escrutinio.",23/03/2026,https://www.elespectador.com/politica/elecciones-colombia-2026/asi-cambio-la-votacion-de-los-partidos-entre-preconteo-y-escrutinio-segun-informe-de-la-moe-noticias-hoy/
Este fue el mensaje de cooperación que dio Francia Márquez en inicio del foro CELAC-África,La vicepresidenta habló de la alianza entre el Sur Global y pidió trabajar en pro del desarrollo y el cuidado de la vida.,19/03/2026,https://www.elespectador.com/politica/francia-marquez-este-fue-el-mensaje-de-cooperacion-que-dio-la-vicepresidenta-en-inicio-del-foro-celac-africa-noticias-hoy/
Arrancó el pulso por la Contraloría: esta es la lista de inscritos para ocupar el cargo,El actual Congreso elaborará una lista de 10 elegibles y quienes se posesionan el 20 de julio tomarán la decisión final.,19/03/2026,https://www.elespectador.com/politica/arranco-el-pulso-por-la-contraloria-esta-es-la-lista-de-inscritos-para-ocupar-el-cargo/
Colombia y Venezuela alistan cita en abril: ¿se encontrarán Gustavo Petro y Delcy Rodríguez?,Colombia y Venezuela preparan encuentro binacional. Sería el escenario para una cita entre Gustavo Petro y Delcy Rodríguez. ¿Qué sigue?,18/03/2026,https://www.elespectador.com/politica/colombia-y-venezuela-alistan-otro-encuentro-binacional-en-abril-para-gustavo-petro-y-delcy-rodriguez-noticias-hoy/
"Candidatos definen jefes de debate, asesores y lanzan campañas en regiones: así se mueven",Varios candidatos presidenciales ya anunciaron a sus jefes de debate y destaparon cartas para el gabinete.,19/03/2026,https://www.elespectador.com/politica/elecciones-colombia-2026/candidatos-definen-jefes-de-debate-asesores-y-lanzan-campanas-en-las-regiones-asi-se-mueven/
"Valencia, Cepeda, De la Espriella, Fajardo y López: así apuntan los candidatos hacia mayo","Paloma Valencia, Iván Cepeda, Abelardo de la Espriella, Sergio Fajardo y Claudia López agitan sus campañas. Todos se mueven.",19/03/2026,https://www.elespectador.com/politica/elecciones-colombia-2026/valencia-cepeda-de-la-espriella-fajardo-lopez-y-candidatos-a-la-presidencia-de-colombia-mueven-sus-aliados-noticias-hoy/
“El Gobierno ha instrumentalizado a las organizaciones indígenas”: senador Fuelantala,"Fuelantala dijo que el Gobierno de Gustavo Petro “ha instrumentalizado a las organizaciones indígenas"". Entrevista.",18/03/2026,https://www.elespectador.com/politica/petro-ha-instrumentalizado-a-organizaciones-indigenas-dice-senador-indigena-richard-fuelantala-polemica-noticias-hoy/
Presidenciables mueven emisarios y citas con partidos tradicionales para la primera vuelta,"Cepeda, Valencia y De La Espriella se acercan a bancadas. Conservadores, liberales, La U y Cambio Radical aún no definen su ruta.",19/03/2026,https://www.elespectador.com/politica/elecciones-colombia-2026/cepeda-valencia-y-de-la-espriella-mueven-emisarios-y-citas-con-partidos-tradicionales-para-la-primera-vuelta-noticias-hoy/
Gobierno Petro le pide a la Registraduría que se les permita auditar código fuente,"El ministro del Interior, Armando Benedetti, junto a la ministra de las TIC, Carina Murcia, elevaron la petición.",19/03/2026,https://www.elespectador.com/politica/elecciones-colombia-2026/gobierno-petro-le-pide-a-la-registraduria-que-se-les-permita-auditar-codigo-fuente/
"Así van conformándose equipos de Cepeda, Valencia, Fajardo, De la Espriella y más candidatos",A poco más de un mes para las elecciones presidenciales los equipos de campaña se han ido acomodando. Así están distribuidos.,18/03/2026,https://www.elespectador.com/politica/elecciones-colombia-2026/asi-van-conformandose-equipos-de-cepeda-valencia-fajardo-de-la-espriella-y-mas-candidatos/
Cancillería y CNE potencian vigilancia a las elecciones en el exterior para presidenciales,La Cancillería y el Consejo Electoral impulsan medidas para que haya más vigilancia ciudadana en las elecciones presidenciales.,18/03/2026,https://www.elespectador.com/politica/elecciones-colombia-2026/colombia-busca-mayor-vigilancia-ciudadana-desde-el-exterior-a-las-elecciones-presidenciales-de-mayo-noticias-hoy/
Mundo político reacciona tras choque con Ecuador por denuncia de Petro sobre frontera,"Al respecto, el ministro de Defensa, Pedro Sánchez, aseguró que se deben determinar las razones de la ubicación del misil.",18/03/2026,https://www.elespectador.com/politica/mundo-politico-reacciona-tras-choque-con-ecuador-por-denuncia-de-petro-sobre-frontera/
Así va ruta del gobierno Petro para fortalecer grupos indígenas en medio de pulso electoral,El presidente Petro ha implementado una estrategia de empoderamiento para organizaciones indígenas.,18/03/2026,https://www.elespectador.com/politica/elecciones-colombia-2026/asi-es-ruta-del-gobierno-petro-para-fortalecer-grupos-indigenas-en-medio-de-pulso-electoral/
"Radican moción de censura contra el ministro de Salud, Guillermo Alfonso Jaramillo","Firmantes alegan que Jaramillo no ha cumplido con el deber de “dirigir, orientar y controlar” el sistema de Salud adecuadamente.",18/03/2026,https://www.elespectador.com/politica/radican-mocion-de-censura-contra-el-ministro-de-salud-guillermo-alfonso-jaramillo/
“Respeto para construir condiciones”: Uribe sobre unidad entre Valencia y De la Espriella,"El expresidente Álvaro Uribe, se refirió a peticiones de unidad entre Valencia y De la Espriella.",18/03/2026,https://www.elespectador.com/politica/elecciones-colombia-2026/respeto-para-construir-condiciones-uribe-sobre-unidad-entre-valencia-y-de-la-espriella/
"“Minga no es sinónimo de rebelión,  significa trabajo comunitario y social”: Alexander López","El Senador del Pacto Histórico, Alexander López, se refirió al estado de la relación entre el Gobierno y las organizaciones indígenas.",18/03/2026,https://www.elespectador.com/politica/hay-un-rezago-historico-con-pueblos-indigenas-debido-a-gobiernos-anteriores-alexander-lopez/
Estos son los movimientos del Gobierno Petro en una semana marcada por acciones geopolíticas,"Las llamadas entre el presidente Petro y sus homólogos en Francia, EE.UU., México y Brasil ocurren en un reacomodo geopolítico.",18/03/2026,https://www.elespectador.com/politica/gobierno-de-gustavo-petro-llama-a-macron-mientras-inicia-foro-celac-africa-y-otras-movidas-geopoliticas-noticias-hoy/
¿Iván Cepeda y Paloma Valencia seguirán en el Congreso durante la campaña? Esto responden,"Iván Cepeda descarta renunciar al Senado, mientras Paloma Valencia espera ver cómo avanza el Congreso para considerarlo.",18/03/2026,https://www.elespectador.com/politica/elecciones-colombia-2026/ivan-cepeda-y-paloma-valencia-seguiran-en-el-congreso-durante-la-campana-esto-responden/
Benedetti lidera Comité de Protección Electoral para blindar a los candidatos presidenciales,"El mininterior, Armando Benedetti, adelantó un Cormpe para fortalecer la seguridad de los 14 candidatos presidenciales.",17/03/2026,https://www.elespectador.com/politica/elecciones-colombia-2026/armando-benedetti-lidera-comite-de-proteccion-electoral-para-blindar-a-los-candidatos-presidenciales-noticias-hoy/
Cambio Radical de Vargas Lleras analiza qué camino tomar en las presidenciales de mayo,"El partido de Germán Vargas, Cambio Radical, obtuvo 1,2 millones de votos para Senado en una coalición. ¿Y en las presidenciales?",18/03/2026,https://www.elespectador.com/politica/elecciones-colombia-2026/cambio-radical-de-vargas-lleras-reduce-votos-en-senado-y-busca-camino-entre-valencia-y-de-la-espriella-noticias-hoy/
"Adhesiones marcan el inicio de la campaña presidencial de Cepeda, Valencia, Fajardo y otros","Las adhesiones de exministros, exmilitares y partidos a presidenciables marcan la parada de una carrera con 75 días por delante.",17/03/2026,https://www.elespectador.com/politica/elecciones-colombia-2026/cepeda-valencia-fajardo-y-de-la-espriella-anuncian-adhesiones-a-sus-campanas-presidenciales-noticias-hoy/
“Después no necesito visa”: Petro confirmó que Estados Unidos le regresó este documento,"Petro confirmó que Estados Unidos le regresó el documento hasta el final de su periodo. “Después realmente no necesito visa"", dijo.",17/03/2026,https://www.elespectador.com/politica/petro-confirma-que-el-estados-unidos-de-trump-le-regresa-la-visa-despues-no-la-necesito-dijo-hay-debate-noticias-hoy/
Estos son los temas que tiene pendientes el Congreso en medio de la campaña presidencial,"El Congreso, desde este martes, retoma funciones en medio de la campaña presidencial. Así está su agenda.",17/03/2026,https://www.elespectador.com/politica/congreso-de-colombia-retoma-funciones-en-medio-de-campana-por-la-presidencia-hay-proyectos-de-petro-noticias-hoy/
Otro movimiento en Cancillería: sale funcionario que lideraba oficina de Talento Humano,Carlos Orozco se va de la Cancillería. Era director de Talento Humano. Es la cuarta persona que pasa por ese cargo en el actual Gobierno.,17/03/2026,https://www.elespectador.com/politica/cancilleria-de-colombia-tiene-cambio-con-salida-de-carlos-orozco-hay-polemica-con-rosa-villavicencio-noticias-hoy/
Esta es la configuración que está teniendo el Congreso tras los escrutinios,Ya se certificó a los representantes de 18 departamentos. El conteo oficial del Senado se mantiene. Piden mesura.,17/03/2026,https://www.elespectador.com/politica/elecciones-colombia-2026/nuevo-congreso-de-colombia-se-reconfigura-en-procesos-de-escrutinios-habla-el-presidente-del-cne-noticias-hoy/
Revivió polémica por intención de Petro de liquidar EPS “en quiebra”: así se dio el debate,"Dijo que “las EPS, todas las que estén en quiebra, se liquidan”. Oposición le pide asumir su responsabilidad en la crisis.",17/03/2026,https://www.elespectador.com/politica/petro-pide-liquidar-eps-en-quiebra-y-abre-debate-en-elecciones-por-reforma-a-la-salud-oposicion-se-pronuncia-noticias-hoy/
Presidenciables mueven sus fichas: sale fórmula vicepresidencial y continúan reuniones,"Tras la inscripción de candidatos y candidatas a la presidencia, que dejó un total de 14 aspirantes, el tablero se reconfigura.",17/03/2026,https://www.elespectador.com/politica/elecciones-colombia-2026/presidenciables-mueven-sus-fichas-sale-formula-vicepresidencial-y-continuan-reuniones/
Luis Carlos Reyes se baja de la contienda presidencial: ya no será fórmula de Lizcano,El exministro de Comercio del gobierno Petro se bajó de la carrera tras conocerse que su esposa mantiene un embarazo de alto riesgo.,16/03/2026,https://www.elespectador.com/politica/elecciones-colombia-2026/luis-carlos-reyes-se-baja-de-la-contienda-presidencial-ya-no-sera-formula-de-lizcano/
CNE entregó balance sobre escrutinios de las elecciones legislativas: Senado aún no inicia,CNE reveló cómo están avanzando los procesos de escrutinio de las elecciones del 8 de marzo para el Congreso.,16/03/2026,https://www.elespectador.com/politica/elecciones-colombia-2026/asi-estan-avanzando-los-procesos-de-escrutinio-de-las-elecciones-del-8-de-marzo-para-el-congreso-noticias-hoy/
Estos son los partidos políticos que no superaron el umbral electoral en elecciones a Senado,Las elecciones legislativas dejaron fuera del tablero a varios partidos que tras no superar el umbral perdieron su personería jurídica.,16/03/2026,https://www.elespectador.com/politica/elecciones-colombia-2026/estos-son-los-partidos-politicos-que-no-superaron-el-umbral-electoral-en-elecciones-a-senado/
Relación del presidente Petro con las regiones se tensa tras declaraciones sobre Antioquia,La relación entre el presidente Gustavo Petro y las regiones vuelve a flaquear a menos de cinco meses de su retiro de la Casa de Nariño.,16/03/2026,https://www.elespectador.com/politica/relacion-del-presidente-petro-con-las-regiones-se-tensa-tras-declaraciones-sobre-antioquia/
Así quedará el tarjetón electoral de la primera vuelta presidencial|La Mesa Redonda,Así quedará el tarjetón electoral de la primera vuelta a la Presidencia. Este fue el análisis de La Mesa Redonda.,16/03/2026,https://www.elespectador.com/politica/elecciones-colombia-2026/asi-quedara-el-tarjeton-electoral-de-la-primera-vuelta-la-mesa-redonda-noticias-hoy/
Presidente Petro y candidatos se pronuncian en polémica de Iván Cepeda sobre Antioquia,"Presidente Petro, Paloma Valencia y Abelardo de la Espriella se pronunciaron por discurso de Iván Cepeda sobre Antioquia.",16/03/2026,https://www.elespectador.com/politica/elecciones-colombia-2026/presidente-petro-paloma-valencia-y-abelardo-de-la-espriella-se-pronunciaron-por-discurso-de-ivan-cepeda-sobre-antioquia-noticias-hoy/
Lo que se sabe de la implementación del nuevo pasaporte presentado por el presidente Petro,Cancillería aclara cómo avanza la implementación del nuevo modelo de pasaportes presentado por el presidente Gustavo Petro.,16/03/2026,https://www.elespectador.com/politica/asi-avanza-la-implementacion-del-nuevo-modelo-de-pasaportes-presentado-por-el-presidente-gustavo-petro-noticias-hoy/
"De la Espriella, Cepeda, Valencia, Fajardo y las movidas de los candidatos a la Presidencia","De la Espriella, Cepeda, Valencia, Fajardo y demás candidatos a la Presidencia intensificaron agenda de campaña. Así se mueven.",16/03/2026,https://www.elespectador.com/politica/elecciones-colombia-2026/de-la-espriella-cepeda-valencia-fajardo-y-las-movidas-de-los-candidatos-presidenciales-en-plena-campana-noticias-hoy/
Congreso retomará actividades tras reorganización de mapa político y aún en medio campaña,El Senado y la Cámara volverán a la actividad legislativa tras más de 100 días de pausa. Sigue en curso la campaña presidencial.,16/03/2026,https://www.elespectador.com/politica/congreso-retoma-plenarias-tras-reorganizacion-de-mapa-politico-y-aun-en-medio-campana-presidencial-noticias-hoy/
"“Tenemos que lograr una paz institucional, pero también paz política”: Luis Gilberto Murillo","El excanciller y su fórmula a la Vicepresidencia, Luz María Zapata, exdirectora de Asocapitales, hablaron con El Espectador.",15/03/2026,https://www.elespectador.com/politica/elecciones-colombia-2026/luis-gilberto-murillo-y-luz-maria-zapata-hablan-de-su-formula-presidencial-el-gobierno-y-sus-propuestas-noticias-hoy/
Educación que asegure progreso y aprendizaje: una deuda inaplazable (análisis),"""Solo el 55 % de quienes inician en grado primero llega a grado 11 en el tiempo esperado"". Conozca el análisis.",15/03/2026,https://www.elespectador.com/politica/educacion-que-asegure-progreso-y-aprendizaje-una-deuda-inaplazable-analisis-de-los-andes-noticias-hoy/
Gobierno Petro alista foro de alto nivel entre la Celac y la Unión Africana: esto se sabe,Gobierno Petro alista foro de alto nivel entre la Celac y la Unión Africana en Bogotá. Esto se sabe sobre el encuentro.,15/03/2026,https://www.elespectador.com/politica/gobierno-petro-alista-foro-de-alto-nivel-entre-la-celac-y-la-union-africana-esto-se-sabe-noticias-hoy/
"Alto turmequé: de visitas, contratos, confusiones y escudos",Los mejores confidenciales sobre el poder en Colombia.,15/03/2026,https://www.elespectador.com/politica/alto-turmeque-de-visitas-contratos-confusiones-y-escudos/
Primera vuelta tiene 14 llaves disputando la moderación: así van las alianzas y propuestas,Estas son las claves de la carrera presidencial a 77 días de la primera vuelta.,17/03/2026,https://www.elespectador.com/politica/elecciones-colombia-2026/primera-vuelta-tiene-14-llaves-presdenciales-disputando-la-moderacion-asi-van-las-alianzas-y-ejes-programaticos-noticias-hoy/
Benedetti buscaría llegar a la Alcaldía de Barranquilla en 2027: “Todo depende del Pacto”,Afirmó que su candidatura no dependería del resultado de la elección presidencial en la que el Pacto Histórico compite.,15/03/2026,https://www.elespectador.com/politica/armando-benedetti-buscaria-llegar-a-la-alcaldia-de-barranquilla-en-2027-depende-del-pacto-historico-noticias-hoy/
"Partidos sin candidato presidencial analizan cartas para elecciones, ¿cómo van las alianzas?","Conservadores, verdes, liberales, Cambio Radical y el Partido de la U están en definiciones internas de cara al 31 de mayo.",15/03/2026,https://www.elespectador.com/politica/elecciones-colombia-2026/partidos-sin-candidato-presidencial-analizan-cartas-para-elecciones-como-van-las-alianzas-noticias-hoy/
"Presidente Petro justifica su participación en política tras críticas, ¿qué dice la ley?",Desde diversas orillas políticas han solicitado a la Procuraduría entrar a investigar las declaraciones del mandatario.,14/03/2026,https://www.elespectador.com/politica/elecciones-colombia-2026/gustavo-petro-responde-por-criticas-de-participacion-indebida-en-politica-que-dice-la-ley-en-colombia-noticias-hoy/
Alcaldes piden garantías fiscales a candidatos y soluciones inmediatas a gobierno Petro,Insisten a candidatos presidenciales en la conformación de gobiernos alrededor de las regiones.,15/03/2026,https://www.elespectador.com/politica/alcaldes-piden-garantias-fiscales-a-candidatos-y-soluciones-inmediatas-a-gobierno-petro/
"Congreso abrirá inscripción de candidatos para elección de contralor, ¿cómo será el proceso?","A partir de este lunes 16 de marzo, las personas interesadas podrán postular su nombre para hacer parte de la convocatoria.",14/03/2026,https://www.elespectador.com/politica/eleccion-de-contralor-general-congreso-abrira-inscripciones-que-debe-saber-si-quiere-aplicar-noticias-hoy/
Así va la reorganización del Congreso con el proceso de escrutinio,La verificación y consolidación de los votos del 8 de marzo dejará los resultados oficiales del nuevo Legislativo.,14/03/2026,https://www.elespectador.com/politica/elecciones-colombia-2026/asi-va-la-reorganizacion-del-congreso-con-el-proceso-de-escrutinio-de-las-votaciones-del-8-de-marzo-noticias-hoy/
El Congreso de la República se prepara para regresar en medio de la campaña presidencial,El futuro del Minigualdad y la ley de competencias son solo algunos de los temas pendientes en el Congreso.,14/03/2026,https://www.elespectador.com/politica/congreso-de-la-republica-se-prepara-para-regresar-en-medio-de-la-campana-presidencial-noticias-hoy/
Presidente Gustavo Petro se reunió con la bancada del Pacto Histórico en la Casa de Nariño,Presidente Petro y ministro Benedetti estuvieron en la Casa de Nariño con los integrantes de la bancada del Pacto Histórico.,14/03/2026,https://www.elespectador.com/politica/elecciones-colombia-2026/presidente-gustavo-petro-se-reunio-con-la-bancada-del-pacto-historico-en-la-casa-de-narino-este-viernes-noticias-hoy/
El nuevo Congreso no tiene mayorías definidas: esta es la radiografía de su poder,En fila ya está la posible radicación de la asamblea constituyente que se ha promovido desde el gobierno del presidente Petro.,14/03/2026,https://www.elespectador.com/politica/elecciones-colombia-2026/como-quedo-el-congreso-2026-2030-en-colombia-la-radiografia-de-su-poder-antes-de-las-presidenciales-noticias-hoy/
Se enciende debate por posible participación en política de Petro: esto responde él,Varios trinos del presidente Petro han desatado críticas y solicitudes a la Procuraduría para que lo investigue.,13/03/2026,https://www.elespectador.com/politica/elecciones-colombia-2026/se-enciende-debate-por-posible-participacion-en-politica-del-presidente-petro-esto-responde-el-noticias-hoy/
Registraduría apartó a funcionaria por posible participación en política,La entidad confirmó que a su Oficina de Control Disciplinario llegó el video de funcionaria que estaría participando en política.,13/03/2026,https://www.elespectador.com/politica/elecciones-colombia-2026/registraduria-aparto-a-funcionaria-por-posible-participacion-en-politica-campana-paloma-valencia-noticias-hoy/
Así se alinean los partidos de cara a la elección presidencial del 31 de mayo,"Pacto Histórico impulsa a Cepeda, Salvación Nacional a De la Espriella y Centro Democrático a Valencia. Partidos asumen posturas.",13/03/2026,https://www.elespectador.com/politica/elecciones-colombia-2026/cepeda-de-la-espriella-valencia-fajardo-y-otros-candidatos-reciben-apoyo-de-partidos-para-el-31-de-mayo-noticias-hoy/
Petro tiene cita con bancada del Pacto en plena campaña por la primera vuelta presidencial,El presidente Petro se reunirá con la bancada del Pacto Histórico este viernes. La cita se da en plena campaña presidencial.,13/03/2026,https://www.elespectador.com/politica/elecciones-colombia-2026/petro-lleva-al-pacto-historico-a-palacio-en-cita-por-el-candidato-ivan-cepeda-y-nuevo-congreso-la-agenda-noticias-hoy/
"Esto es lo que ha pasado con las llamadas de Petro, Trump, Lula, Sheinbaum y Rodríguez","Colombia, Estados Unidos, Brasil, México y Venezuela hacen parte de una serie de movidas geopolíticas en la región. ¿Por qué?",13/03/2026,https://www.elespectador.com/politica/petro-trump-lula-sheinbaum-y-rodriguez-en-dialogos-en-america-por-narcos-y-economia-este-es-el-panorama-noticias-hoy/
"“Por qué votar por”: Cristian David Hernández, candidato a la Cámara",“Por qué votar por...” es un espacio para que los candidatos al Congreso expongan sus propuestas. Conozca a Cristian David Hernández.,07/07/2026,https://www.elespectador.com/politica/elecciones-colombia-2026/por-que-votar-por-cristian-david-hernandez-candidato-a-la-camara/
"Cepeda (36,4%), De la Espriella (27,9%) y Valencia (17,5%) lideran encuesta de Atlas Intel","Los candidatos Iván Cepeda, Abelardo de la Espriella y Paloma Valencia lideran la medición que se dio a conocer este jueves.",13/03/2026,https://www.elespectador.com/politica/elecciones-colombia-2026/ivan-cepeda-abelardo-de-la-espriella-paloma-valencia-y-sergio-fajardo-lideran-encuesta-de-atlas-intel-noticias-hoy/
“Fuego amigo” en partidos enfrentó a Íngrid Betancourt con Sofía Gaviria; hay otros casos,Ingrid Betancourt dijo que Sofía Gaviria sale del partido Oxígeno. Hay ruidos en Pacto Histórico y Alianza Verde. ¿Por qué?,13/02/2026,https://www.elespectador.com/politica/elecciones-colombia-2026/ingrid-betancourt-pelea-con-sofia-gaviria-ruidos-de-fuego-amigo-en-oxigeno-pacto-de-petro-y-alianza-verde-noticias-hoy/
Se cierra el círculo de competidores por la Casa de Nariño apostando por los indecisos,Candidatos presidenciales apuestan a la Vicepresidencia por figuras mesuradas: así se ajusta el tarjetón de la primera vuelta.,13/03/2026,https://www.elespectador.com/politica/elecciones-colombia-2026/candidatos-presidenciales-apuestan-a-la-vicepresidencia-por-figuras-mesuradas-asi-se-ajusta-el-tarjeton-de-la-primera-vuelta-noticias-hoy/
"Pulso de poder en el Eje Cafetero se mueve entre impedimentos, alianzas y cuestionamientos","En Risaralda, tanto gobernador como alcalde se declararon impedidos para temas electorales. Caldas y Quindío tienen episodios.",13/02/2026,https://www.elespectador.com/politica/elecciones-colombia-2026/el-pulso-de-poder-en-eje-cafetero-se-mueve-entre-impedimentos-alianzas-y-cuestionamientos-noticias-hoy/
Gobierno defendió nuevos impuestos de la emergencia económica para atender crisis inviernal,"El presidente Petro y los ministros Ávila y Benedetti, entre otros funcionarios, defendieron la nueva emergencia económica.",13/02/2026,https://www.elespectador.com/politica/petro-y-gobierno-defienden-impuestos-de-nueva-emergencia-economica-por-crisis-invernal-en-colombia-polemica-noticias-hoy/
Registraduría analiza puestos de votación en Córdoba por invierno y mueve sitio de consulta,La Registraduría aseguró que los puestos de votación en Córdoba están en verificación por el invierno. ¿Qué sigue?,13/02/2026,https://www.elespectador.com/politica/elecciones-colombia-2026/registraduria-verifica-puestos-de-votacion-en-cordoba-por-invierno-y-mueve-herramienta-de-consulta-noticias-hoy/
López Maya salió de la Procuraduría y regresó a su curul en Senado por el Pacto,"Alexander López Maya, del Pacto Histórico del presidente Gustavo Petro, retomó este jueves su curul en el Congreso.",13/02/2026,https://www.elespectador.com/politica/alexander-lopez-del-pacto-de-petro-regresa-al-senado-por-fallo-de-corte-constitucional-recupera-curul-noticias-hoy/
Estos son los juegos de poder detrás de las elecciones al Congreso en Antioquia y el eje,Estos son los juegos de poder detrás de las elecciones al Congreso en Antioquia y el eje cafetero. Este es el mapeo político.,12/02/2026,https://www.elespectador.com/politica/elecciones-colombia-2026/uribe-fico-gaviria-lizcano-y-bedoya-estos-son-los-juegos-de-poder-para-el-congreso-en-antioquia-noticias-hoy/
"Candidatos responden: Enrique Peñalosa habla de sus obras, “recuperar” la salud y tributaria","Enrique Peñalosa habla de una estructura tributaria competitiva, “recuperar” el sistema de salud y critica la paz total.",06/07/2026,https://www.elespectador.com/politica/elecciones-colombia-2026/candidatos-responden-enrique-penalosa-habla-de-sus-obras-recuperar-la-salud-y-reforma-tributaria-noticias-hoy/
Candidatos responden: Aníbal Gaviria habla sobre reforma tributaria y enfoque regional,"El candidato de la Gran Consulta habló sobre la posibilidad de reforma tributaria, la reconstrucción del sistema de salud y paz total.",06/07/2026,https://www.elespectador.com/politica/elecciones-colombia-2026/candidatos-responden-anibal-gaviria-habla-sobre-reforma-tributaria-y-enfoque-regional/
"“Fuego amigo” en las listas al Congreso: Pacto, verdes y Oxígeno enfrentan estos ruidos","Pacto, verdes y Oxígeno enfrentan ruidos internos por discordias sobre parte de las listas al Congreso. ¿Por qué?",14/02/2026,https://www.elespectador.com/politica/elecciones-colombia-2026/pacto-de-petro-alianza-verde-y-oxigeno-de-ingrid-betancourt-tienen-ruidos-por-listas-a-congreso-hay-polemica-noticias-hoy/
Amenaza del ELN a De La Espriella enciende alertas por seguridad electoral de candidatos,ELN declara objetivo militar a De La Espriella y se suma a otros actos de violencia política que han recibido candidatos durante la semana.,12/02/2026,https://www.elespectador.com/politica/elecciones-colombia-2026/abelardo-de-la-espriella-es-amenazado-por-eln-y-enciende-alertas-por-seguridad-electoral-de-candidatos-noticias-hoy/
"“Es necesario un mayor apoyo del Gobierno Nacional”: Alejandro Éder, alcalde de Cali","En entrevista con El Espectador, el alcalde de Cali, Alejandro Éder hablo de la situación en la ciudad de cara a las elecciones.",12/02/2026,https://www.elespectador.com/politica/elecciones-colombia-2026/alejandro-eder-alcalde-de-cali-habla-sobre-elecciones-seguridad-y-su-relacion-con-el-presidente-petro-noticias-hoy/
Surgen nuevas alertas por contratación que desplegó el Gobierno previo a la Ley de Garantías,"A la polémica se suman las denuncias por los pagos atrasados a contratistas del Ministerio del Interior, Planeación y otras entidades.",12/02/2026,https://www.elespectador.com/politica/surgen-nuevas-alertas-por-contratacion-del-gobierno-petro-previo-a-la-ley-de-garantias-y-pagos-atrasados-a-contratistas/
Otra emergencia económica del Gobierno: así la recibió el país político,"Tras nuevo decreto de emergencia económica, algunos sectores políticos del país como gobernadores, candidatos y congresistas reaccionan.",12/02/2026,https://www.elespectador.com/politica/otra-emergencia-economica-del-gobierno-para-inundaciones-en-cordoba-asi-la-recibio-el-pais-politico-noticias-hoy/
"Las giras de Cepeda, Fajardo y otras movidas electorales a un mes de las elecciones de marzo","A menos de un mes de las elecciones al Congreso, los candidatos presidenciales recorren el país. Conozca las ciudades que visitaron.",12/02/2026,https://www.elespectador.com/politica/elecciones-colombia-2026/las-giras-de-cepeda-fajardo-de-la-espriella-y-otras-movidas-electorales-a-un-mes-de-las-elecciones-de-congreso-noticias-hoy/
¿Qué votan los colombianos en el exterior este 2026 y en qué fechas pueden hacerlo?,"Los colombianos en el exterior pueden votar en las embajadas, pero lo hacen en fechas especiales y con tarjetones diferentes. Entérese.",12/02/2026,https://www.elespectador.com/politica/elecciones-colombia-2026/que-votan-los-colombianos-en-el-exterior-este-2026-y-en-que-fechas-pueden-hacerlo-como-voto-si-estoy-en-el-exteriornoticias-hoy/
"Candidatos responden: Mauricio Cárdenas habla de paz total, una nueva tributaria y EE. UU.","Planteó impulsar un Plan Colombia 2.0 “basado en inteligencia, tecnología y recursos” para enfrentar a los grupos criminales.",06/07/2026,https://www.elespectador.com/politica/elecciones-colombia-2026/candidatos-responden-mauricio-cardenas-habla-de-paz-total-una-nueva-tributaria-y-ee-uu/
Tarjetón de primera vuelta ya tiene 14 nombres y condiciona consultas de marzo,"Cepeda, De la Espriella y Fajardo esperan ya en primera vuelta y alteran consultas de marzo: ya hay 14 candidatos.",12/02/2026,https://www.elespectador.com/politica/elecciones-colombia-2026/ivan-cepeda-abelardo-de-la-espriella-y-sergio-fajardo-esperan-ya-en-primera-vuelta-y-alteran-consultas-de-marzo-ya-hay-14-candidatos-noticias-hoy/
"Candidatos responden: David Luna habla de salud, la relación con EE. UU. y narcotráfico",Afirmó que “la salud no es de izquierda o derecha” y prometió actuar para “devolverle la dignidad al ciudadano”.,06/07/2026,https://www.elespectador.com/politica/elecciones-colombia-2026/candidatos-responden-david-luna-habla-de-salud-la-relacion-con-ee-uu-y-narcotrafico/
"“Por qué votar por”: Yeraldine Sánchez, candidata a la Cámara",“Por qué votar por...” es un espacio para que los candidatos al Congreso expongan sus propuestas. Conozca a Yeraldine Sánchez.,07/07/2026,https://www.elespectador.com/politica/elecciones-colombia-2026/por-que-votar-por-yeraldine-sanchez-candidata-a-la-camara/
Presidente Petro no asistirá a conferencia de seguridad en Alemania por emergencia climática,"Presidente Petro anunció que canceló su participación en la conferencia de seguridad de Múnich (Alemania), debido a la emergencia climática.",12/02/2026,https://www.elespectador.com/politica/presidente-gustavo-petro-no-asistira-a-conferencia-de-seguridad-en-alemania-por-emergencia-climatica-de-lluvias-en-cordoba-noticias-hoy/
Se abre debate por firmas para avalar la candidatura presidencial de De la Espriella,"Hay versiones que señalan que de estas, menos de la mitad serían válidas.",11/02/2026,https://www.elespectador.com/politica/elecciones-colombia-2026/firmas-de-abelardo-de-la-espriella-se-abre-debate-por-apoyos-que-presento-para-su-candidatura-presidencial-noticias-hoy/
La canciller Rosa Villavicencio abre embajada en Rumania y otros datos de su gira por Europa,"Canciller Villavicencio inauguró embajada en Rumania. Tras su paso por Suecia y Austria, sus siguientes destinos serán España y Alemania.",11/02/2026,https://www.elespectador.com/politica/canciller-colombiana-rosa-villavicencio-abrio-nueva-embajada-en-rumania-ahora-visitara-espana-y-alemania-noticias-hoy/
Misión de Observación Electoral de la Unión Europea enviará 120 observadores para elecciones,La Misión de Observación Electoral de la Unión Europea enviará cerca de 120 observadores para las elecciones. Conozca sus funciones.,12/02/2026,https://www.elespectador.com/politica/elecciones-colombia-2026/la-mision-de-observacion-electoral-de-la-union-europea-enviara-cerca-de-120-observadores-para-las-elecciones-de-2026-noticias-hoy/
El Espectador le explica cómo va la campaña electoral,"A poco menos de un mes para las consultas, la campaña electoral aumenta su intensidad. Así van los candidatos y sus apuestas.",11/02/2026,https://www.elespectador.com/politica/elecciones-colombia-2026/el-espectador-le-explica-como-va-la-campana-electoral-noticias-hoy/
"“Por qué votar por”: Juan Sebastián Gómez, candidato al Senado",“Por qué votar por...” es un espacio para que los candidatos al Congreso expongan sus propuestas. Conozca a Juan Sebastián Gómez.,11/02/2026,https://www.elespectador.com/politica/elecciones-colombia-2026/por-que-votar-por-juan-sebastian-gomez-candidato-al-senado/
"Candidatos responden: Juan Daniel Oviedo habla de paz total, relación con EE. UU. y reformas",Afirmó que la política de paz del gobierno de Gustavo fue “un gran error” y que implementará “un proceso de sometimiento”.,06/07/2026,https://www.elespectador.com/politica/elecciones-colombia-2026/candidatos-de-la-gran-consulta-responden-juan-daniel-oviedo-habla-de-paz-total-estados-unidos-y-reformas-noticias-hoy/
"“Por qué votar por”: Juan Sebastián Jiménez, candidato a la Cámara",“Por qué votar por...” es un espacio para que los candidatos al Congreso expongan sus propuestas. Conozca a Juan Sebastián Jiménez.,11/02/2026,https://www.elespectador.com/politica/elecciones-colombia-2026/por-que-votar-por-juan-sebastian-jimenez-candidato-a-la-camara/
Estas son las caras con lazos familiares en las regiones que buscan puesto en el Congreso,Estos son los candidatos con familiares activos en política que quieren llegar al Congreso. Más de 11 aspirantes tienen lazos en regiones.,11/02/2026,https://www.elespectador.com/politica/elecciones-colombia-2026/estos-son-los-candidatos-con-familiares-activos-en-politica-que-quieren-llegar-al-congreso-carlos-amaya-federico-gutierrez-noticias-hoy/
"“Por qué votar por”: Martha Peralta, candidata al Senado",“Por qué votar por...” es un espacio para que los candidatos al Congreso expongan sus propuestas. Conozca a Martha Peralta.,07/07/2026,https://www.elespectador.com/politica/elecciones-colombia-2026/por-que-votar-por-martha-peralta-candidata-al-senado/
"Esto es lo que se sabe del nuevo modelo de pasaportes del gobierno Petro, ¿cómo se verán?",El presidente Gustavo Petro presentó la nueva versión de la libreta en el pasado consejo de ministros.,11/02/2026,https://www.elespectador.com/politica/pasaportes-esto-es-lo-que-se-sabe-del-nuevo-modelo-del-gobierno-petro-y-las-alertas-sobre-el-convenio-noticias-hoy/
"“Por qué votar por”: Erwin Jiménez Becerra, candidato a la Cámara",“Por qué votar por...” es un espacio para que los candidatos al Congreso expongan sus propuestas. Conozca a Erwin Jiménez.,07/07/2026,https://www.elespectador.com/politica/elecciones-colombia-2026/por-que-votar-por-erwin-jimenez-becerra-candidato-a-la-camara/
"“Por qué votar por”: Harvi Mesa, candidato a la Cámara",“Por qué votar por...” es un espacio para que los candidatos al Congreso expongan sus propuestas. Conozca a Harvi Mesa.,07/07/2026,https://www.elespectador.com/politica/elecciones-colombia-2026/por-que-votar-por-harvi-mesa-candidato-a-la-camara/
"SENA contrató COP 1,7 billones en época de Ley de Garantías: Colombia Compra Eficiente",La agencia que revisa la contratación publicó un informe que revela las entidades de carácter nacional que más se movieron.,11/02/2026,https://www.elespectador.com/politica/entidades-que-mas-contrataron-en-epoca-de-ley-de-garantias-sena-icbf-y-unidad-de-victimas-lea-informe-noticias-hoy/
"Gobierno Petro vuelve a plantear una emergencia económica, sectores políticos responden",El presidente aseguró que se decretaría si la Corte Constitucional no levantaba la suspensión sobre la que ya está en curso.,11/02/2026,https://www.elespectador.com/politica/gobierno-petro-vuelve-a-plantear-una-emergencia-economica-por-frente-frio-sectores-politicos-responden-noticias-hoy/
"“Por qué votar por”: Natalia Moreno, candidata a la Cámara",“Por qué votar por...” es un espacio para que los candidatos al Congreso expongan sus propuestas. Conozca a Natalia Moreno.,07/07/2026,https://www.elespectador.com/politica/elecciones-colombia-2026/por-que-votar-por-natalia-moreno-candidata-a-la-camara/
"“Por qué votar por”: Alejandro Jaramillo, candidato a la Cámara",“Por qué votar por...” es un espacio para que los candidatos al Congreso expongan sus propuestas. Conozca a Alejandro Jaramillo.,07/07/2026,https://www.elespectador.com/politica/elecciones-colombia-2026/por-que-votar-por-alejandro-jaramillo-candidato-a-la-camara/
De la Espriella pisa lazos en varias fuerzas para buscar respaldo más allá de la derecha,"Abelardo de la Espriella está con Salvación Nacional y Creemos, pero tendió puentes con el Centro Democrático y otros partidos.",11/02/2026,https://www.elespectador.com/politica/elecciones-colombia-2026/de-la-espriella-busca-a-uribe-centro-democratico-y-otros-partidos-con-salvacion-nacional-derecha-se-divide-noticias-hoy/
"“Por qué votar por”: Sara Castellanos, candidata al Senado",“Por qué votar por...” es un espacio para que los candidatos al Congreso expongan sus propuestas. Conozca a Sara Castellanos.,07/07/2026,https://www.elespectador.com/politica/elecciones-colombia-2026/por-que-votar-por-sara-castellanos-candidata-al-senado/
"“Por qué votar por”: Néstor Daniel García, candidato al Senado",“Por qué votar por...” es un espacio para que los candidatos al Congreso expongan sus propuestas. Conozca a Néstor Daniel García.,11/02/2026,https://www.elespectador.com/politica/elecciones-colombia-2026/por-que-votar-por-nestor-daniel-garcia-candidato-al-senado/
Fedepartamentos le propone al presidente Petro usar regalías para emergencia por lluvias,"El presidente de Fedepartamentos, Erasmo Zuleta, le propuso una alternativa al Gobierno Petro para enfrentar la emergencia invernal.",11/02/2026,https://www.elespectador.com/politica/fedepartamentos-le-exige-al-presidente-gustavo-petro-usar-regalias-para-emergencia-invernal-por-frente-frio-noticias-hoy/
Verdes piden anular inscripción de influencer en sus listas que chocó con Katherine Miranda,Alianza Verde le pidió al Consejo Electoral que retire el aval del candidato al Senado Juan David Gómez. Es de su lista.,11/02/2026,https://www.elespectador.com/politica/elecciones-colombia-2026/partido-verde-pide-anular-inscripcion-del-influencer-juan-david-gomez-por-ataques-a-katherine-miranda-noticias-hoy/
"“Por qué votar por”: Milton Fernando Cuervo, candidato al Senado",“Por qué votar por...” es un espacio para que los candidatos al Congreso expongan sus propuestas. Conozca a Milton Fernando Cuervo.,07/07/2026,https://www.elespectador.com/politica/elecciones-colombia-2026/por-que-votar-por-milton-fernando-cuervo-candidato-al-senado/
"“Por qué votar por”: Angelo Gravier Santana, candidato a la Cámara",“Por qué votar por...” es un espacio para que los candidatos al Congreso expongan sus propuestas. Conozca a Angelo Gravier Santana.,07/07/2026,https://www.elespectador.com/politica/elecciones-colombia-2026/por-que-votar-por-angelo-gravier-santana-candidato-a-la-camara/
Miguel Uribe Londoño irá a la primera vuelta presidencial: así toma forma el tarjetón,Miguel Uribe Londoño vuelve a la contienda electoral. Irá a primera vuelta. Así toma forma el tarjetón presidencial de mayo.,11/02/2026,https://www.elespectador.com/politica/elecciones-colombia-2026/miguel-uribe-londono-relanza-nuevamente-su-candidatura-quienes-son-los-otros-candidatos-presidenciales-noticias-hoy/
¿Quién es Aida Quilcué? Así reaccionó el país en medio de las horas que estuvo desaparecida,Aida Quilcué estaba en Cauca cuando se reportó su desaparición. Este es su perfil. Así reaccionó el país.,10/02/2026,https://www.elespectador.com/politica/quien-es-aida-quilcue-senadora-investigan-secuestro-y-asi-reaccionan-gobierno-petro-y-pais-politico-noticias-hoy/
"“Por qué votar por”: Augusto Forero, candidato al Senado",“Por qué votar por...” es un espacio para que los candidatos al Congreso expongan sus propuestas. Conozca a Augusto Forero.,07/07/2026,https://www.elespectador.com/politica/elecciones-colombia-2026/por-que-votar-por-augusto-forero-candidato-al-senado/
"“Por qué votar por”: Libardo Asprilla Lara, candidato a la Cámara",“Por qué votar por...” es un espacio para que los candidatos al Congreso expongan sus propuestas. Conozca a Libardo Asprilla Lara.,07/07/2026,https://www.elespectador.com/politica/elecciones-colombia-2026/por-que-votar-por-libardo-asprilla-lara-candidato-a-la-camara/
"“Por qué votar por”: Fabián Mauricio Peña, candidato a la Cámara",“Por qué votar por...” es un espacio para que los candidatos al Congreso expongan sus propuestas. Conozca a Fabián Mauricio Peña.,07/07/2026,https://www.elespectador.com/politica/elecciones-colombia-2026/por-que-votar-por-fabian-mauricio-pena-candidato-a-la-camara/
"“Por qué votar por”: Karina Rincón, candidata a la Cámara",“Por qué votar por...” es un espacio para que los candidatos al Congreso expongan sus propuestas. Conozca a Karina Rincón.,07/07/2026,https://www.elespectador.com/politica/elecciones-colombia-2026/por-que-votar-por-karina-rincon-candidata-a-la-camara/
Colombia Humana retira recurso por sanción del CNE a campaña Petro: pagará millonaria multa,El abogado de la Colombia Humana retiró recurso de reposición ante el CNE por sanción a campaña Petro en 2022.,10/02/2026,https://www.elespectador.com/politica/elecciones-colombia-2026/colombia-humana-retira-recurso-por-sancion-del-consejo-nacional-electoral-pagara-cop-1200-millones-de-multa-noticias-hoy/
"¿Qué hace un congresista en Colombia, cuánto gana y cuánto tiempo trabaja?","Conozca la guía básica donde El Espectador le cuenta cómo funciona el trabajo de los congresistas, sus deberes, días de trabajo y salarios.",10/02/2026,https://www.elespectador.com/politica/elecciones-colombia-2026/sabe-que-hace-un-congresista-esta-es-la-guia-basica-para-entender-el-congreso/
"“Por qué votar por”: Nadia Alexandra Carreño, candidata a la Cámara",“Por qué votar por...” es un espacio para que los candidatos al Congreso expongan sus propuestas. Conozca a Nadia Carreño,07/07/2026,https://www.elespectador.com/politica/elecciones-colombia-2026/por-que-votar-por-nadia-alexandra-carreno-candidata-a-la-camara/
"“Por qué votar por”: John Edickson Amaya, candidato al Senado",“Por qué votar por...” es un espacio para que los candidatos al Congreso expongan sus propuestas. Conozca a John Amaya.,07/07/2026,https://www.elespectador.com/politica/elecciones-colombia-2026/por-que-votar-por-john-edickson-amaya-candidato-al-senado/
"Oposición radicó tutela contra la inscripción de las listas del Pacto, esto respondieron",Alegan una “vulneración grave de principios y derechos fundamentales en el proceso electoral”.,10/02/2026,https://www.elespectador.com/politica/elecciones-colombia-2026/listas-del-pacto-historico-al-congreso-cambio-radical-radico-tutela-contra-la-inscripcion-esto-dicen-noticias-hoy/
Petro cargó contra Fiscalía y CNE para defender la gestión de su Gobierno y su campaña,Criticó las acciones del ente investigador contra sus exministros Ricardo Bonilla y Luis Fernando Velasco en el caso de la Ungrd.,06/07/2026,https://www.elespectador.com/politica/petro-cargo-contra-fiscalia-y-cne-para-defender-la-gestion-de-su-gobierno-y-su-campana-hablo-de-ricardo-roa-noticias-hoy/
"“Por qué votar por”: Aida Lilian Garcés, candidata a la Cámara",“Por qué votar por...” es un espacio para que los candidatos al Congreso expongan sus propuestas. Conozca a Aida Lilian Garcés.,07/07/2026,https://www.elespectador.com/politica/elecciones-colombia-2026/por-que-votar-por-aida-lilian-garces-candidata-a-la-camara/
"“Por qué votar por”: Rodrigo Cortés Borrero, candidato al Senado",“Por qué votar por...” es un espacio para que los candidatos al Congreso expongan sus propuestas. Conozca a Rodrigo Cortés Borrero.,07/07/2026,https://www.elespectador.com/politica/elecciones-colombia-2026/por-que-votar-por-rodrigo-cortes-borrero-candidato-al-senado/
"“Por qué votar por”: Laura Gallego Solís, candidata a la Cámara",“Por qué votar por...” es un espacio para que los candidatos al Congreso expongan sus propuestas. Conozca a Laura Gallego Solís.,07/07/2026,https://www.elespectador.com/politica/elecciones-colombia-2026/por-que-votar-por-laura-gallego-solis-candidata-a-la-camara/
"“Por qué votar por”: José de Jesús Gamboa, candidata a la Cámara",“Por qué votar por...” es un espacio para que los candidatos al Congreso expongan sus propuestas. Conozca a José de Jesús Gamboa.,07/07/2026,https://www.elespectador.com/politica/elecciones-colombia-2026/por-que-votar-por-jose-de-jesus-gamboa-candidata-a-la-camara/
"“Por qué votar por”: Olga Lucía Velásquez, candidata al Senado",“Por qué votar por...” es un espacio para que los candidatos al Congreso expongan sus propuestas. Conozca a Olga Lucía Velásquez,11/02/2026,https://www.elespectador.com/politica/elecciones-colombia-2026/por-que-votar-por-olga-lucia-velasquez-candidata-al-senado/
"“Por qué votar por”: Ciro Valenzuela, candidato a la Cámara",“Por qué votar por...” es un espacio para que los candidatos al Congreso expongan sus propuestas. Conozca a Ciro Valenzuela.,07/07/2026,https://www.elespectador.com/politica/elecciones-colombia-2026/por-que-votar-por-ciro-valenzuela-candidato-a-la-camara/
Emergencia económica de Petro vuelve a generar debate en medio de crisis por frente frío,Se espera que este martes a las 10:00 a. m. continúe el consejo de ministros del presidente Gustavo Petro.,10/02/2026,https://www.elespectador.com/politica/frente-frio-en-colombia-emergencia-economica-de-petro-vuelve-a-generar-debate-en-medio-de-crisis-noticias-hoy/
Mundo político reacciona a solicitud de imputación de la Fiscalía a Roa: “Debe renunciar”,El ente imputará al presidente de Ecopetrol por los delitos de violación de topes electorales y tráfico de influencias.,10/02/2026,https://www.elespectador.com/politica/imputacion-a-ricardo-roa-mundo-politico-reacciona-a-solicitud-de-la-fiscalia-sobre-presidente-de-ecopetrol-noticias-hoy/
"“Por qué votar por”: Mabel Andrea Sua Toledo, candidata a la Cámara",“Por qué votar por...” es un espacio para que los candidatos al Congreso expongan sus propuestas. Conozca a Mabel Andrea Sua.,07/07/2026,https://www.elespectador.com/politica/elecciones-colombia-2026/por-que-votar-por-mabel-andrea-sua-toledo-candidata-a-la-camara/
"“Por qué votar por”: Javier Suárez Alonso, candidato a la Cámara",“Por qué votar por...” es un espacio para que los candidatos al Congreso expongan sus propuestas. Conozca a Javier Suárez Alonso.,07/07/2026,https://www.elespectador.com/politica/elecciones-colombia-2026/conozca-a-javier-suarez-alonso-candidato-a-la-camara-por-alianza-verde/
"Miguel Uribe, Claudia López y Roy Barreras: estas son las últimas movidas electorales",El resurgimiento de una candidatura presidencial y debates por el frente frío marcaron las discusiones políticas.,10/02/2026,https://www.elespectador.com/politica/elecciones-colombia-2026/roy-barreras-miguel-uribe-y-claudia-lopez-estas-son-las-ultimas-movidas-electorales-noticias-hoy/
Emergencia económica por inundaciones será en 22 departamentos: Armando Benedetti,Gobierno da detalles sobre la emergencia económica en 22 departamentos y los caminos que tomarán si la Corte Constitucional no la reactiva.,06/07/2026,https://www.elespectador.com/politica/emergencia-economica-por-inundaciones-aplicara-en-22-departamentos-armando-benedetti-noticias-hoy/
"El petrismo, la U y otras fuerzas se disputan el poder en el Valle: así va la puja","Así es como el Pacto, La U y otras fuerzas políticas mueven sus fichas en el Valle de cara a las elecciones.",13/02/2026,https://www.elespectador.com/politica/elecciones-colombia-2026/el-petrismo-la-u-y-otras-fuerzas-se-disputan-el-poder-en-el-valle-asi-va-la-puja-noticias-hoy-noticias-colombia-el-bus-colombia/
"“Por qué votar por”: Jorge Rodríguez, candidato a la Cámara",“Por qué votar por...” es un espacio para que los candidatos al Congreso expongan sus propuestas. Conozca a Jorge Rodríguez.,07/07/2026,https://www.elespectador.com/politica/elecciones-colombia-2026/por-que-votar-por-jorge-rodriguez-candidato-a-la-camara-noticias-hoy/
Petro jaló riendas de la izquierda para buscar unidad frente a las votaciones del 8 de marzo,El progresismo que rodea las políticas del presidente Gustavo Petro se fragmentó para las consultas de marzo. Plantean unidad.,10/02/2026,https://www.elespectador.com/politica/elecciones-colombia-2026/petro-ordena-al-pacto-historico-unidad-para-elecciones-de-congreso-sin-cepeda-en-consultas-del-8-de-marzo-noticias-hoy/
“Por qué votar por”: José David Castellanos candidato a la Cámara,“Por qué votar por...” es un espacio para que los candidatos al Congreso expongan sus propuestas. Conozca a José David Castellanos.,07/07/2026,https://www.elespectador.com/politica/elecciones-colombia-2026/por-que-votar-por-jose-david-castellanos-candidato-a-la-camara/
"“Por qué votar por”: Luis Eduardo Garzón, candidato al Senado",“Por qué votar por...” es un espacio para que los candidatos al Congreso expongan sus propuestas. Conozca a Lucho Garzón.,07/07/2026,https://www.elespectador.com/politica/elecciones-colombia-2026/por-que-votar-por-luis-eduardo-garzon-candidato-al-senado/
Poder en las regiones: estos son quienes manejan los hilos para las elecciones,"Una serie de El Espectador contará, a través de cuatro capítulos, cómo se está moviendo la maquinaria electoral regional.",10/02/2026,https://www.elespectador.com/politica/elecciones-colombia-2026/maquinaria-electoral-y-poder-en-las-regiones-estos-son-quienes-manejan-los-hilos-detras-de-las-elecciones-noticias-hoy/
Miguel Uribe Londoño oficializará su candidatura a la Presidencia este martes,"Miguel Uribe Londoño, padre del asesinado senador Miguel Uribe Turbay, será candidato presidencial por el partido Demócrata.",10/02/2026,https://www.elespectador.com/politica/elecciones-colombia-2026/miguel-uribe-londono-oficializara-su-candidatura-a-la-presidencia-por-el-partido-democrata-este-martes-noticias-hoy/
Petro le pide a la Corte reactivar decreto de emergencia económica por ola invernal,"Ante las fuertes lluvias que afectan al país, el Gobierno de Gustavo Petro le pide a la Corte Constitucional reactivar emergencia económica.",10/02/2026,https://www.elespectador.com/politica/gustavo-petro-y-armando-benedetti-defienden-estrategia-de-decretar-emergencia-economica-por-ola-invernal-en-colombia-noticias-hoy/
Fuego amigo en la izquierda impacta las candidaturas de Congreso y presidenciales,Gustavo Bolívar choca con Gloría Floréz por supuesta reunión con Roy Barreras y otros movimientos de fuego amigo en la izquierda.,10/02/2026,https://www.elespectador.com/politica/elecciones-colombia-2026/bolivar-choca-con-gloria-florez-por-roy-barreras-fuego-amigo-en-la-izquierda-impacta-las-candidaturas-presidenciales-noticias-hoy/
Canciller inició gira por Europa y abrió una nueva oficina de la Fuerza Aérea en Suecia,"Se espera que continúe su visita oficial a Europa en Austria, Rumania, Alemania y España.",09/02/2026,https://www.elespectador.com/politica/canciller-inicio-gira-por-europa-y-abrio-una-nueva-oficina-de-fuerza-aerea-en-suecia-por-aviones-gripen-noticias-hoy/
"Gobierno Petro alista consejo de ministros sobre crisis por el frente frío, esto se sabe",El presidente Gustavo Petro anunció en los últimos días que evalúa la posibilidad de declarar una nueva emergencia económica.,09/02/2026,https://www.elespectador.com/politica/frente-frio-gobierno-petro-alista-consejo-de-ministros-para-hacer-balance-esto-se-sabe-noticias-hoy/
Vuelven movimientos en la diplomacia: ya se publicó hoja de vida para la embajada en Turquía,Yenniffer Edilma Parra Moscoso sería el reemplazo de Julio Riaño en Ankara.,09/02/2026,https://www.elespectador.com/politica/vuelven-movimientos-en-la-diplomacia-ya-se-publico-hoja-de-vida-para-embajada-de-colombia-en-turquia-noticias-hoy/
Registraduría anunció que se rediseñó el tarjetón de las consultas: así quedará,"“Es muy intuitivo y no da lugar a error al momento de la toma de la decisión”, apuntó el registrador.",09/02/2026,https://www.elespectador.com/politica/elecciones-colombia-2026/consultas-presidenciales-registraduria-anuncio-que-habra-cambios-en-el-tarjeton-cuales-son-noticias-hoy/
Se abre debate por inscripción de listas del Pacto: hablan de posible doble militancia,La izquierda ha dicho que tiene lista su defensa jurídica y las evidencias necesarias para sustentar su decisión.,09/02/2026,https://www.elespectador.com/politica/elecciones-colombia-2026/pacto-historico-se-abre-debate-por-posible-doble-militancia-por-listas-al-congreso-esto-responden-noticias-hoy/
"De la Espriella, Cepeda y Fajardo: estos son los movimientos más recientes de las campañas","Abelardo de la Espriella, Iván Cepeda, Sergio Fajardo y otros candidatos tuvieron actividad este fin de semana. Movida electoral.",09/02/2026,https://www.elespectador.com/politica/elecciones-colombia-2026/de-la-espriella-cepeda-fajardo-y-los-movimientos-de-los-candidatos-a-presidencia-y-congreso-en-colombia-noticias-hoy/
Consultas y movimientos para Congreso: así se analizó una semana convulsa en La Mesa Redonda,La Mesa Redonda de El Espectador analizó todos los movimientos que se dieron para las tres consultas y las elecciones a Congreso.,09/02/2026,https://www.elespectador.com/politica/elecciones-colombia-2026/consultas-de-izquierda-derecha-y-centro-sin-cepeda-de-la-espriella-y-fajardo-y-congreso-en-la-mesa-redonda-noticias-hoy/
"Tributaria, paz total y salud: responden los candidatos de la Gran Consulta por Colombia","Estas son las propuestas en economía, paz y salud de los candidatos de la Gran Consulta por Colombia. Así respondieron.",06/07/2026,https://www.elespectador.com/politica/elecciones-colombia-2026/estas-son-las-propuestas-en-economia-paz-y-salud-de-los-candidatos-de-la-gran-consulta-por-colombia-noticias-hoy/
Antioquia: estos son los juegos de poder que impactan en las elecciones al Congreso,"Álvaro Uribe, ""Fico"" Gutiérrez y los juegos de poder en Antioquia y el eje cafetero para elecciones al Congreso. Así se mueven.",06/07/2026,https://www.elespectador.com/politica/elecciones-colombia-2026/antioquia-y-eje-cafetero-estos-son-los-juegos-de-poder-con-fico-uribe-gaviria-y-otros-en-pelea-por-el-congreso-noticias-hoy/
"“Por qué votar por”: Juan Fernando Reyes Kuri, candidato al Senado",“Por qué votar por...” es un espacio para que los candidatos al Congreso expongan sus propuestas. Conozca a Fernando Reyes Kuri.,07/07/2026,https://www.elespectador.com/politica/elecciones-colombia-2026/por-que-votar-por-juan-fernando-reyes-kuri-candidato-al-senado-noticias-hoy/
Arrancó el bus por Colombia: un recorrido por el suroccidente para medir el pulso electoral,"Bus por Colombia: El Espectador, junto a Noticias Caracol, recorre el suroccidente del país para medir el pulso electoral.",08/02/2026,https://www.elespectador.com/politica/elecciones-colombia-2026/bus-por-colombia-recorrido-de-el-espectador-y-noticias-caracol-para-tomar-el-pulso-electoral-del-pais-noticias-hoy/
El Pacto de Petro modificó el orden de su lista cerrada a la Cámara por Bogotá: así quedó,"El Pacto Histórico modifico su lista a la Cámara por Bogotá. Carrascal, Beltrán y Pizarro están en los tres primeros puestos.",08/02/2026,https://www.elespectador.com/politica/elecciones-colombia-2026/pacto-de-petro-inscribe-otra-lista-a-camara-por-bogota-con-carrascal-beltran-y-pizarro-en-primeros-puestos-noticias-hoy/
"“Por qué votar por”: Julio Roberto Salazar Perdomo, candidato a la Cámara",“Por qué votar por...” es un espacio para que los candidatos al Congreso expongan sus propuestas. Conozca a Julio Roberto Salazar.,07/07/2026,https://www.elespectador.com/politica/elecciones-colombia-2026/por-que-votar-por-julio-roberto-salazar-perdomo-candidato-a-la-camara-noticias-hoy/
"“Por qué votar por”: Andrés Castro Forero, candidato al Senado",“Por qué votar por...” es un espacio para que los candidatos al Congreso expongan sus propuestas. Conozca a Andrés Castro Forero.,08/02/2026,https://www.elespectador.com/politica/elecciones-colombia-2026/por-que-votar-por-andres-castro-forero-candidato-al-senado-noticias-hoy/
"“Por qué votar por”: Tatiana Villarreal, candidato al Senado",“Por qué votar por...” es un espacio para que los candidatos al Congreso expongan sus propuestas. Conozca a Tatiana Villareal,07/07/2026,https://www.elespectador.com/politica/elecciones-colombia-2026/por-que-votar-por-tatiana-villarreal-candidato-al-senado-noticias-hoy/
"“Por qué votar por”: Luis Elías Quiroga Arjona, candidato al Senado",“Por qué votar por...” es un espacio para que los candidatos al Congreso expongan sus propuestas. Conozca a Luis Elías Quiroga.,07/07/2026,https://www.elespectador.com/politica/elecciones-colombia-2026/por-que-votar-por-luis-elias-quiroga-arjona-candidato-al-senado-noticias-hoy/
“Por qué votar por”: Carlos Fernando Motoa candidato al Senado,“Por qué votar por...” es un espacio para que los candidatos al Congreso expongan sus propuestas. Conozca a Carlos Fernando Motoa.,07/07/2026,https://www.elespectador.com/politica/elecciones-colombia-2026/carlos-fernando-motoa-candidato-al-senado-conozca-sus-propuestas-noticias-hoy/
"Alto turmequé: sobre mariposas, saludos, ruegos y carambolas",Los mejores confidenciales sobre el poder en Colombia.,08/02/2026,https://www.elespectador.com/politica/alto-turmeque-sobre-mariposas-saludos-ruegos-y-carambolas/
Retos de un sistema de salud al borde del colapso (análisis),"“El objetivo no es ideológico, sino vital: salvar un sistema al borde del colapso"", dicen desde la Universidad de Los Andes.",16/02/2026,https://www.elespectador.com/politica/reforma-a-la-salud-en-colombia-retos-de-un-sistema-al-borde-del-colapso-analisis-de-la-universidad-de-los-andes-noticias-hoy/
¿Siguen ruidos del Centro Democrático?: Cabal y Holguín no van a plaza pública con Valencia,La candidata Paloma Valencia no ha vuelto a estar junto a las senadoras María Fernanda Cabal y Paola Holguín. ¿Pulso del Centro Democrático?,08/02/2026,https://www.elespectador.com/politica/elecciones-colombia-2026/valencia-cabal-y-holguin-no-salen-a-plaza-publica-pese-a-alvaro-uribe-en-centro-democratico-hay-polemica-noticias-hoy/
Las elecciones se definen en caliente y sin reglas claras: así serán las consultas de marzo,"Este 8 de marzo, 16 candidatos se medirán en las consultas, pero no estarán los punteros de las encuestas. Así será la contienda.",08/02/2026,https://www.elespectador.com/politica/elecciones-colombia-2026/asi-seran-las-consultas-presidenciales-del-8-de-marzo-se-definen-en-caliente-y-sin-reglas-claras-noticias-hoy/
Petro condiciona ascensos en Policía a resultados operativos en elecciones: se agita debate,En las elecciones del 8 de marzo se votará por Congreso y tres consultas. Petro pide acciones de la Policía.,07/02/2026,https://www.elespectador.com/politica/elecciones-colombia-2026/petro-condiciona-ascensos-en-policia-a-resultados-operativos-en-elecciones-hay-debate-en-partidos-noticias-hoy/
“El pueblo de Venezuela debe unirse para salir a las calles”: Gustavo Petro,El presidente de Colombia revivió la idea de una amnistía general en el territorio venezolano y se fue nuevamente contra Donald Trump.,05/01/2026,https://www.elespectador.com/politica/petro-vuelve-a-irse-contra-trump-y-llama-a-la-ciudadania-venezolana-a-salir-a-las-calles-en-defensa-de-su-soberania-noticias-hoy/
"“Por qué votar por”: Andrés Felipe Salcedo Pinzón, candidato a la Cámara",“Por qué votar por...” es un espacio para que los candidatos al Congreso expongan sus propuestas. Conozca a Andrés Felipe Salcedo.,07/07/2026,https://www.elespectador.com/politica/elecciones-colombia-2026/por-que-votar-por-andres-felipe-salcedo-pinzon-candidato-a-la-camara-noticias-hoy/
Esta es la estrategia que desplegó Colombia tras la caída de Maduro en pleno año electoral,El presidente Petro ordenó varias medidas y rechazó las acciones de Washington en Caracas. Oposición busca capitalizar el golpe al régimen.,05/01/2026,https://www.elespectador.com/politica/maduro-en-estados-unidos-por-trump-y-narcotrafico-en-colombia-hay-medidas-de-petro-por-elecciones-y-seguridad-noticias-hoy/
“Es un desgaste”: Motoa sobre nulo movimiento en el proceso de control político a ministros,Con el decreto de emergencia económica se interpuso una citación a ministros para debate de control político que se mantiene frenada.,04/01/2026,https://www.elespectador.com/politica/senador-carlos-motoa-dice-que-no-hay-fecha-para-la-citacion-al-debate-de-control-politico-por-emergencia-economica-noticias-hoy/
Colombia buscaría mediar en la transición del poder en Venezuela,El Ministerio de Relaciones Exteriores ha manifestado la intención de figurar como ente mediador para la transición del poder venezolano.,04/01/2026,https://www.elespectador.com/politica/colombia-busca-una-mediacion-para-la-transicion-del-poder-en-venezuela-noticias-hoy-noticias-colombia/
“Es una agresión imperialista”: sectores políticos debaten tras invasión a Venezuela,"Después de conocerse la noticia de la captura del líder venezolano Nicolás Maduro, los sectores políticos colombianos se manifestaron.",04/01/2026,https://www.elespectador.com/politica/reacciones-de-sectores-politicos-a-captura-de-nicolas-maduro-por-parte-de-estados-unidos-noticias-hoy-noticias-colombia/
“Hay precandidatos que intentaron hacer trampa mediante recolección de firmas”: Registrador,"Tras la entrega de firmas recolectadas por precandidatos, el registrador afirmó que varios presentaron fotocopias y formularios vacíos.",04/01/2026,https://www.elespectador.com/politica/elecciones-colombia-2026/registrador-hernan-penagos-afirma-que-precandidatos-intentaron-hacer-trampa-al-presentar-firmas-recolectadas-noticias-hoy-noticias-colombia/
“Ni plata ni plomo”: cruce de mensajes entre Petro y Musk por operación contra Maduro,"Elon Musk, propietario de X, respondió al reclamo de Petro por la operación en Venezuela contra Maduro.",03/01/2026,https://www.elespectador.com/politica/petro-y-elon-musk-chocan-por-captura-de-nicolas-maduro-y-criticas-a-trump-ni-plata-ni-plomo-noticias-hoy/
"Diplomacia, crisis humanitaria y seguridad: Gobierno Petro lideró PMU tras captura de Maduro",Gobierno Petro traza ejes de seguridad en la frontera de Colombia y Venezuela tras la captura de Nicolás Maduro. Presidente no asistió.,04/01/2026,https://www.elespectador.com/politica/gobierno-petro-traza-ejes-de-seguridad-en-la-frontera-de-colombia-y-venezuela-tras-la-captura-de-nicolas-maduro-por-parte-de-estados-unidos-noticias-hoy/
“No hay norma alguna que permita suspender unas elecciones en Colombia”: Registrador,"El registrador Hernán Penagos aseguró que ""es imposible hablar de fraude electoral en Colombia"". Habló del presidente Petro.",05/01/2026,https://www.elespectador.com/politica/elecciones-colombia-2026/en-colombia-no-se-pueden-aplazar-elecciones-dice-registrador-penagos-habla-de-petro-y-seguridad-en-2026-noticias-hoy/
Captura Maduro: estas son las medidas que ha tomado Colombia tras acciones de EE.UU.,"Se movilizarán más de 30.000 uniformados a la frontera, habrá otra emergencia económica y se pidió cita del Consejo de Seguridad de la ONU.",04/01/2026,https://www.elespectador.com/politica/captura-maduro-estas-son-las-medidas-que-ha-tomado-colombia-tras-acciones-de-eeuu-noticias-hoy-noticias-colombia/
"Alto turmequé: sobre año viejo, año nuevo y lo que vendrá",Los mejores confidenciales sobre el poder en Colombia.,04/01/2026,https://www.elespectador.com/politica/alto-turmeque-sobre-ano-viejo-ano-nuevo-y-lo-que-vendra/
Gobierno realizó dos consejos de seguridad virtuales tras captura de Maduro: esto se sabe,"El presidente Petro, sus ministros y los embajadores en Venezuela y Estados Unidos analizaron captura de Maduro por Estados Unidos.",03/01/2026,https://www.elespectador.com/politica/gobierno-petro-realizo-dos-consejos-de-seguridad-virtuales-tras-captura-de-maduro-por-gobierno-trump-esto-se-sabe/
Así han sido relaciones entre Colombia y Venezuela en 27 años,La caída de Nicolás Maduro marcará un giro en un diálogo que ha estado atravesado por Estados Unidos y el conflicto armado.,03/01/2026,https://www.elespectador.com/politica/nicolas-maduro-en-estados-unidos-asi-han-sido-relaciones-entre-colombia-y-venezuela-en-27-anos-noticias-hoy/
Petro puso a Colombia en guardia tras ataques en Venezuela y caída de Maduro,Esto es lo que sigue para Colombia tras la captura de Nicolás Maduro y el control de Estados Unidos sobre Venezuela.,04/01/2026,https://www.elespectador.com/politica/venezuela-queda-bajo-control-de-estados-unidos-con-trump-impactos-para-colombia-y-petro-por-captura-de-maduro-noticias-hoy/
"Así reaccionan expresidentes, candidatos y más políticos a operación de EE. UU. en Venezuela",Estos son los mensajes de los políticos colombianos ante la operación de Estados Unidos en Venezuela y el arresto de Nicolás Maduro.,03/01/2026,https://www.elespectador.com/politica/venezuela-asi-reaccionan-expresidentes-candidatos-y-mas-politicos-a-operacion-de-eeuu-contra-maduro-noticias-hoy/
Gobierno Petro prepara emergencia económica y social por efectos de la captura de Maduro,"El ministro del Interior, Armando Benedetti, entregó detalles de la reacción del gobierno Petro a la captura de Maduro.",03/01/2026,https://www.elespectador.com/politica/gobierno-petro-prepara-emergencia-economica-y-social-por-efectos-de-la-captura-de-maduro-en-venezuela-noticias-hoy/
Relación entre Petro y regiones se fracturó por inseguridad y falta de recursos: ¿qué viene?,"Durante 2025, el mandatario casó y escaló disputas con gobernadores y alcaldes de Antioquia, Valle, Bolívar y otros departamentos.",03/01/2026,https://www.elespectador.com/politica/relacion-entre-petro-y-las-regiones-se-fracturo-por-inseguridad-y-falta-de-recursos-que-viene-noticias-hoy/
Gobierno reforzó seguridad en embajadas de EE. UU. y de Venezuela: hay alerta en la frontera,El ministro de Defensa confirmó que hay acciones para evitar ataques terroristas del ELN y otros grupos por crisis en Caracas.,03/01/2026,https://www.elespectador.com/politica/venezuela-en-crisis-colombia-refuerza-seguridad-en-embajadas-de-estados-unidos-y-caracas-y-en-frontera-por-eln-noticias-hoy/
Petro se pronunció sobre explosiones en Venezuela y ordenó “mantener canales diplomáticos”,El presidente Petro dijo que Colombia busca “preservar la estabilidad en la frontera colombo-venezolana”. Hay expectativa.,03/01/2026,https://www.elespectador.com/politica/venezuela-petro-habla-por-situacion-de-caracas-en-medio-de-tension-con-estados-unidos-y-pide-diplomacia-noticas-hoy/
Bandera de Colombia ya está en el Consejo de Seguridad: esto dijo la embajadora ante la ONU,"Aseguró que la delegación buscará enviar un mensaje de diálogo, justicia, inclusión y verdad.",02/01/2026,https://www.elespectador.com/politica/colombia-en-el-consejo-de-seguridad-de-la-onu-esto-dijo-embajadora-del-gobierno-petro-noticias-hoy/
Centro Democrático busca frenar ruidos internos y sale en defensa de María Fernanda Cabal,El partido aseguró que la senadora “ha defendido con carácter y determinación los principios” de la colectividad.,02/01/2026,https://www.elespectador.com/politica/centro-democratico-de-uribe-busca-frenar-ruidos-internos-y-sale-en-defensa-de-maria-fernanda-cabal-noticias-hoy/
¿Cuándo volverá a sesionar el Congreso? Así impactarán las campañas electorales,"Con las elecciones del 8 de marzo en mente, desde las mesas directivas prevén baja asistencia en las plenarias.",02/01/2026,https://www.elespectador.com/politica/elecciones-colombia-2026/cuando-volvera-a-sesionar-el-congreso-el-impacto-de-campanas-electorales-en-plenarias-de-senado-y-camara-noticias-hoy/
Reducción del salario a congresistas: así va debate sobre eliminación de prima de servicios,Angélica Lozano y Antonio Zabaraín son algunos de los congresistas que se manifestaron al respecto recientemente.,02/01/2026,https://www.elespectador.com/politica/asi-va-el-debate-sobre-la-reduccion-del-salario-de-los-congresistas-noticias-hoy/
“Ministerios no dieron respuesta a cuestionarios sobre emergencia económica”: Senador Motoa,"El senador Carlos Fernando Motoa, afirmó que los ministerios citados al debate de control político no han respondido los cuestionarios.",02/01/2026,https://www.elespectador.com/politica/ministerios-no-dieron-respuesta-a-cuestionarios-sobre-emergencia-economica-senador-motoa/
Petro se refirió a operativos en la frontera con Venezuela: “Hablé varias veces con Maduro”,"También cargó contra su antecesor, Iván Duque, y afirmó que “el único ganador” del bloqueo contra el vecino país “fue el ELN”.",02/01/2026,https://www.elespectador.com/politica/gustavo-petro-y-nicolas-maduro-presidente-hablo-de-operativos-en-la-frontera-con-venezuela-contra-el-eln-noticias-hoy/
“Sinceras condolencias a las familias de las víctimas”: Cancillería sobre tragedia en Suiza,"El Ministerio de Relaciones Exteriores se manifestó luego del incendio en Crans-Montana, Suiza, donde fallecieron alrededor de 40 personas.",02/01/2026,https://www.elespectador.com/politica/cancilleria-se-manifesto-despues-del-incendio-en-suiza-que-dejo-al-menos-40-muertos-noticias-hoy/
Gobierno se la jugará por aprobar ocho proyectos en un Congreso centrado en la campaña,El presidente Petro y el ministro Benedetti apostarán por salvar la reforma a la salud y el Ministerio de Igualdad.,02/01/2026,https://www.elespectador.com/politica/gobierno-petro-se-la-jugara-por-reforma-a-la-salud-y-minigualdad-en-un-congreso-centrado-en-elecciones-noticias-hoy/
Colombia asume como miembro no permanente del Consejo de Seguridad de la ONU,"El gobierno del presidente Petro ha dicho que ""adoptará un enfoque centrado en la dignidad humana”.",02/01/2026,https://www.elespectador.com/politica/colombia-asume-como-miembro-no-permanente-del-consejo-de-seguridad-de-la-onu-bajo-el-gobierno-petro-noticias-hoy/
Representante Cristian Avendaño denuncia agresión por parte del alcalde de Barbosa,"Avendaño habría sufrido una agresión por parte de Marcos Cortés, alcalde de Barbosa, tras protestar en contra de las corridas de toros.",02/01/2026,https://www.elespectador.com/politica/representante-cristian-avendano-denuncia-agresion-por-parte-del-alcalde-de-barbosa-marcos-cortes-noticias-hoy-noticias-colombia/
¿Qué implica la llegada de Colombia al Consejo de Seguridad de la ONU?,Colombia asumió mandato como miembro no permanente del Consejo de Seguridad de las Naciones Unidas durante 2026 y 2027.,02/01/2026,https://www.elespectador.com/politica/que-implica-la-llegada-de-colombia-al-consejo-de-seguridad-de-la-onu-noticias-hoy/
No hay notificación oficial de liberación de colombianos detenidos en Venezuela: Cancillería,"En un comunicado, el Ministerio de Exteriores señala que realiza “un monitoreo permanente de la situación”.",01/01/2026,https://www.elespectador.com/politica/colombianos-detenidos-en-venezuela-cancilleria-dice-que-no-tiene-notificacion-oficial-de-su-liberacion-noticias-hoy/
"Petro y Uribe vuelven a chocar: hablaron de Maduro, salario mínimo y petróleo",El presidente y el exmandatario buscan la continuidad de sus legados en la Casa de Nariño y tener mayorías en el Congreso.,01/01/2026,https://www.elespectador.com/politica/gustavo-petro-y-alvaro-uribe-vuelven-a-chocar-hablaron-de-maduro-salario-minimo-y-gasto-del-gobierno-noticias-hoy/
"Estos son los mensajes de fin de año del presidente, los candidatos y los congresistas","Así despiden el 2025 y reciben el 2026 varias figuras políticas de la izquierda, el centro y la derecha.",01/01/2026,https://www.elespectador.com/politica/estos-son-los-mensajes-de-fin-de-ano-del-presidente-petro-los-candidatos-y-los-congresistas-noticias-hoy/
Estos son los tres momentos que marcarán la política nacional en 2026,"Entre elecciones, reformas pendientes y el pulso con la Corte Constitucional por la emergencia económica, comenzará este nuevo año.",01/01/2026,https://www.elespectador.com/politica/los-tres-momentos-que-marcaran-la-politica-en-2026-elecciones-reformas-y-pulso-con-la-corte-constitucional-noticias-hoy/
Presidente habló de desindexación y de un “complemento ideal” para el aumento del mínimo,El presidente Petro se refirió al impacto para las pequeñas empresas y a las posibles demandas contra el aumento del salario mínimo.,31/12/2025,https://www.elespectador.com/politica/presidente-petro-hablo-de-desindexacion-y-de-un-complemento-ideal-para-el-aumento-del-minimo-noticias-hoy/
Este es el sueldo del presidente Gustavo Petro y la vicepresidenta Francia Márquez,El último incremento en el salario del presidente y la vicepresidenta se realizó en junio de 2025.,02/01/2026,https://www.elespectador.com/politica/salario-del-presidente-y-la-vicepresidenta-en-colombia-cuanto-ganan-gustavo-petro-y-francia-marquez-noticias-hoy/
Gobierno hizo 20 cambios en el gabinete este 2025: van 57 ministros en todo el mandato,"El fuego amigo, las elecciones de 2026 y la inconformidad del presidente Petro con algunos funcionarios fueron las causas.",31/12/2025,https://www.elespectador.com/politica/gobierno-petro-hizo-20-cambios-en-el-gabinete-este-2025-van-57-ministros-en-todo-el-mandato-noticias-hoy/
El Espectador le explica el balance de 2025 en Colombia y el mundo,Lo logramos. Seguimos un año más. ¿Cómo le fue a Colombia y el mundo este 2025? Aquí le dejamos un resumen.,31/12/2025,https://www.elespectador.com/politica/el-espectador-le-explica-el-balance-de-2025-en-colombia-y-el-mundo-noticias-hoy/
"Venezuela, lista Clinton y descertificación marcaron la relación entre Petro y Trump en 2025","El presidente Petro ha dicho que a su homólogo estadounidense le “han hecho creer” que es ""testaferro"" de Maduro.",31/12/2025,https://www.elespectador.com/politica/gustavo-petro-y-donald-trump-venezuela-lista-clinton-y-descertificacion-marcaron-la-relacion-en-2025-noticias-hoy/
¿Se hará el control político a los ministros por la emergencia económica? Esto se sabe,"El debate estaba citado para el lunes, el gabinete informó que no asistiría, al no haberse cumplido los cinco días establecidos.",31/12/2025,https://www.elespectador.com/politica/se-hara-el-control-politico-a-los-ministros-de-gustavo-petro-por-la-emergencia-economica-esto-se-sabe-noticias-hoy/
Registrador alerta por giro de recursos del Gobierno para las elecciones de 2026,"En diálogo con El Espectador, dijo que “no se ha podido girar el dinero a proveedores” por “problemas de caja"" del Ejecutivo.",31/12/2025,https://www.elespectador.com/politica/elecciones-colombia-2026/recursos-para-las-elecciones-registrador-alerta-por-giro-del-gobierno-petro-para-pagar-a-proveedores-noticias-hoy/
“Resulta desproporcionada”: los argumentos del Gobierno para reducir sueldo de congresistas,"El borrador de decreto eliminaría la prima de servicios de los legisladores, que asciende a los COP 15 millones.",31/12/2025,https://www.elespectador.com/politica/gobierno-petro-los-argumentos-para-reducir-sueldo-de-congresistas-quitando-prima-de-servicios-con-decreto-noticias-hoy/
Este es el trámite para establecer una Asamblea Nacional Constituyente,Este mecanismo suspende el funcionamiento normal del Congreso para redactar o reformar una nueva Constitución Política.,30/12/2025,https://www.elespectador.com/politica/este-es-el-tramite-para-establecer-una-asamblea-nacional-constituyente-noticias-hoy/
¿En cuánto quedaría el salario de los congresistas de eliminarse la prima de servicios?,Este fue el aumento del salario para los congresistas durante el año y así quedaría si se elimina el valor de la prima de servicios.,30/12/2025,https://www.elespectador.com/politica/este-es-el-valor-del-salario-que-reciben-los-congresistas-mensualmente-y-el-monto-que-seria-eliminado-con-la-prima-de-servicios-noticias-hoy/
“Pensé que la inteligencia norteamericana era más profesional”: Petro a Trump,El presidente habló sobre acusaciones de Trump y mencionó el tema de los restos de las lanchas encontradas en el Caribe colombiano.,31/12/2025,https://www.elespectador.com/politica/pense-que-la-inteligencia-norteamericana-era-mas-profesional-petro-a-trump/
Avanza la cuenta regresiva las elecciones de 2026: así será la logística,"Las elecciones al Congreso serán el 8 de marzo, mientras que la primera vuelta de las presidenciales será el 31 de mayo.",31/12/2025,https://www.elespectador.com/politica/elecciones-colombia-2026/avanza-cuenta-regresiva-para-elegir-congreso-y-nuevo-presidente-asi-sera-la-logistica-de-las-votaciones-noticias-hoy/
Así reaccionaron los congresistas a decreto del Gobierno que les reduciría el salario,"El ministro de Trabajo aseguró que no se trata de quitarles parte del sueldo a los congresistas, sino de hacer un “acto de justicia"".",30/12/2025,https://www.elespectador.com/politica/asi-reaccionaron-los-congresistas-a-decreto-que-les-reduciria-el-salario-por-prima-de-servicios-noticias-hoy/
Petro ya firmó el decreto para desclasificar archivos del DAS: estos son los detalles,"Tras el primer anuncio sobre el tema en octubre de 2025, el presidente Petro firmó decreto ordenando la desclasificación de los documentos.",30/12/2025,https://www.elespectador.com/politica/petro-ya-firmo-el-decreto-para-desclasificar-archivos-del-das-estos-son-los-detalles-noticias-hoy/
“Ojalá el próximo Congreso sea mucho más calificado intelectualmente”: Juan Felipe Lemos,"En entrevista con El Espectador, el congresista Juan Felipe Lemos, cabeza de lista al Senado por La U, habló de sus apuestas para 2026.",30/12/2025,https://www.elespectador.com/politica/elecciones-colombia-2026/ojala-el-proximo-congreso-sea-mas-calificado-intelectualmente-juan-felipe-lemos-cabeza-de-lista-del-partido-de-la-u/
"Cepeda, Pinzón, López, Cristo y Peñalosa: relaciones con EE. UU. y propuestas de seguridad","Iván Cepeda, Juan Carlos Pinzón, Clara López, Enrique Peñalosa y Juan Fernando Cristo hablan en #PrecandidatosEnBreve sobre sus apuestas.",06/07/2026,https://www.elespectador.com/politica/elecciones-colombia-2026/cepeda-pinzon-lopez-cristo-y-penalosa-relaciones-con-ee-uu-y-propuestas-de-seguridad/
Gobierno Petro prepara decreto para eliminar prima de servicios de los congresistas,"De acuerdo con el documento, el salario de los congresistas es “desproporcionado” en comparación con el ingreso promedio de la población.",30/12/2025,https://www.elespectador.com/politica/salario-de-los-congresistas-gobierno-petro-prepara-decreto-para-eliminar-prima-de-servicios-noticias-hoy/
Constituyente y emergencia económica: Petro retó a los otros poderes y agitó pulso del 2026,El presidente Petro busca mantenerse en el foco del debate político mientras la oposición analiza los caminos para frenar sus apuestas.,30/12/2025,https://www.elespectador.com/politica/elecciones-colombia-2026/constituyente-y-emergencia-economica-petro-reto-a-los-otros-poderes-y-agito-pulso-del-2026-noticias-hoy/
Estos son los temas con los que Petro mantiene control de la agenda antes de las elecciones,Varios candidatos presidenciales reconocieron que el presidente Petro está trazando la línea de la campaña de 2026.,30/12/2025,https://www.elespectador.com/politica/elecciones-colombia-2026/salario-minimo-constituyente-y-emergencia-economica-los-temas-con-los-que-petro-mantiene-control-de-la-agenda-electoral/
Políticos reaccionan al aumento del salario mínimo: hablan de “histórico” y “populista”,"El oficialismo ha aplaudido la medida, mientras que la oposición señala que es un cálculo electoral.",30/12/2025,https://www.elespectador.com/politica/aumento-salario-minimo-de-petro-oposicion-y-oficialismo-reaccionan-a-la-cifra-decretada-de-23-noticias-hoy/
Gobierno Petro posesionó a Alfredo Saade como embajador de Colombia en Brasil,Se suma a los 46 nombramientos de corte político del “Gobierno del cambio” en el servicio exterior.,29/12/2025,https://www.elespectador.com/politica/alfredo-saade-gobierno-de-gustavo-petro-lo-posesiono-como-embajador-en-el-brasil-de-lula-noticias-hoy/
“El próximo Congreso va a encontrar un país anárquico políticamente”: Juan Sebastián Gómez,"La cabeza de la lista de la coalición entre Nuevo Liberalismo, MIRA y Dignidad & Compromiso habló con El Espectador.",29/12/2025,https://www.elespectador.com/politica/elecciones-colombia-2026/juan-sebastian-gomez-de-coalicion-ahora-colombia-hablo-sobre-el-gobierno-petro-y-emergencia-economica-noticias-hoy/
Debate de control político por emergencia económica fue aplazado: “Para que no se vicie”,"El presidente del Senado, Lidio García, abrió la puerta para volver a citar la plenaria el 31 de diciembre.",29/12/2025,https://www.elespectador.com/politica/emergencia-economica-de-gustavo-petro-debate-de-control-politico-a-ministros-en-senado-fue-aplazado-noticias-hoy/
Registrador explicó las fechas clave para las elecciones de 2026: esto debe tener en cuenta,"En enero ocurrirán dos momentos claves para quienes buscan aspirar a la Presidencia, tanto por firmas como por partidos políticos.",19/01/2026,https://www.elespectador.com/politica/elecciones-colombia-2026/registrador-explico-las-fechas-clave-para-las-elecciones-de-2026-esto-debe-tener-en-cuenta-noticias-hoy/
“Les pido al Señor y a los colombianos que cuidemos la Constitución del 91”: cardenal Rueda,"El cardenal Rueda aseguró que la asamblea constituyente que promueve el Gobierno en año electoral ""no es prudente"".",06/07/2026,https://www.elespectador.com/politica/les-pido-al-senor-y-a-los-colombianos-que-cuidemos-la-constitucion-del-91-cardenal-rueda/
Se agitó debate en Senado en torno a cambios en la cúpula militar: “No son aparecidos”,El ministro de Defensa aseguró que fue una decisión que se tomó tras varias semanas de discusión con el presidente Petro.,29/12/2025,https://www.elespectador.com/politica/cambios-en-cupula-militar-de-gustavo-petro-se-agito-debate-en-senado-con-ministro-de-defensa-noticias-hoy/
Gobierno Petro alista alocución para anunciar el aumento del salario mínimo para 2026,"Aunque no se llegó a un acuerdo, desde la Casa de Nariño se ha planteado que la cifra sería de dos dígitos.",29/12/2025,https://www.elespectador.com/politica/salario-minimo-gustavo-petro-hara-alocucion-presidencial-para-anunciar-aumento-tras-no-lograr-acuerdos-noticias-hoy/
Se cancelaron 119 cédulas de ciudadanía a extranjeros por “falsa identidad”: Registraduría,También fueron invalidados 287 registros civiles de nacimiento tras detectar “irregularidades”.,29/12/2025,https://www.elespectador.com/politica/se-cancelaron-119-cedulas-de-ciudadania-a-extranjeros-en-2025-por-falsa-identidad-registraduria-noticias-hoy/
"Presidente Petro ha viajado más de 70 veces al exterior, ¿cuál fue el balance del 2025?","El mandatario pasó por Brasil, Medio Oriente y China, completando 17 visitas oficiales.",28/12/2025,https://www.elespectador.com/politica/presidente-petro-ha-viajado-mas-de-70-veces-al-exterior-cual-fue-el-balance-del-2025-noticias-hoy/
Llamado a constituyente sigue generando ruidos: esto dice la ley sobre la convocatoria,¿Cómo se convoca? Esto dice la ley sobre la iniciativa que respaldó el presidente Gustavo Petro.,29/12/2025,https://www.elespectador.com/politica/asamblea-constituyente-comite-de-firmas-sigue-generando-ruidos-esto-dice-la-ley-sobre-la-convocatoria-noticias-hoy/
"Respaldos, reposición de votos y unidad: lo que se está analizando para ir a las consultas",Fueron 25 los movimientos y partidos políticos ya dieron el sí para hacer parte del llamado a urnas.,28/12/2025,https://www.elespectador.com/politica/elecciones-colombia-2026/consultas-presidenciales-partidos-analizan-respaldos-reposicion-de-votos-y-unidad-noticias-hoy/
Diplomacia de Petro pasó a los estrados: así se ha movido la pelea por nombramientos,Cerca de 30 designaciones tumbadas han marcado el servicio diplomático del presidente Gustavo Petro.,29/12/2025,https://www.elespectador.com/politica/diplomacia-de-gustavo-petro-paso-a-los-estrados-asi-se-ha-movido-la-pelea-por-embajadas-y-consulados-noticias-hoy/
¿Ministros irán al debate de control político por la emergencia económica? Esto se sabe,La citación fue aprobada el pasado viernes y tiene el objetivo de que el gabinete del presidente Petro responda por el decreto.,29/12/2025,https://www.elespectador.com/politica/emergencia-economica-ministros-de-gustavo-petro-a-control-politico-iran-al-debate-esto-se-sabe-noticias-hoy/
Estos son los proyectos que marcarán la relación entre el Gobierno y el Congreso en 2026,Los debates de control político también entrarán a jugar un papel clave de cara a las elecciones.,28/12/2025,https://www.elespectador.com/politica/gobierno-petro-y-congreso-estos-son-los-proyectos-que-marcaran-la-fracturada-relacion-en-2026-noticias-hoy/
Petro defendió llamado a una constituyente tras críticas por tocar el calendario electoral,Desde varios sectores han señalado que la recolección de firmas ocurrirá en medio de las elecciones legislativas y presidenciales.,28/12/2025,https://www.elespectador.com/politica/asamblea-constituyente-de-petro-presidente-defendio-comite-tras-criticas-por-epoca-de-elecciones-en-2026-noticias-hoy/
Se atizó la confrontación con elecciones en medio: esto se juegan Colombia y EE. UU. en 2026,"La relación fue marcada por la entrada del presidente Petro en la lista Clinton, una decisión que ha calificado como ""politizada"".",28/12/2025,https://www.elespectador.com/politica/gustavo-petro-y-donald-trump-se-atizo-confrontacion-con-elecciones-esto-se-juegan-colombia-y-estados-unidos-noticias-hoy/
"Registraduría avanza con la verificación de las firmas para las elecciones, ¿en qué va?","Son en total 22 candidaturas presidenciales las que presentaron sus apoyos, con cerca de 28 millones de firmas por analizar.",27/12/2025,https://www.elespectador.com/politica/elecciones-colombia-2026/registraduria-avanza-con-la-verificacion-de-las-firmas-para-las-elecciones-en-que-va-noticias-hoy/
"Alto turmequé: de políticos, galeones y futbolistas",Los mejores confidenciales sobre el poder en Colombia.,28/12/2025,https://www.elespectador.com/politica/alto-turmeque-de-politicos-galeones-y-futbolistas/
CNE ya estableció reglas para las campañas de las consultas del 8 de marzo: esto dice,El Consejo Nacional Electoral estableció los límites sobre la financiación y la propaganda para el llamado a urnas.,28/12/2025,https://www.elespectador.com/politica/elecciones-colombia-2026/consultas-presidenciales-de-marzo-cne-ya-establecio-reglas-para-las-campanas-sobre-propaganda-y-topes-noticias-hoy/
“No es prudente”: cardenal Rueda sentó posición sobre la constituyente del gobierno Petro,"El cardenal Luis José Rueda, arzobispo de Bogotá y primado de Colombia, dijo que ""no es prudente"" la constituyente del Gobierno.",02/01/2026,https://www.elespectador.com/politica/constituyente-en-colombia-cardenal-rueda-dice-que-no-es-prudente-y-pide-cuidar-la-constitucion-habla-de-petro-noticia-hoy/
Emergencia económica derivó en pulso de Gobierno y Congreso con constituyente de por medio,El Senado citó a todos los ministros a un debate de control político el 29 de diciembre.,28/12/2025,https://www.elespectador.com/politica/asamblea-constituyente-y-emergencia-economica-asi-se-llego-a-nuevo-pulso-entre-gobierno-petro-y-congreso-noticias-hoy/
“Yo creo que la paz no son decretos ni son políticas”: María Paz Gaviria,"La candidata al Senado por el Partido Liberal, María Paz Gaviria, habló sobre las razones que la impulsan a iniciar su vida en la política.",06/07/2026,https://www.elespectador.com/politica/elecciones-colombia-2026/maria-paz-gaviria-de-partido-liberal-e-hija-de-cesar-gaviria-hablo-sobre-sus-razones-para-hacer-la-politica-noticias-hoy/
Radicación de comité volvió a encender el debate sobre las elecciones y la constituyente,Todos los sectores políticos se pronunciaron sobre la iniciativa que ha respaldado el gobierno del presidente Gustavo Petro.,27/12/2025,https://www.elespectador.com/politica/asamblea-constituyente-de-petro-radicacion-de-comite-volvio-a-encender-el-debate-sobre-elecciones-noticias-hoy/
Pelea podría tumbar lista de Cámara por Bogotá del Pacto Histórico: estas son las razones,Fuego amigo en el Pacto Histórico podría comprometer listas a la Cámara por Bogotá: María del Mar Pizarro en el centro del caso.,26/12/2025,https://www.elespectador.com/politica/elecciones-colombia-2026/lista-de-camara-por-bogota-del-pacto-historico-podria-ser-revocada-en-el-cne-mar-pizarro-lalis-y-carrascal-en-expectativa-noticias-hoy/
Estas son las 22 preguntas que el Gobierno debe responder por la emergencia económica,El ministro Benedetti alertó por errores en la citación que el Congreso hizo por la emergencia económica. Esto deben responder.,27/12/2025,https://www.elespectador.com/politica/emergencia-economica-de-petro-las-preguntas-que-gobierno-con-benedetti-debe-responder-a-congreso-con-garcia-noticias-hoy/
Sectores políticos entran al debate sobre recursos que el Gobierno no entregará a Colfuturo,Se abrió nueva polémica por la decisión del Gobierno de movilizar a otros sectores los COP 64.000 millones que recibiría Colfuturo en 2026.,26/12/2025,https://www.elespectador.com/politica/colfuturo-petro-y-gobierno-defienden-envio-de-recursos-a-otras-areas-y-sectores-politicos-piden-claridad-noticias-hoy/
Control político a emergencia económica del Gobierno será el lunes: estas son las razones,Congreso estudiará emergencia económica y préstamos obtenidos por el Gobierno Petro. Estos son los argumentos.,26/12/2025,https://www.elespectador.com/politica/emergencia-economica-senado-iniciara-debate-de-control-politico-a-la-medida-anunciada-por-el-gobierno-petro-noticias-hoy/
Plenaria del Senado aprobó control político a ministros de Petro por emergencia económica,"Varios congresistas reiteraron sus argumentos en contra de la medida con la que el Gobierno busca recaudar COP 16,3 billones.",26/12/2025,https://www.elespectador.com/politica/emergencia-economica-senado-aprobo-debate-de-control-politico-a-ministros-de-petro-tras-decreto-noticias-hoy/
Senado alista sesiones para hacerle control político a la emergencia económica del Gobierno,"Este 26 de diciembre, de forma virtual, habrá sesión extraordinaria. Alistan propuesta de análisis a la emergencia económica.",26/12/2025,https://www.elespectador.com/politica/emergencia-economica-del-gobierno-petro-senado-hace-control-politico-hablan-lidio-garcia-y-armando-benedetti-noticias-hoy/
"Organizaciones sociales, con guiño del Gobierno, inscribieron comité por la constituyente",Los representantes de nueve movimientos sociales presentaron ante la Registraduría el comité de la constituyente.,26/12/2025,https://www.elespectador.com/politica/constituyente-organizaciones-sociales-con-guino-del-gobierno-petro-inscribieron-comite-promotor-noticias-hoy/
Francia Márquez pide “apoyo humanitario inmediato” en Catatumbo por guerra ELN vs. Frente 33,La vicepresidenta Francia Márquez aseguro que en el Catatumbo se necesita “apoyo humanitario inmediato”. Estalló nueva crisis.,26/12/2025,https://www.elespectador.com/politica/francia-marquez-pide-apoyo-humanitario-inmediato-para-el-catatumbo-por-guerra-entre-eln-y-frente-33-noticia-hoy/
Expresidente Álvaro Uribe busca frenar emergencia económica de Petro con tutela: esto dijo,Centro Democrático de Álvaro Uribe propone tutela contra la emergencia económica anunciada por el presidente Gustavo Petro.,26/12/2025,https://www.elespectador.com/politica/centro-democratico-de-alvaro-uribe-interpondra-tutela-a-la-emergencia-economica-anunciada-por-el-gobierno-del-presidente-gustavo-petro-noticias-hoy/
Así se depuró el tarjetón presidencial en menos de dos meses: siguen 34 candidaturas,Estas fueron las movidas que redujeron las candidaturas presidenciales para las elecciones de 2026. Siguen 34 aspirantes.,26/12/2025,https://www.elespectador.com/politica/elecciones-colombia-2026/asi-se-movieron-las-candidaturas-presidenciales-para-las-elecciones-del-2026-quedan-34-candidatos-que-buscan-suceder-a-gustavo-petro-noticias-hoy/
Sigue pelea entre el presidente del Senado y gobierno Petro por emergencia económica,Lidio García avivó la pelea con los ministros Armando Benedetti y Antonio Sanguino por la declaratoria de emergencia económica.,25/12/2025,https://www.elespectador.com/politica/se-avivo-la-pelea-entre-el-presidente-del-congreso-lidio-garcia-y-los-ministros-armando-benedetti-y-antonio-sanguino-noticias-hoy/
José Raúl Moreno toma posesión como Jefe de Despacho presidencial de Gustavo Petro,José Raúl Moreno será la nueva mano derecha del presidente Gustavo Petro en Presidencia. Reemplaza a Alfredo Saade.,25/12/2025,https://www.elespectador.com/politica/este-es-jose-raul-moreno-el-nuevo-jefe-de-despacho-presidencial-que-reemplaza-a-alfredo-saade-como-mano-derecha-de-gustavo-petro-noticias-hoy/
Estos fueron los tres momentos en los que el gobierno Petro y el Congreso lograron “treguas”,"En medio de los choques que han marcado las relaciones entre Gobierno y Congreso este 2025, han ocurrido momentos de concertación.",25/12/2025,https://www.elespectador.com/politica/treguas-entre-el-gobierno-de-gustavo-petro-y-el-congreso-los-tres-momentos-claves-con-reformas-noticias-hoy/
La cúpula del Congreso se dividió por control a la emergencia económica del gobierno Petro,El senador Lidio García anunció sesiones por la emergencia económica. El representante Julián López respaldó al Gobierno.,25/12/2025,https://www.elespectador.com/politica/garcia-y-lopez-se-dividen-en-el-congreso-por-la-emergencia-economica-para-colombia-del-gobierno-petro-noticias-hoy/
Crece expectativa sobre nuevos ingresos a consultas de izquierda y de derecha para 2026,Tanto el oficialismo del presidente Petro como la oposición que lidera el expresidente Uribe están en diálogos por las consultas de marzo.,24/12/2025,https://www.elespectador.com/politica/elecciones-colombia-2026/izquierda-y-derecha-alistan-consultas-con-petro-y-uribe-al-frente-de-dialogos-por-colombia-y-con-candidatos-noticias-hoy/
Presidente del Congreso y ministro del Interior chocan por control a emergencia económica,El senador Lídio García dijo que comenzarán el control a la emergencia económica. El ministro Armando Benedetti le respondió.,24/12/2025,https://www.elespectador.com/politica/emergencia-economica-de-petro-lidio-garcia-anuncia-control-politico-y-armando-benedetti-responde-noticias-hoy/
Se desató polémica por zonas para concentrar al Clan del Golfo por cuenta de la “paz total”,El gobierno Petro autorizó cinco zonas para el Clan del Golfo en Córdoba y Chocó. Estas son las reacciones.,24/12/2025,https://www.elespectador.com/politica/petro-y-clan-del-golfo-se-abre-polemica-por-zonas-para-concentrar-a-grupo-de-narcos-en-epoca-de-elecciones-noticias-hoy/
Así se proyecta la “política exterior feminista” que busca implementar el gobierno Petro,El borrador de decreto que delinea la “política exterior feminista” ya está publicado para comentarios. Lo impulsa la Cancillería.,24/12/2025,https://www.elespectador.com/politica/politica-exterior-feminista-del-gobierno-petro-estos-son-los-ejes-para-implementar-ese-proceso-en-colombia-noticias-hoy/
El Centro Democrático de Uribe radica tutela para frenar emergencia económica de Petro,El expresidente Álvaro Uribe dijo que se acude a la tutela para frenar la emergencia económica del presidente Gustavo Petro.,24/12/2025,https://www.elespectador.com/politica/emergencia-economica-de-petro-el-centro-democratico-de-uribe-busca-tumbar-el-recurso-con-tutela-en-colombia-noticias-hoy/
"Presidente lanzó otro dardo a Chile, Argentina y Estados Unidos: “van a emprender pogromos”","El presidente Gustavo Petro dijo que los colombianos en Argentina, Chile y Estados Unidos deberían retornar al país. ¿Por qué?",24/12/2025,https://www.elespectador.com/politica/petro-contra-trump-milei-y-cast-pide-a-colombianos-en-estados-unidos-argentina-y-chile-regresar-hizo-alocucion-noticias-hoy/
Petro descarta el diálogo con otros poderes y deja en vilo varias de sus apuestas de cambio,"El presidente Petro tiene choques activos con el Congreso, las altas cortes, el Banco de la República y otras instituciones.",24/12/2025,https://www.elespectador.com/politica/petro-descarta-dialogo-con-otros-poderes-y-deja-en-vilo-varias-de-sus-apuestas-emergencia-economica-y-salario-minimo/
“Estados Unidos reafirma su apoyo inquebrantable a la Fuerza Pública”: embajada en Colombia,Este mensaje de Estados Unidos se conoce en momentos de tensión entre los presidente Donald Trump y Gustavo Petro. ¿Qué dijo?,23/12/2025,https://www.elespectador.com/politica/estados-unidos-de-trump-manda-mensaje-a-la-policia-de-colombia-en-medio-de-tension-con-petro-y-de-ataques-noticias-hoy/
Estos son los 25 partidos que van a consultas en marzo para elegir candidato presidencial,"Quedan Centro Democrático y La U, además de otros. Y entre los que se bajaron están Liberal, Conservadores y Cambio Radical.",19/01/2026,https://www.elespectador.com/politica/elecciones-colombia-2026/consultas-en-marzo-estos-son-los-25-partidos-que-van-a-consultas-para-elegir-sucesor-de-petro-en-colombia-noticias-hoy/
Presidente Petro respondió a cuestionamientos de la Defensoría por bombardeo en Guaviare,"""Tome, a riesgo, la decisión de salvarles la vida"", dijo el presidente justificando la operación contra las disidencias.",15/11/2025,https://www.elespectador.com/politica/presidente-petro-respondio-a-cuestionamientos-de-la-defensoria-por-bombardeo-en-guaviare/
Estos son los proyectos a cargo de Julio César Valencia como nuevo ministro de Justicia,Nuevo ministro de Justicia enfrenta trabas en sometimiento y jurisdicción agraria,15/11/2025,https://www.elespectador.com/politica/julio-cesar-valencia-copete-asume-justicia-con-dos-leyes-clave-en-riesgo-en-el-congreso/
Disputas internas en centroderecha ponen a tambalear la “unidad” contra el petrismo en 2026,"Con la mira en una consulta, se calientan las discusiones, lo que parece alejarlos de la meta de llegar “juntos” a las urnas.",15/11/2025,https://www.elespectador.com/politica/elecciones-colombia-2026/uribe-cepeda-vicky-davila-y-de-la-espriella-disputas-internas-ponen-a-tambalear-unidad-contra-petro-noticias-hoy/
Estas son las fechas clave para las consultas que definirán los candidatos de cara a 2026,Las alianzas interpartidistas deberán tener en cuenta estas fechas clave para llevar a cabo las próximas consultas.,19/01/2026,https://www.elespectador.com/politica/elecciones-colombia-2026/estas-son-las-fechas-clave-para-consultas-del-pacto-historico-centro-democratico-noticias-hoy/
"Por “salida a destiempo” del Pacto, Registraduría vuelve a negar apelación de Quintero","Según la Registraduría, que Quintero manifestara un interés inicial por participar en la consulta del Pacto ""generó obligaciones jurídicas"".",14/11/2025,https://www.elespectador.com/politica/elecciones-colombia-2026/daniel-quintero-enfrenta-nuevo-reves-en-la-registraduria-para-ser-candidato-presidencial-por-firmas-noticias-hoy/
Carlos Caicedo denuncia supuesta operación para alterar elecciones en el Magdalena,"Carlos Caicedo alertó sobre una supuesta ""operación sistemática"" para vulnerar las elecciones de 2026.",14/11/2025,https://www.elespectador.com/politica/elecciones-colombia-2026/alerta-en-magdalena-carlos-caicedo-denuncia-supuesta-operacion-para-alterar-elecciones-de-gobernacion-noticias-hoy/
Así se mueven Cepeda y Corcho para destrabar personería del Pacto: se fueron contra el CNE,Candidatos de Pacto Histórico acudieron al Tribunal Superior de Cundinamarca para entutelar al CNE y que resuelva personería jurídica.,15/11/2025,https://www.elespectador.com/politica/elecciones-colombia-2026/asi-se-mueven-cepeda-y-corcho-para-destrabar-personeria-del-pacto-de-petro-se-fueron-contra-el-cne/
Concejal Daniel Briceño será cabeza de lista del Centro Democrático a la Cámara por Bogotá,"Así lo confirmó el jefe natural del Centro Democrático, el expresidente Álvaro Uribe.",14/11/2025,https://www.elespectador.com/politica/concejal-daniel-briceno-sera-cabeza-de-lista-del-centro-democratico-a-la-camara-por-bogota-esto-dijo-uribe-noticias-hoy/
Atentado contra senador Temístocles Ortega: así reaccionaron políticos de todas las orillas,El congresista Temístocles Ortega salió ileso de un ataque con armas de fuego a su esquema de seguridad cerca de Popayán.,14/11/2025,https://www.elespectador.com/politica/atentado-contra-senador-temistocles-ortega-asi-reaccionaron-politicos-de-todas-las-orillas-noticias-hoy/
“Callar sería complicidad”: Efraín Cepeda envió nueva carta a Nadia Blel por candidatura,El senador Efraín Cepeda se sigue moviendo para evitar la candidatura de Felipe Córdoba por el Partido Conservador.,14/11/2025,https://www.elespectador.com/politica/elecciones-colombia-2026/callar-seria-complicidad-efrain-cepeda-envio-nueva-carta-a-nadia-blel-por-candidatura-de-felipe-cordoba/
Héctor Olimpo Espinosa sale de la coalición de exgobernadores: esto es lo que se sabe,"Aníbal Gaviria, Juan Guillermo Zuluaga y Juan Carlos Cárdenas anunciaron la salida de Héctor Olimpo Espinosa.",14/11/2025,https://www.elespectador.com/politica/elecciones-colombia-2026/hector-olimpo-espinosa-sale-de-la-coalicion-de-exgobernadores-esto-es-lo-que-se-sabe-noticias-hoy/
¿Uribe elegirá el candidato presidencial del Centro Democrático? Esto dicen los aspirantes,Desde el Centro Democrático se refirieron al número de candidatos que se elegirá para las elecciones presidenciales.,14/11/2025,https://www.elespectador.com/politica/elecciones-colombia-2026/uribe-elegira-el-candidato-presidencial-del-centro-democratico-esto-dicen-los-aspirantes-noticias-hoy/
"Luna, Cárdenas y Galán abren la puerta a integrarse a la alianza de centroderecha","La alianza entre Luna, Galán y Cárdenas podría ampliarse y unirse a una posible coalición con candidatos de centroderecha.",14/11/2025,https://www.elespectador.com/politica/elecciones-colombia-2026/luna-cardenas-y-galan-no-descartaron-la-invitacion-a-una-alianza-con-otros-candidatos-de-centro-derecha-noticias-hoy/
No hubo decisión sobre campaña Petro en CNE: se fue a conjueces,No hubo decisión sobre la campaña Petro en el Consejo Nacional Electoral (CNE). Con votación 5-2 se fue a conjueces.,14/11/2025,https://www.elespectador.com/politica/campana-petro-cne-no-tomo-decision-sobre-ponencia-de-prada-y-ortiz-y-paso-a-conjueces-noticias-hoy/
Dos campanazos sacuden expedientes contra la campaña Petro: analizan impacto electoral,Dos campanazos sacuden expedientes contra la campaña Petro en el CNE y la Comisión de Acusaciones. Así se analiza el impacto electoral.,17/11/2025,https://www.elespectador.com/politica/campana-de-gustavo-petro-dos-campanazos-en-cne-y-comision-de-acusaciones-sacuden-expedientes-noticias-hoy/
"“No es paridad, es injusticia”: mujeres del Pacto piden claridad por listas a la Cámara","María del Mar Pizarro dijo que la paridad debe ser usada para impulsar la participación de mujeres en elecciones, no para reducirla.",14/11/2025,https://www.elespectador.com/politica/elecciones-colombia-2026/pizarro-y-carrascal-piden-claridad-al-pacto-historico-sobre-lista-cremallera-a-la-camara-de-bogota-es-una-injusticia/
"“El único adversario es el petrismo”: Daniel Palacios a Luna, Galán y Cárdenas",El exministro Daniel Palacios propone a otros precandidatos del centro y la derecha unirse a una alianza contra el oficialismo.,13/11/2025,https://www.elespectador.com/politica/elecciones-colombia-2026/daniel-palacios-sobre-la-idea-de-llevar-un-unico-candidato-del-centro-y-derecha-a-las-elecciones-de-2026-noticias-hoy/
Lanzan alerta por COP 2 billones en contratos firmados horas antes de la Ley de Garantías,"Avalancha de contratos por más de $2,1 billones antes de la Ley de Garantías genera alarma y pedidos de investigación.",13/11/2025,https://www.elespectador.com/politica/contratos-a-dedo-denuncian-maraton-de-contratos-a-pocas-horas-de-comenzar-la-ley-de-garantias-noticias-hoy/
Centro Democrático cambió fecha para elegir candidato y abrió la puerta a tener más de uno,El Centro Democrático del expresidente Uribe flexibilizó reglas para elegir candidato presidencial. Este es el comunicado.,14/11/2025,https://www.elespectador.com/politica/elecciones-colombia-2026/centro-democratico-pone-en-duda-encuesta-y-abre-la-puerta-a-elegir-mas-de-un-candidato-noticias-hoy/
Nadia Blel respondió a insinuaciones de Cepeda sobre presiones externas al Conservador,La presidenta del Conservador le aclaró a Efraín Cepeda que no existen fuerzas externas ni internas detrás de sus decisiones. Esto le dijo.,13/11/2025,https://www.elespectador.com/politica/elecciones-colombia-2026/nadia-blel-le-respondio-a-efrain-cepeda-sobre-influencia-de-fuerzas-petristas-en-decisiones-del-partido-noticias-hoy/
Partido Liberal se va contra el Nuevo Liberalismo y le exige cambio de símbolos,La Dirección Nacional del Partido que lidera César Gaviria presentó una tutela ante el Consejo de Estado contra el Nuevo Liberalismo.,13/11/2025,https://www.elespectador.com/politica/elecciones-colombia-2026/partido-liberal-se-va-contra-el-nuevo-liberalismo-y-le-exige-cambio-de-simbolos/
Avanzó proyecto de ley que impone tres sanciones a candidatos que no asistan a debates,Estas serían las tres sanciones para los candidatos que no asistan a debates presidenciales.,13/11/2025,https://www.elespectador.com/politica/elecciones-colombia-2026/proyecto-que-impone-tres-sanciones-a-candidatos-que-no-vayan-a-debates-presidenciales-avanzo-en-el-congreso-noticias-hoy/
Gobierno aclara que FBI y DEA seguirán cooperando con agencias de inteligencia colombianas,Varios ministros del gobierno Petro intentan desescalar el choque con los Estados Unidos de Donald Trump.,06/07/2026,https://www.elespectador.com/politica/gobierno-petro-aclara-que-fbi-y-dea-seguiran-cooperando-con-agencias-de-inteligencia-colombiana-esto-han-dicho/
Gloria Arizabaleta respondió por polémica de orden de inspección al Consejo de Estado,La representante Gloria Arizabaleta respondió por la polémica de la orden de inspección al Consejo de Estado.,13/11/2025,https://www.elespectador.com/politica/gloria-arizabaleta-respondio-por-polemica-de-inspeccion-al-consejo-de-estado-y-partido-de-roy-barreras-noticias-hoy/
“Colombia requiere un presidente listo para ejercer el cargo con corazón”: Pinzón,Juan Carlos Pinzón habló sobre cuáles serían sus principales mandatos si llegará a la Casa de Nariño en el 2026.,13/11/2025,https://www.elespectador.com/politica/elecciones-colombia-2026/juan-carlos-pinzon-promete-recuperar-el-orden-y-proyectar-a-colombia-como-potencia-global-noticias-hoy/
Este es el impacto de los líos judiciales de Benedetti en la agenda del Congreso ¿se frenarán proyectos?,La no presencia de Armando Benedetti en el Congreso le ha frenado la agenda al gobierno Petro. Así está el panorama.,13/11/2025,https://www.elespectador.com/politica/ausencia-de-armando-benedetti-frena-discusiones-del-gobierno-de-gustavo-petro-en-el-congreso-noticias-hoy/
“Me dejé llevar por la ira”: Benedetti se disculpó con Lombana tras insultarla,"Tras los insultos del ministro Benedetti hacia la magistrada de la Corte Suprema, el funcionario reconoció lamentó sus palabras.",13/11/2025,https://www.elespectador.com/politica/armando-benedetti-ofrece-disculpas-a-la-magistrada-cristina-lombana-tras-polemica-por-allanamiento-noticias-hoy/
Gobierno Petro analiza sus cartas para no generar efecto dominó en choques con EE. UU.,El gobierno Petro analiza sus cartas para no generar un efecto dominó ante los últimos choques con Estados Unidos.,13/11/2025,https://www.elespectador.com/politica/gustavo-petro-y-donald-trump-gobierno-analiza-cartas-para-no-generar-efecto-domino-con-estados-unidos-noticias-hoy/
"Esta es Marcela Tovar, la nueva embajadora ante la ONU y Viena",El presidente Petro nombró a Marcela Tovar como la nueva embajadora ante la ONU en medio de las tensas relaciones con Estados Unidos.,13/11/2025,https://www.elespectador.com/politica/petro-designa-a-marcela-tovar-como-embajadora-de-colombia-ante-la-onu-y-en-viena-noticias-hoy/
Petro defendió suspensión de cooperación en inteligencia con EE. UU. y anunció movida clave,"Aseguró que si el intercambio de información se utiliza para “matar lancheros con misiles”, se estaría apoyando un delito de lesa humanidad.",12/11/2025,https://www.elespectador.com/politica/petro-defendio-suspension-de-cooperacion-en-inteligencia-con-ee-uu-y-anuncio-movida-diplomatica-noticias-hoy/
“Genera confusión”: Cepeda habló sobre resolución de Registraduría y Frente Amplio,El senador Iván Cepeda cuestionó la resolución de Registraduría que impediría su participación en el Frente Amplio. Esto dijo,12/11/2025,https://www.elespectador.com/politica/ivan-cepeda-se-pronuncio-ante-la-resolucion-de-la-registraduria-que-impediria-su-participacion-en-el-frente-amplio-noticias-hoy/
Comisión de Acusación abrió investigación previa al presidente Petro por tarimazo en Medellín,La Comisión de Acusación abrió la investigación al presidente Gustavo Petro por los tarimazos de Medellín. Esto dice el texto,13/11/2025,https://www.elespectador.com/politica/nueva-investigacion-contra-petro-por-el-tarimazo-en-medellin-alertan-posible-uso-irregular-de-recursos-publicos-noticias-hoy/
¿Habrá nueva coalición para 2026?: reunión clave de ocho precandidatos en Bogotá,"Vicky Dávila, Marta Lucía Ramírez, Enrique Peñalosa, Felipe Córdoba, Daniel Palacios, Juan Guillermo Zuluaga y otros se reunieron en Bogotá.",12/11/2025,https://www.elespectador.com/politica/elecciones-colombia-2026/reunion-de-precandidatos-en-bogota-vicky-davila-penalosa-marta-lucia-ramirez-felipe-cordoba-y-otros-se-viene-alianza/
Le piden al CNE aclarar alcances de sus decisiones sobre candidaturas del Pacto Histórico,"Tras más de dos semanas de la consulta del petrismo, aún no hay claridad sobre candidaturas de Iván Cepeda y Daniel Quintero.",12/11/2025,https://www.elespectador.com/politica/elecciones-colombia-2026/ivan-cepeda-y-daniel-quintero-que-pasara-con-las-candidaturas-del-pacto-historico-le-piden-al-cne-aclarar-decisiones/
Avanzó proyecto que extiende debates de moción de censura a más de 30 altos funcionarios,Senado aprobó en segundo debate proyecto para que sean más los funcionarios del Gobierno que pueden ir a moción de censura.,12/11/2025,https://www.elespectador.com/politica/mocion-de-censura-avanzo-proyecto-que-extiende-debates-a-mas-de-30-altos-funcionarios-esta-es-la-lista-noticias-hoy/
“Juega con fuego”: Petro es cuestionado por suspender tratos de inteligencia con EE. UU.,"Tras la orden del presidente Petro, voces de todas las orillas hablaron de intercambio de inteligencia con Estados Unidos.",12/11/2025,https://www.elespectador.com/politica/suspension-de-cooperacion-en-inteligencia-con-estados-unidos-razones-de-petro-y-reacciones-a-la-medida-noticias-hoy/
Izquierda acelera movidas ante el CNE para consolidar fusión del Pacto Histórico,El Pacto Histórico se juega las últimas cartas para acelerar su fusión en el CNE. Esperan decisión antes del 8 de diciembre.,12/11/2025,https://www.elespectador.com/politica/petro-cepeda-maria-jose-pizarro-pacto-historico-busca-alternativas-para-acelerar-su-fusion-ante-el-cne-asi-estan-moviendose-noticias-hoy/
Registraduría niega recurso de Daniel Quintero e insiste que no puede recoger firmas,"La Registraduría resolvió un recurso impuesto por Daniel Quintero, luego de que negara la inscripción de su comité para recoger firmas.",12/11/2025,https://www.elespectador.com/politica/elecciones-colombia-2026/registraduria-insiste-en-que-exalcalde-daniel-quintero-no-puede-recoger-firmas-elecciones-presidenciales-noticias-hoy/
Representante López dice que ya tiene voz y voto; Partido de La U insiste en que no,"López dice que, al impugnar la sanción de La U, podrá presidir de nuevo la plenaria de la Cámara.",12/11/2025,https://www.elespectador.com/politica/representante-lopez-dice-que-ya-tiene-voz-y-voto-partido-de-la-u-insiste-en-que-no-noticias-hoy/
Vargas Lleras reapareció y le dio línea política a Cambio Radical: conclusiones de la reunión,Los congresistas de Cambio Radical insistieron en que Vargas Lleras debe ser su candidato. Esto dijo él en la reunión del partido.,12/11/2025,https://www.elespectador.com/politica/elecciones-colombia-2026/vargas-lleras-reaparecio-sera-candidato-a-la-presidencia-o-integrara-lista-al-senado-asi-fue-la-reunion-de-cambio-radical/
“¿Me están interceptando?”: Benedetti sube tono a choque con Lombana por allanamiento,El ministro del Interior ha denunciado presuntas irregularidades en el allanamiento en su casa en Atlántico.,11/11/2025,https://www.elespectador.com/politica/cristina-lombana-allanamiento-armando-benedetti-ministro-pregunta-si-estan-interceptando-sus-comunicaciones-noticias-hoy/
Debate de reforma a la salud amenaza con pasar a estrados: Pacto habla de “prevaricato”,"Pese al mensaje de insistencia, la Comisión Séptima del Senado no retomó la discusión de la reforma a la salud.",11/11/2025,https://www.elespectador.com/politica/petro-reforma-a-la-salud-pacto-historico-dice-que-oposicion-comete-prevaricato-comision-septima-senado-noticias-hoy/
Vargas Lleras y Fuad Char dirigen reunión de Cambio Radical para definir temas de bancada,La reunión de Cambio Radical se realiza en el norte de Bogotá.,06/07/2026,https://www.elespectador.com/politica/german-vargas-lleras-fuad-char-cambio-radical-realiza-reunion-para-definir-temas-de-bancadas-y-presidenciales-noticias-hoy/
“Un allanamiento ilegal”: Petro reacciona a caso de Benedetti y magistrada Lombana,"El presidente Petro aseguró que el allanamiento se transformó en ""secuestro de una familia"".",12/11/2025,https://www.elespectador.com/politica/gustavo-petro-critica-allanamiento-de-casa-de-armando-benedetti-magistrada-cristina-lombana-noticias-hoy/
Benedetti recibe críticas de opositores y respaldo de Palacio por choque con magistrada,Voces de diversas orillas han cuestionado al ministro Benedetti por referirse a Cristina Lombana como “loca” y “delincuente”.,11/11/2025,https://www.elespectador.com/politica/benedetti-recibe-criticas-de-opositores-y-respaldo-de-presidencia-por-choque-con-magistrada-lombana-noticias-hoy/
Partido UP habló de “inducción al error” y se retractó en caso de campaña Petro,La Unión Patriótica reiteró que no está de acuerdo con ningún punto del expediente del CNE contra la campaña presidencial de Petro.,11/11/2025,https://www.elespectador.com/politica/campana-petro-en-el-cne-union-patriotica-hablo-de-induccion-al-error-y-se-retracto-esto-dijeron-noticias-hoy/
No cesa polémica de conservadores por candidatura: veedora habló de “desconocimiento”,Dos sectores del Partido Conservador siguen enfrentados por el proceso para elegir candidato presidencial.,11/11/2025,https://www.elespectador.com/politica/no-cesa-polemica-del-partido-conservador-por-candidatura-de-cepeda-y-cordoba-veedora-hablo-noticias-hoy/
“Abuso de poder”: Benedetti habló de allanamiento a su casa y arremetió contra magistrada Lombana,"El ministro del Interior, Armando Benedetti, se fue contra la magistrada Cristina Lombana por allanamiento a su casa. Esto le dijo.",11/11/2025,https://www.elespectador.com/politica/benedetti-hablo-de-allanamiento-a-su-casa-y-arremetio-contra-magistrada-cristina-lombana-abuso-de-poder-noticias-hoy/
Se profundizan divisiones en la derecha en medio de llamado a la unidad contra el petrismo,Centro Democrático y Partido Conservador protagonizan disputas en medio de llamado a la unidad de Álvaro Uribe y César Gaviria.,11/11/2025,https://www.elespectador.com/politica/elecciones-colombia-2026/uribe-cabal-cepeda-peleas-en-la-derecha-abren-paso-al-candidato-de-gustavo-petro-para-las-elecciones-de-2026-asi-se-disputan-la-casa-de-narino-noticias-hoy/
Esta es la tutela con la que buscan destrabar la reforma a la salud de Petro en Senado,"La Comisión Séptima sesionará este martes, pero no tiene en el orden del día la reforma a la salud del gobierno Petro.",11/11/2025,https://www.elespectador.com/politica/reforma-a-la-salud-esta-es-la-tutela-con-la-que-buscan-destrabar-proyecto-de-petro-en-el-senado-noticias-hoy/
¿Se fracturó unidad de los exgobernadores?: duro cruce de mensajes por encuesta,Dos de los cuatro precandidatos de La Fuerza de las Regiones aseguraron que no hay claridad técnica sobre encuesta interna.,11/11/2025,https://www.elespectador.com/politica/elecciones-colombia-2026/coalicion-de-exgobernadores-se-fracturo-unidad-precandidatos-tuvieron-cruce-de-mensajes-por-encuesta-noticias-hoy/
“He ordenado el bombardeo”: las veces que Petro ha cargado contra disidencias de Mordisco,El mandatario aseguró que le ordenó al Mindefensa la “disolución” de un frente de ese grupo criminal en el Guaviare.,11/11/2025,https://www.elespectador.com/politica/petro-anuncio-ofensiva-contra-disidencias-de-mordisco-he-ordenado-el-bombardeo-noticias-hoy/
Conservadores buscan frenar crisis por candidaturas de Efraín Cepeda y Felipe Córdoba,Las directivas del Partido Conservador dijeron que el proceso para elegir a su ficha presidencial otorgará garantías a todos los sectores.,10/11/2025,https://www.elespectador.com/politica/elecciones-colombia-2026/partido-conservador-busca-frenar-crisis-por-candidaturas-de-efrain-cepeda-y-felipe-cordoba-noticias-hoy/
Registraduría lamentó fallecimiento de funcionarios que se accidentaron en Vaupés,La entidad informó que tres funcionarios murieron luego de que la avioneta en la que se trasladaban hacia Mitú se accidentó.,10/11/2025,https://www.elespectador.com/politica/registraduria-lamento-fallecimiento-de-funcionarios-que-se-accidentaron-en-vaupes-noticias-hoy/
“Tenemos la mano tendida para dialogar”: canciller detalló plan para sortear crisis con EE. UU.,"En diálogo con El Espectador, la ministra Rosa Villavicencio habló de las tensiones que generan los lazos con Venezuela.",11/11/2025,https://www.elespectador.com/politica/relacion-gustavo-petro-y-donald-trump-canciller-revelo-plan-para-sortear-crisis-con-estados-unidos-noticias-hoy/
Así está el panorama electoral de los partidos y sus campañas rumbo al Congreso 2026,Estos son los precandidatos al Congreso que ya empezaron a formalizar sus campañas a menos de cuatro meses de las elecciones.,11/11/2025,https://www.elespectador.com/politica/elecciones-colombia-2026/candidatos-de-cambio-radical-conservador-liberal-y-pacto-historico-calientan-motores-rumbo-al-congreso/
La JEP y una segunda oportunidad para integrantes de la fuerza pública (Opinión),Hoy son 5.069 comparecientes de la fuerza pública sometidos a la JEP.,10/11/2025,https://www.elespectador.com/politica/la-jep-y-una-segunda-oportunidad-para-integrantes-de-la-fuerza-publica-opinion/
Gobierno solicitó explicaciones a EE.UU. por imagen y supuesto plan contra Petro,"La canciller Villavicencio afirmó que ""esperamos que ellos puedan explicar este suceso"".",10/11/2025,https://www.elespectador.com/politica/petro-trump-gobierno-de-colombia-envio-notas-verbales-a-estados-unidos-para-explicar-polemica-por-imagen-con-ia-rosa-villavicencio-noticias-hoy/
Gobierno y congresistas rechazan atentado contra el gobernador de Arauca,Fue el propio gobernador Martínez quien dio a conocer el ataque armado contra el vehículo en el que se transportaba.,10/11/2025,https://www.elespectador.com/politica/atentado-gobernador-de-arauca-renson-martinez-gobierno-petro-y-congresistas-rechazan-ataque-noticias-hoy/
Pacto Histórico da detalles sobre fusión y conformación de listas al Congreso,El Pacto Histórico detalló cómo avanzan hacia el camino de un Frente Amplio.,10/11/2025,https://www.elespectador.com/politica/pacto-historico-da-detalles-sobre-como-avanza-el-proceso-de-personeria-juridica-y-conformacion-listas-al-congreso-ivan-cepeda-petro/
Control político y jurisdicción agraria: así está la agenda del Congreso,En la plenaria de la Cámara está agendado en el primer punto el proyecto de ley de jurisdicción agraria.,10/11/2025,https://www.elespectador.com/politica/control-politico-y-jurisdiccion-agraria-asi-esta-la-agenda-del-congreso/
Políticos se dividen tras el presunto plan de EE.UU. para encarcelar al presidente Petro,Entre las reacciones del presidente Petro está el llamado a consultas del embajador Daniel García-Peña.,10/11/2025,https://www.elespectador.com/politica/trump-petro-estados-unidos-narcotrafico-asi-reacciona-pais-politico-a-presunto-plan-de-encarcelar-al-presidente-noticias-hoy/
Centro Democrático insiste en transparencia de proceso para elegir a su candidato,"El partido insistió en que se respetarán las ""reglas claras"" para elegir al candidato único del partido.",10/11/2025,https://www.elespectador.com/politica/elecciones-colombia-2026/centro-democratico-insiste-en-transparencia-de-proceso-para-elegir-a-su-candidato/
Pelea en filas conservadoras: Efraín Cepeda habla de “presiones impresentables”,Un sector del directorio del Partido Conservador pidió ampliar el plazo de inscripción de precandidatos hasta el 1 de diciembre.,10/11/2025,https://www.elespectador.com/politica/elecciones-colombia-2026/efrain-cepeda-felipe-cordoba-senador-denuncia-presiones-al-partido-conservador-inscripcion-candidatos-presidenciales-noticias-hoy/
Petro busca protagonismo en vitrinas internacionales mientras refuerza tono frente a EE. UU.,El presidente Gustavo Petro busca protagonismo en vitrinas internacionales mientras refuerza tono frente al Estados Unidos de Trump.,10/11/2025,https://www.elespectador.com/politica/gustavo-petro-busca-protagonismo-en-cumbre-celac-ue-y-refuerza-tono-frente-a-estados-unidos-de-trump-noticias-hoy/
“Llegaremos hasta las últimas instancias”: Pedraza por nuevo choque con Guerrero,Juliana Guerrero denunció a Jennifer Pedraza ante la Corte Suprema por presuntos delitos informáticos y calumnia.,10/11/2025,https://www.elespectador.com/politica/jennifer-pedraza-y-juliana-guerrero-se-veran-las-caras-en-la-corte-suprema-de-justicia-fundacion-universitaria-san-jose-minigualdad/
Petro llama a consultas a embajador García-Peña: “es un irrespeto brutal”,"“Aquí se trata de saber por qué en la página oficial de la Casa Blanca, me sacan como si fuera un preso"", dijo el presidente.",10/11/2025,https://www.elespectador.com/politica/petro-trump-llama-a-consultas-a-embajador-garcia-pena-por-nuevo-choque-con-estados-unidos-noticias-hoy/
Cambio Radical define ruta electoral con Vargas Lleras a la cabeza: así preparan reunión,"Fuad Char, jefe de una de las estructuras políticas con mayor peso electoral en el Caribe, también estará en la conversación.",10/11/2025,https://www.elespectador.com/politica/elecciones-colombia-2026/cambio-radical-define-ruta-electoral-con-vargas-lleras-a-la-cabeza-asi-preparan-reunion-noticias-hoy/
“Tomaremos las medidas que toca tomar”: presidente Petro se fue contra Bernie Moreno,El presidente Petro señaló a Bernie Moreno de fraguar un plan en su contra para hacerlo “pasar como narcotraficante”.,09/11/2025,https://www.elespectador.com/politica/petro-se-fue-contra-bernie-moreno-por-supuesto-plan-para-llevarlo-a-la-carcel-tomaremos-las-medidas-que-toca-tomar/
Crece el número de partidos que apuesta a las encuestas para definir su ruta hacia 2026,Varias colectividades contratarán firmas especializadas para decantar los nombres de sus candidatos al Congreso y la Presidencia.,09/11/2025,https://www.elespectador.com/politica/elecciones-colombia-2026/crece-el-numero-de-partidos-que-apuesta-a-las-encuestas-para-definir-su-ruta-hacia-2026/
Esto dijo Petro en la cumbre CELAC-UE: habló de integración y ataques en el Caribe,"Si bien no se refirió directamente a su homólogo estadounidense, Donald Trump, sí rechazó contundentemente sus acciones.",06/07/2026,https://www.elespectador.com/politica/cumbre-celac-ue-gustavo-petro-hablo-de-integracion-regional-y-ataques-en-el-caribe-de-estados-unidos-noticias-hoy/
Así se mueve el poder regional para ocupar los mejores puestos en las listas al Congreso,El Espectador presentó una primera radiografía de las movidas políticas de los llamados clanes políticos para las elecciones 2026.,09/11/2025,https://www.elespectador.com/politica/elecciones-colombia-2026/asi-se-mueve-el-poder-regional-para-ocupar-los-mejores-puestos-en-las-listas-al-congreso-noticias-hoy/
Arrancó el pulso de los clanes por controlar el Congreso: así se mueven en las regiones,"Clanes políticos de Atlántico, Santander, Bolívar, Córdoba y más se mueven para consolidar listas en el Congreso.",21/02/2026,https://www.elespectador.com/politica/clanes-politicos-de-barranquilla-santander-valledupar-y-mas-regiones-ya-se-mueven-para-consolidar-listas-al-congreso-fuad-char-clan-torres-clan-aguilar-noticias-hoy/
“Venganza política”: Así va la pelea de Petro con Dilian Francisca Toro y Alejandro Eder,"""Gracias por nada, presidente, qué pequeñez la suya"", le dijo Dilian Francisca Toro a Petro por polémica del Tren de Cercanías del Valle.",08/11/2025,https://www.elespectador.com/politica/asi-va-la-pelea-de-petro-con-dilian-francisca-toro-y-alejandro-eder-por-tren-de-cercanias-del-valle-venganza-politica/
Petro y su agenda internacional en busca de influencia en época electoral: La Mesa Redonda,"El presidente Petro busca apoyo internacional para sus posturas frente Trump, Venezuela, la lucha contra las drogas y otros temas.",21/01/2026,https://www.elespectador.com/politica/petro-y-su-agenda-internacional-en-busca-de-influencia-en-epoca-electoral-la-mesa-redonda-noticias-hoy/
"Alto turmequé: de encuestas, distancias, lágrimas y risas",Los mejores confidenciales sobre el poder en Colombia.,09/11/2025,https://www.elespectador.com/politica/alto-turmeque-de-encuestas-distancias-lagrimas-y-risas/
Ley de Garantías: lo que sí y lo que no se puede hacer desde el 8 de noviembre,"Desde este 8 de noviembre comienza a regir la Ley de Garantías Electorales en Colombia, conozca todos los detalles sobre la norma",08/11/2025,https://www.elespectador.com/politica/elecciones-colombia-2026/ley-de-garantias-electorales-desde-cuando-comienza-a-regir-y-cuales-son-las-restricciones-dentro-de-la-norma/
Se agita elección de candidato conservador tras ingreso de excontralor a la competencia,"Un sector del Partido Nacional pidió sumar a Felipe Córdoba como precandidato, lo que desataría pelea por el aval con Efraín Cepeda.",08/11/2025,https://www.elespectador.com/politica/elecciones-colombia-2026/excontralor-felipe-cordoba-competira-por-aval-del-partido-conservador-y-genera-tension-efrain-cepeda-noticias-hoy/
Hay pelea en el uribismo por encuesta para elegir candidato: esto dicen Miguel Uribe y Cabal,Le piden a Miguel Uribe aclarar si sus asesores contactaron a la firma que haría la encuesta de candidatos del Centro Democrático.,08/11/2025,https://www.elespectador.com/politica/pelea-en-el-centro-democratico-por-encuesta-de-candidatos-esto-dijeron-miguel-uribe-maria-fernanda-cabal-noticias-hoy/
Uribe planteó un segundo Plan Colombia para mejorar seguridad y Petro le respondió,El expresidente Uribe aseguró que el nuevo presidente debe negociar esa propuesta de Plan Colombia. ¿Qué dijo el presidente Petro?,06/07/2026,https://www.elespectador.com/politica/alvaro-uribe-planteo-un-segundo-plan-colombia-para-mejorar-seguridad-y-petro-le-respondio-elecciones-noticias-hoy/
Se inicia la inscripción de candidatos al Congreso: este es el calendario electoral,Estas son las fechas a tener en cuenta en el calendario electoral para las próximas elecciones legislativas y presidenciales,20/01/2026,https://www.elespectador.com/politica/elecciones-colombia-2026/calendario-electoral-2026-inscripcion-de-candidatos-al-congreso-fechas-y-claves-de-las-legislativas-y-presidenciales/
Gobernador de Bolívar lanzó duras críticas al Gobierno por universidad en Montes de María,"El mandatario local aseguró que el presidente Petro le prometió la obra a la región, pero que ministerios no cumplieron.",08/11/2025,https://www.elespectador.com/politica/gobernador-de-bolivar-lanzo-duras-criticas-al-gobierno-por-universidad-en-montes-de-maria/
“No creo que sea bandida”: Quintero se disculpó con Cabal y anunció un acuerdo,Quintero dijo que acordaron con María Fernanda Cabal eliminar cualquier contenido ofensivo que hayan publicado hacia el otro.,07/11/2025,https://www.elespectador.com/politica/daniel-quintero-y-maria-fernanda-cabal-llegaron-a-inesperado-acuerdo-sobre-no-agresion-esto-dijeron-noticias-hoy/
Lo que está en juego por choque entre Gobierno y Congreso a 40 días de acabar periodo,El Gobierno criticó al Congreso por las demoras para discutir proyectos como la ley de financiamiento y la reforma a la salud.,08/11/2025,https://www.elespectador.com/politica/petro-benedetti-gobierno-y-congreso-chocan-a-40-dias-de-fin-de-periodo-legislativo-reforma-a-la-salud-ley-de-financiamiento-noticias-hoy/
Así se mueven los partidos y coaliciones para ordenar sus listas al Congreso,Las inscripciones de candidatos para la contienda del próximo 8 de marzo inician este sábado. Estas son las movidas de los partidos.,07/11/2025,https://www.elespectador.com/politica/quienes-encabezaran-las-listas-al-congreso-asi-se-mueven-los-partidos-y-coaliciones-para-ganar-curules-noticias-hoy/
Congreso responde a críticas de Petro y Benedetti por demora en reforma a la salud,Senadores dicen que no hay plata para la reforma a la salud ni que tiene aval fiscal. Gobierno Petro insiste en que sí.,07/11/2025,https://www.elespectador.com/politica/reforma-a-la-salud-petro-comision-septima-senadores-responden-a-presidente-y-a-ministro-benedetti-noticias-hoy/
El presidente Petro puso condiciones para reanudar relaciones con Israel,El presidente Petro manifestó su intención de recuperar las relaciones con Israel si este país pone fin al conclicto en Gaza.,07/11/2025,https://www.elespectador.com/politica/presidete-gustavo-petro-aseguro-que-colombia-e-israel-podrian-entablar-nuevas-relaciones-bilaterales-si-netanyahu-cumple-ciertas-condiciones-noticias-hoy/
Petro insiste en nuevas elecciones en Venezuela: “Bien harían Maduro y María Corina”,El mandatario reiteró que los “misiles” y la “invasión extranjera” de la que acusa a Estados Unidos no son legales.,07/11/2025,https://www.elespectador.com/politica/petro-insiste-en-nuevas-elecciones-en-venezuela-y-lanzo-propuesta-a-trump-maduro-y-maria-corina-machado-noticias-hoy/
Estos son los precandidatos que más dinero pautan en redes sociales,Miguel Uribe (Centro Democrático) fue el precandidato que ha más ha pautado en redes sociales.,07/11/2025,https://www.elespectador.com/politica/elecciones-colombia-2026/los-precandidatos-presidenciales-que-han-pagado-grandes-sumas-de-dinero-por-pulicidad-en-redes-sociales/
"Angie Rodríguez, directora del Dapre, tendrá nuevo y relevante cargo en el Gobierno",La funcionaria estará a cargo de una entidad con presupuesto millonario para obras y programas en todo el país.,07/11/2025,https://www.elespectador.com/politica/angie-rodriguez-directora-del-dapre-y-mano-derecha-de-petro-tendra-nuevo-y-relevante-cargo-en-el-gobierno-noticias-hoy/
El centro sigue sin norte y las coaliciones de petrismo y oposición buscan captar sus votos,Derecha e izquierda buscan sumar a sus causas los votos de figuras de centro y de caciques regionales que aún no toman partido.,07/11/2025,https://www.elespectador.com/politica/elecciones-colombia-2026/coaliciones-de-petrismo-y-oposicion-van-por-los-votos-del-centro-asi-se-estan-moviendo-tras-encuestas-noticias-hoy/
Nuevo pulso de Benedetti con congresistas por proyectos del Gobierno: “los voy a denunciar”,"El ministro Benedetti acusó a senadores de la Comisión Séptima de estar haciendo un ""bloqueo institucional"".",07/11/2025,https://www.elespectador.com/politica/petro-armando-benedetti-anuncia-denuncias-contra-senadores-comision-septima-reforma-a-la-salud-ley-de-financiamiento-noticias-hoy/
“No mantendría el régimen centralista”: Carlos Caicedo plantea un gobierno federal,Carlos Caicedo aseguró que transformaría el régimen a uno federalista donde el Estado sea un actor principal en la industrialización,06/11/2025,https://www.elespectador.com/politica/elecciones-colombia-2026/carlos-caicedo-precandidato-presidencial-explico-sus-propuestas-de-gobierno-y-la-idea-de-pasar-a-un-regimen-federal/
Estos son los detalles por los que De la Espriella pide juicio político para Petro,Abelardo de la Espriella presentó la solicitud de juicio político contra el presidente Petro por el delito de traición a la patria.,06/11/2025,https://www.elespectador.com/politica/abelardo-de-la-espriella-denucnio-al-presidente-petro-por-traicion-a-la-patria-y-solicita-juicio-politico-en-su-contra/
Uribe sí podría elegir candidato del Centro Democrático después de encuesta interna,En las próximas semanas se conocerá el resultado de la medición interna del Centro Democrático para escoger su candidato presidencial.,06/11/2025,https://www.elespectador.com/politica/centro-democratico-uribe-si-podria-elegir-candidato-incluso-despues-de-encuestas-cabal-paloma-valencia-paola-holguin-andres-guerra-miguel-uribe/
Cambio Radical pide investigar a secretarios de Senado por votaciones de senadora Castañeda,"Cambio Radical sancionó sin voz ni voto a Ana María Castañeda por un año, pero en sesiones de este semestre ha votado.",06/11/2025,https://www.elespectador.com/politica/cambio-radical-pide-investigacion-contra-secretarios-de-senado-por-votaciones-de-ana-maria-castaneda-consulta-popular-noticias-hoy/
Quintero insiste en candidatura por firmas: Polo dice que no era militante en la consulta,Daniel Quintero busca ser candidato por firmas. Hay duda de si está inhabilitado.,06/11/2025,https://www.elespectador.com/politica/elecciones-colombia-2026/daniel-quintero-insiste-en-buscar-ser-candidato-por-firmas-polo-dice-que-no-es-militante-registraduria-presidenciales-noticia-hoy/
“Candidatura inviable”: Registraduría niega inscripción de comité de firmas de Quintero,La Registraduría rechazó la inscripción del comité de firmas de Daniel Quintero.,06/11/2025,https://www.elespectador.com/politica/elecciones-colombia-2026/daniel-quintero-presidenciales-registraduria-niega-inscripcion-de-comite-de-firmas-noticias-hoy/
Efecto visa: grueso del gabinete Petro rechaza documento de EE. UU. y abre otra polémica,"Se alista para entablar un diálogo fragmentado con su mayor socio, con el que ya se ha enfrentado a tres impases en este año.",30/09/2025,https://www.elespectador.com/politica/efecto-visa-grueso-del-gabinete-petro-rechaza-documento-de-estados-unidos-de-trump-y-abre-otra-polemica-noticias-hoy/
Favorabilidad de Petro en reciente encuesta desató debate en izquierda y derecha,El presidente Petro destacó los últimos resultados de la encuesta de favorabilidad compartida por Cifras y Conceptos.,07/11/2025,https://www.elespectador.com/politica/elecciones-colombia-2026/el-presidente-petro-saco-44-de-favorabilidad-en-la-ultima-encuesta-y-varios-politicos-reaccionaron-a-los-resultados/
Gabinete de Petro también empieza a quedarse sin visas: así va la polémica con EE. UU.,"Integrantes del gabinete de Gustavo Petro estarían renunciando a sus visas en ""respaldo"" al Presidente. Así trazan la estrategia",29/09/2025,https://www.elespectador.com/politica/los-ministros-del-gabinete-de-gustavo-petro-que-se-quedaron-sin-visa-de-estados-unidos-noticias-hoy/
Gobierno y oposición presionan por reforma pensional: piden pronta decisión de la Corte,"Mientras que Eduardo Montealegre pide la renuncia del magistrado Jorge Ibáñez, en Congreso piden hundir la reforma pensional.",29/09/2025,https://www.elespectador.com/politica/nuevo-choque-de-gobierno-petro-y-oposicion-por-reforma-pensional-montealegre-pide-renuncia-de-magistrado-ibanez-noticias-hoy/
Senado aprueba proyecto para rendir homenajes a Miguel Uribe Turbay,La plenaria del Senado aprobó homenajes en memoria de Miguel Uribe Turbay. Buscarían cambiar nombre de parque El Golfito y otros.,30/09/2025,https://www.elespectador.com/politica/senado-aprueba-homenajes-a-la-memoria-de-miguel-uribe-turbay-noticias-hoy/
Estas son las reglas del juego para la reforma a la salud en Comisión Séptima del Senado,"El presidente de la Comisión Séptima del Senado, Miguel Ángel Pinto, anunció las reglas para el debate de la reforma a la salud.",30/09/2025,https://www.elespectador.com/politica/estas-son-las-reglas-para-el-debate-de-reforma-a-la-salud-en-comision-septima-del-senado-noticias-hoy/
Reunión entre Federico Gutiérrez y John McNamara: de esto hablaron,Federico Gutiérrez y John McNamara sostuvieron un nuevo encuentro. Seguridad y Comercio en Medellín fueron los temas clave.,29/09/2025,https://www.elespectador.com/politica/los-detalles-de-la-reunion-entre-el-alcalde-de-medellin-federico-gutierrez-y-john-mcnamara-embajador-encargado-de-los-estados-unidos-noticias-hoy/
Canciller Rosa Villavicencio renunció a su visa de Estados Unidos: esto dijo,"“Es un acto de dignidad frente a la inaceptable decisión de revocar el visado al Presidente de Colombia”, dijo la canciller.",29/09/2025,https://www.elespectador.com/politica/canciller-rosa-villavicencio-renuncio-a-su-visa-de-estados-unidos-en-solidaridad-con-el-presidente-petro-noticias-hoy/
Carolina Corcho descarta sumarse a Daniel Quintero en candidatura única para la consulta,Esto dijo Carolina Corcho sobre versiones de alianza con Daniel Quintero. Iván Cepeda también se pronunció.,29/09/2025,https://www.elespectador.com/politica/elecciones-colombia-2026/carolina-corcho-descarta-sumarse-a-daniel-quintero-en-candidatura-unica-para-la-consulta-esto-dio-noticias-hoyj/
Se llevó a cabo primera reunión de precandidatos que competirán por aval del Pacto,"Daniel Quintero, Carolina Corcho e Iván Cepeda se encontraron este lunes junto a otras figuras de la coalición Pacto Histórico.",29/09/2025,https://www.elespectador.com/politica/elecciones-colombia-2026/se-llevo-a-cabo-primera-reunion-de-daniel-quintero-carolina-corcho-e-ivan-cepeda-antes-de-consulta-del-26-de-octubre/
Así van las coaliciones para el Congreso: estos son los partidos que se unirán en marzo,"El Frente Amplio, Alianza Verde y En Marcha y la coalición de Dignidad y Compromiso, Nuevo Liberalismo y MIRA buscan agitar las elecciones.",29/09/2025,https://www.elespectador.com/politica/elecciones-colombia-2026/asi-van-las-coaliciones-para-el-congreso-estos-son-los-partidos-que-se-uniran-en-marzo-noticias-hoy/
Bolívar dice que “dinamitaron” consulta de izquierda con un candidato de votos de derecha,Gustavo Bolívar alertó sobre posible “derrota del proyecto progresista” si Quintero se impone a Carolina Corcho e Iván Cepeda.,29/09/2025,https://www.elespectador.com/politica/elecciones-colombia-2026/gustavo-bolivar-dice-que-dinamitaron-consulta-de-izquierda-con-candidato-de-derecha-daniel-quintero-noticias-hoy/
“El terrorismo arrecia y se generaliza”: capitulo del libro de memorias de César Gaviria,"El expresidente César Gaviria está presentando “Entrelazados”, su nuevo libro con las memorias de su paso por la Casa de Nariño.",29/09/2025,https://www.elespectador.com/politica/cesar-gaviria-capitulo-de-su-nuevo-libro-entrelazados-el-terrorismo-arrecia-y-se-generaliza-noticias-hoy/
Así se moverá un Petro sin visa en año electoral y a 10 meses de dejar el poder,La decisión de Washington de dejar sin visa al presidente Petro es usada en clave electoral para 2026. Empresarios piden mesura.,29/09/2025,https://www.elespectador.com/politica/petro-estados-unidos-trump-izquierda-y-gobierno-sacan-provecho-electoral-por-2026-a-decision-de-retiro-de-visa-noticias-hoy/
Alcalde Gutiérrez dice que enviará carta a Estados Unidos sobre Quintero Calle,"Quintero dijo que renunciaría a su visa a Estados Unidos en ""solidaridad"" con el presidente Petro.",29/09/2025,https://www.elespectador.com/politica/visa-petro-estados-unidos-causa-nuevo-choque-federico-gutierrez-daniel-quintero-christopher-landau-noticias-hoy/
Samper y Roy Barreras arrancan conformación del Frente Amplio para 2026,"Buscan tener la ""principal bancada"" del Congreso a partir del 20 de julio de 2026.",28/09/2025,https://www.elespectador.com/politica/elecciones-colombia-2026/roy-barreras-ernesto-samper-anuncian-la-creacion-de-frente-amplio-congreso-comunes-noticias-hoy/
Amazonas: así es la realidad de los jóvenes que viven en la “cárcel de menores de edad”,Así viven quienes han cometido crímenes graves antes de cumplir los 18 años en el departamento más al sur de Colombia.,06/07/2026,https://www.elespectador.com/politica/amazonas-asi-es-la-realidad-de-los-jovenes-que-viven-en-la-carcel-de-menores-de-edad/
Presidente de la Cámara acusa a minDefensa de “mandarlo a callar” en consejo de seguridad,El consejo de seguridad se realizó en Palmira.,29/09/2025,https://www.elespectador.com/politica/presidente-de-la-camara-acusa-a-mindefensa-de-mandarlo-a-callar-en-consejo-de-seguridad/
Petro anuncia nuevo evento en Ibagué en medio de polémica por visa de EE.UU.,"Será el próximo viernes, 3 de octubre, a las 3pm en la Plaza Murillo Toro.",28/09/2025,https://www.elespectador.com/politica/gustavo-petro-anuncia-nuevo-evento-publico-en-ibague-elecciones-2026-visa-estados-unidos-donald-trump-noticias-hoy/
“Es posible que la tendencia antivacunas crezca”: infectólogo Jorge Cortés Luna,"Entrevista con el médico especialista en infectología Jorge Cortés Luna, miembro del Comité Asesor Panamericano en Vacunación Segura.",28/09/2025,https://www.elespectador.com/politica/es-posible-que-la-tendencia-antivacunas-crezca-infectologo-jorge-cortes-luna/
"Alto turmequé: sobre encargos, destinos y divas",Los mejores confidenciales sobre el poder en Colombia.,28/09/2025,https://www.elespectador.com/politica/alto-turmeque-sobre-encargos-destinos-y-divas/
Los tercos fusiles agudos no dejan de sonar en Colombia,"Después de 30 años de fabricar los Galil israelíes, el presidente Gustavo Petro y el ministro de Defensa anunciaron una nueva era. Crónica.",30/09/2025,https://www.elespectador.com/politica/los-tercos-fusiles-agudos-no-dejan-de-sonar-en-colombia/
Pacto Histórico inscribió 535 precandidatos al Congreso para la consulta de octubre,"Hay 390 precandidatos a la Cámara, 145 al Senado y tres a la Presidencia.",28/09/2025,https://www.elespectador.com/politica/elecciones-colombia-2026/pacto-historico-tiene-535-precandidatos-al-congreso-y-tres-presidenciales-consulta-26-de-octubre-registraduria-noticias-hoy/
Leyva denuncia a Petro en Estados Unidos: así han sido sus choques,"El excanciller denunció al presidente Petro de, supuestamente, manipular pruebas.",27/09/2025,https://www.elespectador.com/politica/asi-han-sido-los-choques-entre-alvaro-leyva-y-gustavo-petro-excanciller-denuncia-al-presidente-en-estados-unidos-noticias-hoy/
Así será el nuevo sistema de registro de datos para colombianos que viajen a Europa,El nuevo Sistema de Entrada y Salida (SES) en Europa aplicará desde el próximo 12 de octubre.,27/09/2025,https://www.elespectador.com/politica/cancilleria-petro-explica-como-funcionara-nuevo-registro-de-datos-colombianos-que-viajan-a-europa-noticias-hoy/
Estos son los recursos en juego con un Minigualdad ad portas de su liquidación,El Ministerio de Igualdad de Juan Carlos Florián asignó $156.481 millones a proyectos que hoy tendrían en vilo su ejecución.,28/09/2025,https://www.elespectador.com/politica/juan-carlos-florian-tamara-ospina-juliana-guerrero-y-los-recursos-en-juego-en-el-ministerio-de-igualdad-noticias-hoy/
EL FUTURO EN PAUSA CAP 2,"En Leticia nueve muchachos están recluidos entre paredes blancas, alambres y un cielo por el que solo pasan pájaros y avionetas, purgando sanciones por crímenes graves.",28/10/2025,https://www.elespectador.com/politica/carcel-de-menores-de-amazonas-asi-viven-los-jovenes-detenidos-por-graves-delitos/
“No la necesito para ir a Ibagué”: los pasos que llevaron a EE.UU. a retirar visa de Petro,"La Secretaría de Estado de Donald Trump acusó a Petro de ""acciones incendiarias"".",06/07/2026,https://www.elespectador.com/politica/gustavo-petro-donald-trump-esto-fueron-los-pasos-que-llevaron-a-eeuu-a-retirarle-la-visa-gaza-onu-nueva-york-noticias-hoy/
Uribe continúa reuniones con precandidatos: se encontró con De la Espriella,"Uribe esta semana también se reunió con Vicky Dávila, quien, en todo caso, ha chocado con De la Espriella.",27/09/2025,https://www.elespectador.com/politica/elecciones-colombia-2026/elecciones-2026-alvaro-uribe-abelardo-de-la-espriella-se-reunen-coalicion-derecha-presidenciales-noticias-hoy/
Así reaccionó el país político a la revocatoria de la visa de EE.UU. a Petro,El Departamento de Estado de EE.UU. revocará la visa de Petro.,27/09/2025,https://www.elespectador.com/politica/criticas-y-apoyo-a-gustavo-petro-por-revocatoria-visa-estados-unidos-donald-trump-noticias-hoy/
Señalan a Petro de estar participando en política: “viola sin pudor las normas”,El mensaje del presidente Petro sobre la consulta del Pacto Histórico fue leído como participación en política por algunos opositores.,27/09/2025,https://www.elespectador.com/politica/consulta-pacto-historico-efrain-cepeda-y-otros-congresistas-senalan-a-gustavo-petro-de-participar-en-politica/
Colombia y Venezuela buscan segunda zona binacional y firman memorando,Esta zona aplicaría para los departamentos de Vichada y Guainía y el Estado del Amazonas (Venezuela).,27/09/2025,https://www.elespectador.com/politica/colombia-y-venezuela-firman-memorando-para-crear-segunda-zona-binacional-en-vichada-y-guainia/
Así le fue a la apuesta de Petro en Nueva York por Palestina: Washington le retiró la visa,El presidente Gustavo Petro agitó su discurso sobre la administración de Donald Trump. Esta es la repercusión diplomática.,27/09/2025,https://www.elespectador.com/politica/petro-palestina-israel-y-trump-esta-fue-la-apuesta-de-colombia-ante-la-onu-y-en-estados-unidos-noticias-hoy/
“Le revocaremos la visa a Petro por sus acciones incendiarias”: Gobierno Trump,Estados Unidos anunció la medida luego del pronunciamiento de Petro pidiéndole al Ejército desobedecer a Trump.,06/07/2026,https://www.elespectador.com/politica/estados-unidos-trump-anuncia-que-le-revocara-la-visa-a-gustavo-petro-por-acciones-incendiarias-en-nueva-york/
Vicky Dávila y expresidente Uribe se reunieron en Medellín: ¿de qué hablaron?,Sectores de derecha avanzan en diálogos con la intención de una eventual alianza.,26/09/2025,https://www.elespectador.com/politica/elecciones-colombia-2026/vicky-davila-alvaro-uribe-velez-se-reunieron-en-medellin-elecciones-presidenciales-centro-democratico-noticias-hoy/
Petro pasa últimas 24 horas de agenda en Nueva York haciendo activismo por Palestina,"En su último día de agenda oficial, Petro se concentró en lanzar cuestionamientos contra Israel y Estados Unidos.",26/09/2025,https://www.elespectador.com/politica/gustavo-petro-pasa-ultimas-24-horas-de-agenda-en-nueva-york-haciendo-activismo-por-gaza/
Grupo de Puebla se pronuncia por caída de personerías de partidos en Colombia,El Grupo de Puebla criticó recientes decisiones del Consejo de Estado.,26/09/2025,https://www.elespectador.com/politica/grupo-de-puebla-se-pronuncia-por-caida-de-personerias-de-partidos-en-colombia/
"Estalló polémica en torno a inscripción de Quintero y Corcho, ¿tienen aval?","Quintero y Corcho aseguran que su aspiración a la Casa de Nariño está en firme, pero en el Pacto Histórico hay fuertes dudas.",26/09/2025,https://www.elespectador.com/politica/elecciones-colombia-2026/daniel-quintero-y-carolina-corcho-estallo-pelea-en-torno-a-sus-inscripciones-y-hay-dudas-sobre-aval-de-pacto-historico/
Estos son los congresistas a los que Cifras y Conceptos designó como los mejores,Cifras & Conceptos reveló cuáles fueron los mejores congresistas de la ultima legislatura. Vea aquí el listado.,26/09/2025,https://www.elespectador.com/politica/ivan-cepeda-angelica-lozano-jennifer-pedraza-y-catherine-juvinao-se-posicionan-como-algunos-de-los-mejores-congresistas-de-colombia-noticias-hoy/
Empresarios le piden a Juan Carlos Pinzón que formalice su candidatura presidencial,El exministro de Defensa aún no ha confirmado si será candidato para 2026.,26/09/2025,https://www.elespectador.com/politica/elecciones-colombia-2026/juan-carlos-pinzon-empresarios-le-piden-que-formalice-candidatura-presidencial-partidos-politicos-noticias-hoy/
Pacto se bajó de consulta presidencial para frenar tensiones entre sus 12 precandidatos,El Pacto Histórico descartó ir a una consulta interna para elegir su candidato único.,06/07/2026,https://www.elespectador.com/politica/elecciones-colombia-2026/elecciones-2026-pacto-historico-se-bajo-de-consulta-presidencial-busca-frenar-tensiones-noticias-hoy/
“El Pacto Histórico debe ir a consulta popular”: presidente Petro,La mayoría de los precandidatos habían acordado buscar un nuevo mecanismo para elegir al candidato único.,26/09/2025,https://www.elespectador.com/politica/gustavo-petro-dice-que-pacto-historico-debe-ir-a-la-consulta-daniel-quintero-gustavo-bolivar-maria-jose-pizarro-noticias-hoy/
Registraduría se reunió con misión exploratoria de la Unión Europea por elecciones,La misión exploratoria de observación electoral de la UE evalúa los pormenores de las elecciones de 2026.,26/09/2025,https://www.elespectador.com/politica/elecciones-colombia-2026/registraduria-se-reunio-con-mision-exploratoria-de-la-union-europea-por-elecciones-noticias-hoy/
UNP desmiente reducción en la seguridad de Abelardo de la Espriella,"Aberlardo de la Espriella denunció una reducción en su esquema de seguridad y un ""precio"" a su cabeza. Esto dice la UNP",26/09/2025,https://www.elespectador.com/politica/unp-responde-a-denuncias-sobre-la-seguridad-de-abelardo-de-la-espriella-noticias-hoy/
Pacto Histórico se baja de la consulta de octubre para elegir candidato presidencial,El Pacto elegirá a su aspirante con otro mecanismo y realizará consulta interpartidista para sus listas al Congreso.,25/09/2025,https://www.elespectador.com/politica/pacto-historico-de-gustavo-petro-no-hara-consulta-de-octubre-para-elegir-candidato-presidencial-solo-para-congreso/
El Pacto de Petro le entregó aval a Quintero a la Presidencia: ¿a quiénes más?,"Pese a las disputas con Bolívar y Muhamad, Pacto Histórico otorga aval a Daniel Quintero para participar en consulta interna.",25/09/2025,https://www.elespectador.com/politica/daniel-quintero-tiene-aval-del-pacto-historico-para-la-presidencia-quien-mas-va-con-el-partido-de-petro-noticias-hoy/
“Abelardo la tiene borrada del mapa”: así fue el cruce entre Pizarro y Dávila,Dávila prometió recuperar las relaciones con Israel y Pizarro le recomendó concentrarse en la aspiración de la Espriella.,25/09/2025,https://www.elespectador.com/politica/vicky-davila-y-maria-jose-pizarro-tuvieron-fuerte-choque-por-criticas-a-la-paz-total-relaciones-israel-y-abelardo-de-la-espriella/
"Congreso mantiene su resistencia a la reforma tributaria, pese a aprobar Presupuesto",Ya varios congresistas anunciaron su voto negativo a la reforma tributaria y llaman al Gobierno a hacer recortes.,25/09/2025,https://www.elespectador.com/politica/congreso-aprobo-presupuesto-pero-mantiene-su-resistencia-con-reforma-tributaria-del-gobierno-petro/
Gobierno publica decreto para la elección de gobernador en Magdalena,El ministerio del Interior emitió el decreto convocando a las urnas para elegir al nuevo gobernador de Magdalena.,25/09/2025,https://www.elespectador.com/politica/ministerio-del-interior-anuncia-fecha-para-la-eleccion-del-gobernador-del-magdalena-noticias-hoy/
Petrismo mide fuerza en CNE para que autoricen aplazamiento de su consulta,"Entre este jueves y viernes, el Consejo Nacional Electoral definirá si la consulta del Pacto Histórico puede aplazarse o no.",25/09/2025,https://www.elespectador.com/politica/pacto-historico-mide-fuerzas-en-consejo-nacional-electoral-para-que-aprueben-aplazar-su-consulta-interna/
Petrismo agita otra consulta popular ante eventual freno a reforma a la salud y otras iniciativas,Presidencia prepara un “plazoletazo” y ya ha llamado a sus bases para estar preparadas en caso de tener que defender la reforma.,25/09/2025,https://www.elespectador.com/politica/gustavo-petro-e-izquierda-agitan-otra-consulta-popular-ante-eventual-freno-de-congreso-a-reforma-a-la-salud/
Estas fueron las movidas del Gobierno para lograr aval al presupuesto,Las jugadas políticas de la Casa de Nariño para lograr aprobación del Presupuesto de 2026. Así se movieron,25/09/2025,https://www.elespectador.com/politica/asi-se-movio-el-gobierno-petro-para-lograr-la-aprobacion-del-presupuesto-noticias-hoy/
Estas son las citas clave que ha tenido Petro en Nueva York por Naciones Unidas,"El presidente Petro se ha visto con sus homólogos Lula da Silva, Pedro Sánchez, Gabriel Boric y Emmanuel Macron.",25/09/2025,https://www.elespectador.com/politica/estas-son-las-citas-clave-que-ha-tenido-gustavo-petro-en-nueva-york-por-naciones-unidas/
Así se está cocinando la cita opositora en la que se juntarían Uribe y Vargas,Centro Democrático y Cambio Radical alistan cita para el 15 de octubre. Uribe y Vargas podrían asistir. ¿Qué está en juego?,25/09/2025,https://www.elespectador.com/politica/elecciones-colombia-2026/uribe-vargas-petro-oposicion-alista-cumbre-en-bogota-con-centro-democratico-y-cambio-radical-noticias-hoy/
Así está el pulso en la Cámara para la votación del proyecto de paz total,"La iniciativa fue radicada en julio, pero aún no ha sido debatida. Ponencia de archivo ganaría mayorías en la Comisión Primera.",25/09/2025,https://www.elespectador.com/politica/proyecto-de-paz-total-del-gobierno-petro-no-tendria-los-votos-en-la-comision-primera-de-la-camara-noticias-hoy/
Sindicatos de Minigualdad rechazan posible retorno de Tamara Ospina,El sindicado del Ministerio de la Igualdad pidió reconsiderar el nombramiento de Tamara Ospina en el viceministerio de la Mujer.,25/09/2025,https://www.elespectador.com/politica/sindicatos-del-ministerio-de-la-igualdad-rechazan-el-regreso-de-tamara-ospina-piden-a-juan-carlos-florian-no-posesionarla-noticias-hoy/
Pizarro y Dávila chocan por propuesta de ‘Plan Colombia 2.0′ que acabaría la paz total,Las precandidatas chocaron por una propuesta de implementar un 'Plan Colombia 2.0' y acabar con la Paz Total.,25/09/2025,https://www.elespectador.com/politica/vicky-davila-y-maria-jose-pizarro-se-confrontan-por-iniciativa-de-paz-total/
“La constituyente va sí o sí”: Benedetti da detalles sobre cómo el gobierno la promoverá,Se refirió a las críticas que hizo Alfredo Saade de que no se le estaría garantizando la seguridad como precandidato.,24/09/2025,https://www.elespectador.com/politica/benedetti-da-detalles-sobre-la-constituyente-gustavo-petro-responde-a-alfredo-saade-y-habla-de-presupuesto-y-reforma-a-la-salud/
Proponen en el Congreso que militares y policías en servicio activo puedan votar,"La propuesta, de aprobarse, no aplicaría para las elecciones de 2026.",24/09/2025,https://www.elespectador.com/politica/proponen-en-el-congreso-que-militares-y-policias-en-servicio-activo-puedan-votar-noticias-hoy/
Petro pide “proceso penal” contra Trump,"En su último discurso como presidente ante Naciones Unidas, Gustavo Petro criticó los recientes ataques de Estados Unidos en el Caribe.",06/07/2026,https://www.elespectador.com/politica/petro-pide-proceso-penal-contra-trump/
Este es el impacto de Quintero en una izquierda que busca mantener el poder en 2026,Daniel Quintero está imputado por posible corrupción y tiene un respaldo tácito del presidente Gustavo Petro. ¿Por qué?,24/09/2025,https://www.elespectador.com/politica/elecciones-colombia-2026/petro-quintero-bolivar-pelea-en-la-izquierda-y-el-pacto-historico-por-exalcalde-de-medellin-en-la-consulta-noticias-hoy/
"Petro resaltó en la ONU logros de su Gobierno, pero hay matices en los datos",El Espectador revisó cuatro afirmaciones hechas por el presidente en la ONU.,24/09/2025,https://www.elespectador.com/politica/gustavo-petro-onu-expuso-logros-del-gobierno-pero-con-matices-en-las-cifras-noticias-hoy/
"Consejo Electoral negó la escisión del partido de Roy Barreras, Fuerza de la Paz","Era promovida por la representante Gloria Arizabaleta, quien esperaba crear el partido ""Juntos"".",24/09/2025,https://www.elespectador.com/politica/elecciones-colombia-2026/consejo-electoral-nego-la-escision-del-partido-de-roy-barreras-fuerza-de-la-paz-gloria-arizabaleta-noticias-hoy/
Estas son las cuentas del Congreso para la discusión del presupuesto de 2026,Tanto el Gobierno como la oposición presentaron sus propias ponencias para el presupuesto del año entrante.,24/09/2025,https://www.elespectador.com/politica/estas-son-las-cuentas-del-congreso-para-la-discusion-del-presupuesto-de-2026/
Petro usó tono electoral y de balance interno en última intervención ante la ONU,El presidente Petro criticó la descertificación a Colombia y habló del cambio climático.,24/09/2025,https://www.elespectador.com/politica/gustavo-petro-en-la-onu-dio-balance-interno-en-tono-electoral-donald-trump-lucha-narcotrafico-gaza-noticias-hoy/
Benedetti queda como minjustica encargado en los asuntos que toquen el caso Uribe,Armando Benedetti será ministro de Justicia ad hoc en decisiones referentes al caso Uribe. También hay cambios en MinInterior.,24/09/2025,https://www.elespectador.com/politica/caso-uribe-armando-benedetti-designado-ministro-de-justicia-ad-hoc-por-impedimentos-de-eduardo-montealegre/
Así reaccionó el país político al discurso del presidente Gustavo Petro ante la ONU,"El presidente Gustavo Petro emitió su útimo discurso ante la ONU. Así reaccionaron desde Colombia,",24/09/2025,https://www.elespectador.com/politica/ultimo-discurso-del-presidente-gustavo-petro-ante-naciones-unidas-asi-reaccionaron-politicos-en-colombia-noticias-hoy/
“Estados Unidos ya no enseña democracia”: Petro en su último discurso ante la ONU,El presidente Gustavo Petro cuestionó desde la ONU las políticas de la administración Trump.,24/09/2025,https://www.elespectador.com/politica/discurso-del-presidente-gustavo-petro-ante-la-asamblea-general-de-la-onu/
Andrés Santamaría saltará de la alcaldía de Galán a la dirección de Asocapitales,"Andrés Santamaría, cabeza del Instituto de Turismo de Bogotá, fue elegido como director de Asocapitales. Esto dijo Petro.",23/09/2025,https://www.elespectador.com/politica/asocapitales-funcionario-de-carlos-fernando-galan-andres-santamaria-fue-elegido-director-de-la-entidad/
Gustavo Bolívar pide salida de Daniel Quintero de la consulta del Pacto Histórico,Gustavo Bolívar insiste en la salida de Daniel Quintero de la consulta presidencial del Pacto Histórico.,23/09/2025,https://www.elespectador.com/politica/consulta-del-pacto-historico-gustavo-bolivar-pide-la-salida-de-daniel-quintero-y-no-lo-apoyaria-en-caso-de-su-victoria-noticias-hoy/
“Lista la apelación”: oficialismo tiene lista una ruta si se hunde reforma a la salud,El Gobierno no está dispuesto a que se hunda nuevamente la reforma a la salud.,23/09/2025,https://www.elespectador.com/politica/reforma-a-la-salud-gobierno-petro-ya-tiene-lista-apelacion-al-hundimiento-y-se-aplaza-debate-por-falta-de-quorum/
"Anuncian moción de censura contra Juan Carlos Florián, ministro de la Igualdad",Juan Carlos Florián será citado a moción de censura en la Cámara tras su nombramiento en MinIgualdad.,23/09/2025,https://www.elespectador.com/politica/ministro-dela-igualdad-sera-citado-al-congreso-para-mocion-de-censura-noticias-hoy/
Así le ha ido a Petro en Nueva York y este sería el foco de su último discurso en la ONU,Petro se ha presentado en Estados Unidos como “un presidente descertificado” y llamó a la creación de un ejército por Gaza.,23/09/2025,https://www.elespectador.com/politica/petro-en-nueva-york-estados-unidos-asi-le-ha-ido-y-este-sera-el-foco-de-su-ultimo-discurso-como-presidente-colombia/
Tamara Ospina volvería al Ministerio de Igualdad tras denuncias de acoso laboral en su contra,La exfuncionaria presentó su renuncia al Viceministerio de las Mujeres en junio y el presidente Petro se la aceptó en julio.,23/09/2025,https://www.elespectador.com/politica/ministerio-de-igualdad-de-juan-carlos-florian-volvera-a-recibir-a-tamara-ospina-tras-denuncias-de-acoso-noticias-hoy/
Gobierno reforzará esquema de seguridad de Chacón tras denuncias de amenazas,El senador Alejandro Chacón aseguró que ha recibido amenazas contra su vida y la de sus familiares.,23/09/2025,https://www.elespectador.com/politica/gobierno-petro-reforzara-esquema-de-seguridad-de-chacon-tras-denuncias-de-amenazas/
"“Dije que no hablaría sobre el caso de mi hijo, pero no puedo callar”: Petro","El presidente Petro se pronunció tras conocerse la carta que envió la fiscal Lucy Laborde, quien lleva el caso contra su hijo Nicolás.",23/09/2025,https://www.elespectador.com/politica/petro-habla-sobre-caso-nicolas-petro-y-cuestiona-a-fiscal-lucy-laborde-por-carta-enviada-a-fiscalia-luz-adriana-camargo/
Lo que dejan las condenas contra FARC y militares por falsos positivos: La Mesa Redonda,"¿Cómo se sienten las víctimas con las dos sentencias de la JEP?, y ¿cuáles son las sanciones a exfarc y exmilitares? #LaMesaRedonda.",21/01/2026,https://www.elespectador.com/politica/jep-sentencias-y-sanciones-a-farc-y-militares-por-falsos-positivos-esto-dicen-las-victimas-la-mesa-redonda/
La izquierda debatió en Palacio su futuro con un Petro electoralmente activo,El Pacto Histórico ya le pidió al CNE que suspenda hasta un mes la consulta de octubre.,23/09/2025,https://www.elespectador.com/politica/elecciones-colombia-2026/gustavo-petro-reune-a-pacto-historico-para-debatir-futuro-del-partido-unico-consulta-interna-noticias-hoy/
La pelea por la jefatura de Asocapitales se definirá tras siete meses de interinidad,Pelea por jefatura de Asocapitales se definirá tras siete meses de interinidad. Tanto Galán como Gutiérrez habrían dado su guiño.,23/09/2025,https://www.elespectador.com/politica/asocapitales-pelea-por-jefatura-se-definiria-con-candidatos-de-carlos-fernando-galan-y-fico-gutierrez-noticias-hoy/
Así están las fuerzas para el tercer debate de la reforma a la salud en el Congreso,"El gobierno Petro vuelve a enfrentarse a la Comisión Séptima del Senado, que ya le ha hundido dos reformas.",23/09/2025,https://www.elespectador.com/politica/reforma-a-la-salud-asi-estan-las-fuerzas-de-gobierno-petro-y-oposicion-para-tercer-debate-en-comision-septima/
Gobierno Petro traza plan para “resignificar” la hoja de coca,La iniciativa costaría $338 millones para dar eco de la importancia ancestral de la planta. Congreso estudiará el tema.,22/09/2025,https://www.elespectador.com/politica/propuesta-del-gobierno-petro-para-cambiar-la-percepcion-sobre-la-hoja-de-coca-en-el-mundo-noticias-hoy/
Pacto Histórico pide al CNE aplazar la elección de su candidato para noviembre,El Pacto Histórico radicó una petición en el Consejo Nacional Electoral para aplazar la consulta interna de octubre al 23 de noviembre.,23/09/2025,https://www.elespectador.com/politica/pacto-historico-de-gustavo-petro-pidio-al-consejo-nacional-electoral-aplazar-consulta-de-octubre-a-noviembre/
“No necesito permiso”: Samper se suma a frente amplio de Petro y lanza pulla a Consejo de Estado,Samper dijo que a pesar de perder la personería jurídica de su partido continuará con su actividad política por el progresismo.,22/09/2025,https://www.elespectador.com/politica/ernesto-samper-se-suma-a-frente-amplio-de-gustavo-petro-y-lanza-pulla-al-consejo-de-estado/
“No es necesario hacer campaña sucia”: de la Espriella sobre pancarta contra Cepeda,De la Espriella aseguró que su campaña no realizó el montaje de una valla con su imagen y la de Iván Cepeda vistiendo traje camuflado.,23/09/2025,https://www.elespectador.com/politica/elecciones-colombia-2026/abelardo-de-la-espriella-dice-que-no-esta-detras-de-pancarta-contra-ivan-cepeda/
Bolívar y Corcho buscan salvar la consulta interna y presentan tutela contra CNE,Los precandidatos de Colombia Humana piden que se les amparen los derechos políticos.,22/09/2025,https://www.elespectador.com/politica/gustavo-bolivar-y-carolina-corcho-buscan-salvar-la-consulta-interna-y-presentan-tutela-contra-consejo-electoral/
"Futuro de Colombia Humana, Congreso y presidenciales: temas claves de cita Pacto-Petro",Presidente Petro ya delineó la estrategia para el Pacto Histórico tras reunión de la bancada.,22/09/2025,https://www.elespectador.com/politica/pacto-historico-se-reunio-con-el-presidente-gustavo-petro-estos-fueron-los-temas-que-trataron/
Presidente Petro ya está en Nueva York: así será su agenda en EE. UU.,El presidente Gustavo Petro inició su visita en Estados Unidos durante la Asamblea Ganeral de la ONU. Esta es su agenda.,22/09/2025,https://www.elespectador.com/politica/presidente-gustavo-petro-asiste-a-la-cumbre-de-la-naciones-unidas-esta-sera-su-agenda-en-los-estados-unidos/
Campaña de Daniel Quintero desata nueva división en el Pacto Histórico,Publicaciones de Daniel Quintero causan nueva división en el Pacto Histórico. Petrismo pide respeto por las uchas históricas.,22/09/2025,https://www.elespectador.com/politica/daniel-quintero-causa-nuevo-malestar-en-el-pacto-historico-congresistas-y-precandidatos-piden-respeto-por-las-bases-del-proyecto-petro-noticias-hoy/
Gobierno Petro vuelve a designar a Juan Carlos Florián como ministro de la Igualdad,Juan Carlos Florián vuelve al ministerio de la Igualdad. Presidente Petro firma decreto con su nombramiento.,22/09/2025,https://www.elespectador.com/politica/juan-carlos-florian-vuelve-al-ministerio-de-la-igualdad-presidente-petro-ya-firmo-el-decreto/
Álvaro Leyva ratifica acusaciones contra el presidente Gustavo Petro,El excanciller Álvaro Leyva insiste en acusaciones contra presidente Petro; pide más investigaciones y puebas toxicológicas.,22/09/2025,https://www.elespectador.com/politica/excanciller-alvaro-leyva-insiste-en-acusaciones-contra-presidete-petro-pide-examenes-toxicologicos/
"Presupuesto, Icetex y reforma a la salud: así será la agenda del Congreso",La reforma a la salud iniciará su discusión esta semana en la Comisión Séptima. Presupuesto también sigue en debate.,22/09/2025,https://www.elespectador.com/politica/presupuesto-y-reforma-a-la-salud-los-proyectos-clave-en-la-agenda-del-congreso-noticias-hoy/
"Especie invasora está arrasando a Nueva Venecia, un pueblo anfibio de la Ciénaga","Ya se tomó más de 700 hectáreas de espejo de agua, atrapando basura, animales y poniendo en riesgo la salud pública.",06/07/2026,https://www.elespectador.com/politica/especie-invasora-esta-arrasando-a-nueva-venecia-un-pueblo-anfibio-de-la-cienaga/
Oposición pide al Gobierno mayores medidas de seguridad durante campaña electoral,Los directivos Gabriel Vallejo y Germán Córdoba alertaron por los riesgos para ejercer oposición en Colombia.,21/09/2025,https://www.elespectador.com/politica/centro-democratico-y-cambio-radical-piden-al-gobierno-petro-mas-medidas-de-seguridad-para-la-oposicion/
Más de US$1.000 millones en juego: así va la cooperación internacional con Petro,"En 2024, los recursos que recibe Colombia de otros países cayeron un 20 %. Así se mueve el presidente Petro en este escenario.",22/09/2025,https://www.elespectador.com/politica/cooperacion-internacional-en-el-gobierno-petro-hay-mas-de-mil-millones-de-dolares-en-juego-noticias-hoy/
Centro Democrático propone eliminar ministerios para reducir gastos de funcionamiento,"Los precandidatos del Centro Democrático proponen una recorte sustancial en los ministerios para ""reducir gastos de funcionamiento"".",21/09/2025,https://www.elespectador.com/politica/estos-son-los-ministerio-que-precandidatos-de-centro-democratico-buscaria-fusionar-noticias-hoy/
Anuncian acciones contra presidente de la Cámara por informes sobre la reforma pensional,"Julián López, presidente de la Cámara de Representantes, sería denunciado por ""nuevos vicios de trámite"" en la reforma pensional.",20/09/2025,https://www.elespectador.com/politica/reforma-pensional-denuncian-nuevos-vicios-de-tramite-por-parte-del-presidente-de-la-camara-de-representantese/
"Alto turmequé: sobre descertificaciones, nombramientos y anuncios",Los mejores confidenciales sobre el poder en Colombia.,21/09/2025,https://www.elespectador.com/politica/alto-turmeque-sobre-descertificaciones-nombramientos-y-anuncios/
“No va a haber vehículos para fortalecer esquemas a los congresistas”: Augusto Rodríguez,"Augusto Rodríguez, director de la UNP, aseguró que se requieren 1.000 vehículos para la protección de precandidatos. Solo han destinado 84.",20/09/2025,https://www.elespectador.com/politica/augusto-rodriguez-revelo-una-crisis-en-vehiculos-para-la-proteccion-de-precandidatos-presidenciales-noticias-hoy/
Se desató puja partidista por la primera batalla de 2026: la elección de Congreso,Más de mil aspirantes esperan competir por llegar a una curul en el Congreso. Así negocian los partidos.,21/09/2025,https://www.elespectador.com/politica/elecciones-colombia-2026/partidos-estan-en-puja-por-la-primera-batalla-de-2026-eleccion-de-congreso-pacto-historico-centro-democratico-noticias-hoy/
David Luna propone presentar una sola candidatura de oposición: esto le respondieron,"“Propongo una Gran Mesa Nacional para salvaguardar la democracia y enfrentar la violencia”, dijo.",14/08/2025,https://www.elespectador.com/politica/elecciones-colombia-2026/muerte-de-miguel-uribe-david-luna-propone-presentar-una-sola-candidatura-de-oposicion-esto-responden-noticias-hoy/
Presidente Petro nombró a Jorge Zorro como nuevo embajador de Colombia en Rusia,El mandatario firmó el decreto que designa oficialmente a Jorge Ignacio Zorro como embajador en Rusia.,14/08/2025,https://www.elespectador.com/politica/presidente-petro-nombro-a-jorge-zorro-como-nuevo-embajador-de-colombia-en-rusia-noticias-hoy/
Sarabia se refirió a caso de Carlos Ramón González en Nicaragua: “No participé”,"“No participé ni recibí información alguna sobre trámites de residencia por parte de la Embajada en Nicaragua"", aseguró.",14/08/2025,https://www.elespectador.com/politica/carlos-ramon-gonzalez-en-nicaragua-laura-sarabia-aseguro-que-no-recibio-informacion-sobre-la-residencia-noticias-hoy/
Cancillería rechaza “desmesurada presencia militar” de EE. UU. en la región,"La canciller, Rosa Villavicencio, cuestionó las operaciones delantadas en el mar Caribe por los Estados Unidos.",20/09/2025,https://www.elespectador.com/politica/venezuela-esta-preocupada-cancilleria-rechaza-operaciones-militares-de-estados-unidos-en-el-mar-caribe-noticias-hoy/
Esto es lo que propone el proyecto de ley para resaltar la memoria de Miguel Uribe,Así buscan que el Congreso y la Nación recuerden la labor legislativa de Miguel Uribe Turbay.,14/08/2025,https://www.elespectador.com/politica/miguel-uribe-esto-es-lo-que-propone-el-proyecto-de-ley-para-resaltar-su-memoria-en-el-congreso-noticias-hoy/
Uribismo prepara declaración tras condena a su jefe natural y muerte de Miguel Uribe,El expresidente Álvaro Uribe y los cuatro precandidatos del Centro Democrático harán un pronunciamiento el próximo domingo.,14/08/2025,https://www.elespectador.com/politica/uribismo-prepara-primera-declaracion-tras-condena-a-alvaro-uribe-y-muerte-de-miguel-uribe-hablaran-de-elecciones-2026/
"Así será la agenda de congresistas estadounidenses con Petro, oposición y empresarios",Bernie Moreno se reunió este jueves con María Fernanda Cabal y mañana se encontrará con el presidente Petro.,14/08/2025,https://www.elespectador.com/politica/bernie-moreno-y-ruben-gallego-asi-sera-la-agenda-de-congresistas-estadounidenses-con-petro-oposicion-y-empresarios/
Habrá reunión de la cúpula militar y partidos para hablar de garantías electorales,"Tras el atentado contra el congresista Julio César Triana, los ministros del Interior y Defensa se reunieron con la cúpula militar.",14/08/2025,https://www.elespectador.com/politica/habra-reunion-de-la-cupula-militar-y-partidos-para-hablar-de-garantias-electorales/
Benedetti y Márquez se reunieron para hablar de paz y la situación del Cauca,El ministro Armando Benedetti confirmó que este 13 de agosto se reunió con la vicepresidenta Francia Márquez. ¿De qué hablaron?,14/08/2025,https://www.elespectador.com/politica/armando-benedetti-y-francia-marquez-se-encuentran-por-paz-y-el-cauca-tras-pelea-con-gustavo-petro-noticias-hoy/
Las exequias de Miguel Uribe también tuvieron una carga electoral por 2026,Los discursos de Miguel Uribe Londoño y de Álvaro Uribe Vélez -leído por Gabriel Vallejo- tuvieron tintes políticos.,14/08/2025,https://www.elespectador.com/politica/muerte-de-miguel-uribe-exequias-tuvieron-una-carga-electoral-de-cara-a-2026-centro-democratico-noticias-hoy/
“Gobierno debe asumir su responsabilidad”: las reacciones por ataque contra congresista,"Congresistas, partidos políticos y otras figuras le pidieron al gobierno Petro tomar medidas contra la violencia política.",14/08/2025,https://www.elespectador.com/politica/atentado-contra-julio-cesar-triana-asi-reaccionaron-congresistas-y-partidos-gobierno-petro-debe-asumir-responsabilidad/
Un adiós entre el dolor y la pugna política: así despidió Colombia a Miguel Uribe,"Familiares y amigos, sin presencia de integrantes del gobierno Petro, lo despidieron y sepultaron. Crónica de la jornada.",14/08/2025,https://www.elespectador.com/politica/funeral-y-entierro-de-miguel-uribe-un-adios-entre-el-dolor-y-la-pelea-politica-asi-lo-despidieron-noticias-hoy/
“Tenemos una oportunidad única de frenar esta locura en el 2026”: papá de Miguel Uribe,"Miguel Uribe Londoño, papá de Miguel Uribe Turbay, habló en la Catedral Primada: ""Frenar esta locura en el 2026"".",11/08/2026,https://www.elespectador.com/politica/miguel-uribe-su-padre-miguel-uribe-londono-sobre-elecciones-2026-tenemos-oportunidad-de-frenar-esta-locura-noticias-hoy/
En fotos: así fue la despedida del senador Miguel Uribe Turbay,Miguel Uribe fue sepultado en el Cementerio Central luego de los actos realizados en el Congreso y en la Catedral Primada.,13/08/2025,https://www.elespectador.com/politica/entierro-miguel-uribe-asi-fue-la-despedida-del-senador-del-centro-democratico-y-su-entierro-en-cementerio-central/
“Queremos bastante a Colombia”: republicano Moreno antes de su cita con Petro,"Bernie Moreno, senador republicano que está en Colombia, confirmó su cita con el presidente Gustavo Petro: ""el viernes"".",13/08/2025,https://www.elespectador.com/politica/estados-unidos-y-colombia-bernie-moreno-confirma-cita-con-gustavo-petro-habla-de-la-relacion-binacional-noticias-hoy/
“No se puede caer en la trampa de la violencia”: Petro tras sepelio de Uribe Turbay,El presidente Gustavo Petro habló desde Chocó tras el sepelio de Miguel Uribe: “los asesinos no pueden salir victoriosos”.,13/08/2025,https://www.elespectador.com/politica/miguel-uribe-sepelio-en-colombia-presidente-petro-habla-desde-choco-y-pide-no-caer-en-trampa-de-la-violencia-noticas-hoy/
Presidente Petro viaja a Chocó; familia le pidió no estar en sepelio de Uribe Turbay,"El presidente Gustavo Petro, de acuerdo con su agenda, estará este 13 de agosto en Chocó. En Bogotá se realiza el sepelio de Miguel Uribe.",13/08/2025,https://www.elespectador.com/politica/gustavo-petro-y-miguel-uribe-presidente-viaja-a-choco-este-13-de-agosto-y-en-bogota-es-sepelio-del-senador-noticias-hoy/
Esto se sabe de la llegada de un funcionario de Trump y dos congresistas estadounidenses a Colombia,"La tensión entre Washington y Bogotá sigue creciendo. Christopher Landau, Bernie Moreno y Rubén Gallego estarán en Colombia.",13/08/2025,https://www.elespectador.com/politica/trump-petro-esto-se-sabe-de-la-agenda-en-colombia-de-dos-congresistas-y-un-funcionario-de-estados-unidos-noticias-hoy/
Gobierno informó que familia de Uribe Turbay le pidió a Petro no estar en honras fúnebres,El ministro Benedetti dijo que la familia de Uribe Turbay le pidió al Gobierno del presidente Petro no estar en las honras fúnebres.,13/08/2025,https://www.elespectador.com/politica/muerte-de-miguel-uribe-benedetti-dice-que-familia-del-senador-le-pide-al-gobierno-petro-no-estar-en-sepelio-noticias-hoy/
“Era un ejemplo de oposición democrática”: el mensaje que Álvaro Uribe envió al sepelio,El expresidente Álvaro Uribe pidió que el magnicidio no quede únicamente en la judicialización de los autores materiales.,13/08/2025,https://www.elespectador.com/politica/miguel-uribe-estas-fueron-las-palabras-que-envio-alvaro-uribe-al-sepelio-se-fue-contra-petro-noticias-hoy/
Centro Democrático busca rumbo tras magnicidio de Uribe Turbay y condena a Uribe Vélez,"Este miércoles, en la Catedral Primada de Colombia, se realizará la misa final en honor al senador y precandidato presidencial.",13/08/2025,https://www.elespectador.com/politica/muerte-de-miguel-uribe-centro-democratico-busca-rumbo-tras-magnicidio-y-condena-a-uribe-velez-noticias-hoy/
Petro realizó consejo de seguridad para revisar avances en sustitución de cultivos,La reunión ocurre previa a la decisión de Estados Unidos sobre la descertificación de Colombia en la lucha contra las drogas.,13/08/2025,https://www.elespectador.com/politica/petro-lidera-consejo-de-seguridad-sobre-sustitucion-de-cultivos-previo-a-visita-de-estados-unidos-noticias-hoy/
Así será la jornada de despedida para Miguel Uribe Turbay,Miguel Uribe Turbay: los detalles de la jornada de despedida para el senador y precandidato asesinado.,13/08/2025,https://www.elespectador.com/politica/muerte-de-miguel-uribe-todo-sobre-la-despedida-en-la-catedral-primada-y-el-cementerio-central-de-bogota-noticias-hoy/
Francia Márquez asistirá a la eucaristía por Miguel Uribe Turbay,Ministros del gobierno de Gustavo Petro han estado presentes en la velación.,13/08/2025,https://www.elespectador.com/politica/muerte-de-miguel-uribe-vicepresidenta-francia-marquez-asistira-a-la-eucaristia-noticias-hoy/
Petro pidió un minuto de silencio por Miguel Uribe: “Es un hecho de conmoción nacional”,"El presidente Gustavo Petro aseguró que el fallecimiento de Miguel Uribe Turbay era un ""hecho de conmoción nacional"".",11/08/2026,https://www.elespectador.com/politica/muerte-de-miguel-uribe-presidente-petro-pidio-un-minuto-de-silencio-un-hecho-de-conmocion-nacional-noticias-hoy/
Centro Democrático tuvo que “restringir la campaña” tras atentado a Miguel Uribe: Cabal,Aseguró que ya no pueden salir a lugares abiertos tras el ataque sicarial contra el senador y precandidato fallecido.,12/08/2025,https://www.elespectador.com/politica/muerte-de-miguel-uribe-centro-democratico-tuvo-que-restringir-la-campana-tras-atentado-noticias-hoy/
En imágenes: así fue el segundo día de la cámara ardiente de Miguel Uribe Turbay,"El político de oposición falleció este 11 de agosto, tras estar dos meses y cuatro días en UCI por el atentado en su contra.",12/08/2025,https://www.elespectador.com/politica/muerte-de-miguel-uribe-galeria-de-la-camara-ardiente-del-senador-y-precandidato-en-el-congreso-noticias-hoy/
Alistan agenda de fichas estadounidenses en momentos de tensión entre Bogotá y Washington,Crecen las distancias entre las administraciones de Gustavo Petro y de Donald Trump. ¿Quiénes llegan a Colombia?,13/08/2025,https://www.elespectador.com/politica/petro-y-trump-se-alista-visita-de-delegados-de-estados-unidos-en-colombia-narcotrafico-venezuela-y-miguel-uribe-noticias-hoy/
Petro confirma Consejo de Seguridad para evaluar riesgos de precandidatos presidenciales,Petro realizará un Consejo de Seguridad extraordinario un día después de confirmado el fallecimiento de Miguel Uribe.,12/08/2025,https://www.elespectador.com/politica/miguel-uribe-petro-confirma-consejo-de-seguridad-para-evaluar-riesgos-de-precandidatos-presidenciales/
"Segundo día de velación de Uribe: los llamados al diálogo, asistentes y lo que viene",Familiares y figuras políticas han llegado a despedirse de Miguel Uribe en el Congreso. Estos son sus llamados al diálogo.,12/08/2025,https://www.elespectador.com/politica/miguel-uribe-segundo-dia-de-velacion-en-el-congreso-estos-son-los-asistentes-los-llamados-y-lo-que-viene/
"Registrador se reúne con cúpula de la Policía y el Mindefensa, estos son los motivos",El registrador Hernán Penagos aseguró que en el país se están viviendo momentos “penosos y tristes”.,12/08/2025,https://www.elespectador.com/politica/elecciones-colombia-2026/tras-fallecimiento-de-uribe-registrador-se-reune-con-cupula-de-la-policia-y-el-mindefensa-estos-son-los-motivos/
Petro le respondió a Trump por referirse a Bogotá como uno de los peores lugares,"""Si no conoce Bogotá, no puede saberlo"": Petro respondió a Trump por calificar a la capital colombiana como uno de los peores lugares.",12/08/2025,https://www.elespectador.com/politica/petro-le-respondio-a-donald-trump-por-referirse-a-bogota-como-uno-de-los-peores-lugares-y-hablo-a-favor-de-venezuela/
"Miguel Uribe: así fueron sus luchas en el Senado, la Alcaldía y el Concejo de Bogotá",La vida pública de Uribe Turbay inició en el Concejo de Bogotá. Esperaba llegar a la Casa de Nariño en 2026.,12/08/2025,https://www.elespectador.com/politica/miguel-uribe-asi-fueron-sus-luchas-en-el-senado-la-alcaldia-y-el-concejo-de-bogota-noticias-hoy/
Guillermo Cano y su pensamiento: Colombia y “la mano ancha para pagar el soborno”,"A propósito del centenario del natalicio del director de El Espectador, hoy 12 de agosto, su visión del país corrompido por la deshonestidad",12/08/2025,https://www.elespectador.com/politica/guillermo-cano-y-su-pensamiento-colombia-y-la-mano-ancha-para-pagar-el-soborno/
Así puede asistir a la velación en cámara ardiente de Miguel Uribe en el Congreso,El público general podrá asistir al Congreso para asistir a la velación en cámara ardiente de Miguel Uribe.,11/08/2026,https://www.elespectador.com/politica/miguel-uribe-asi-puede-asistir-a-la-velacion-en-camara-ardiente-de-miguel-uribe-en-el-congreso/
Esta es la persona que ocuparía la curul de Miguel Uribe en el Congreso,"Se conoció quién ocuparía la curul en el Congreso de Miguel Uribe Turbay, por quien continuarán los actos de conmemoración a su vida.",12/08/2025,https://www.elespectador.com/politica/miguel-uribe-esta-es-la-persona-del-centro-democratico-que-ocuparia-la-curul-del-senador-fallecido-en-el-congreso/
Se oficializó nombramiento de Juan Carlos Florián como minigualdad: Petro firmó decreto,Petro aceptó la renuncia de Carlos Rosero y designó a Juan Carlos Florián como nuevo ministro de Igualdad.,12/08/2025,https://www.elespectador.com/politica/ministerio-de-igualdad-se-oficializo-nombramiento-de-juan-carlos-florian-como-ministro-petro-firmo-decreto-noticias/
Petro decretó un día de duelo nacional y honores fúnebres por muerte de Miguel Uribe,Estos fueron los dos decretos que firmó el presidente Petro tras muerte de Miguel Uribe Turbay.,12/08/2025,https://www.elespectador.com/politica/petro-decreto-un-dia-de-duelo-nacional-y-honores-funebres-por-muerte-de-miguel-uribe-turbay-noticias-hoy/
“Rechazo cualquier acto de venganza”: esposa de Miguel Uribe habló desde el Congreso,"María Claudia Tarazona, esposa de Miguel Uribe, pidió que se haga justicia como una medida para fortalecer la justicia.",11/08/2026,https://www.elespectador.com/politica/muerte-de-miguel-uribe-turbay-maria-claudia-tarazona-esposa-hablo-tras-su-muerte-desde-camara-ardiente-noticias-hoy/
Miguel Uribe: el impacto de un magnicidio que puso fin a 14 años de acción política,"El magnicidio de Miguel Uribe, quien falleció este 11 de agosto, deja huellas en varios frentes para Colombia. ¿Por qué?",12/08/2025,https://www.elespectador.com/politica/miguel-uribe-magnicidio-del-senador-y-precandidato-perfil-e-impacto-en-colombia-elecciones-2026-y-seguridad-noticias-hoy/
Miguel Uribe y sus últimas apariciones públicas antes del atentado: esto dijo,El senador y precandidato presidencial del Centro Democrático falleció este lunes tras el atentado que ocurrió el 7 de junio.,11/08/2025,https://www.elespectador.com/politica/atentado-miguel-uribe-las-ultimas-apariciones-en-publico-del-senador-y-precandidato-asesinado-noticias-hoy/
“¿Qué tanto nos queremos enfrentar con el presidente de EE. UU.?”: Gaviria a Petro,César Gaviria cuestionó el reciente mensaje del presidente Gustavo Petro en el que habló de respaldar a Venezuela.,11/08/2025,https://www.elespectador.com/politica/cesar-gaviria-cuestiono-trino-de-petro-sobre-venezuela-y-maduro-que-tanto-queremos-enfrentar-al-presidente-de-eeuu/
Miguel Uribe: este es el retrato del hombre que por 14 años navegó en la política,Miguel Uribe Turbay falleció este 11 de agosto tras 65 días del ataque sicarial del que fue víctima. Este es su perfil.,06/07/2026,https://www.elespectador.com/politica/muerte-de-miguel-uribe-quien-es-el-hombre-que-hizo-politica-en-colombia-su-perfil-y-el-magnicidio-noticias-hoy/
Miguel Uribe y sus luchas: los debates y proyectos que marcaron su carrera,"Así fue la trayectoria de Miguel Uribe como concejal, secretario de gobierno de Bogotá y senador del Centro Democrático.",11/08/2025,https://www.elespectador.com/politica/miguel-uribe-y-sus-luchas-politicas-los-debates-y-proyectos-que-marcaron-la-carrera-del-senador-noticias-hoy/
En imágenes: así fue la vida política de Miguel Uribe Turbay antes del atentado,En imágenes: así fue la vida política del senador y precandidato presidencial Miguel Uribe Turbay antes del atentado.,11/08/2025,https://www.elespectador.com/politica/muerte-de-miguel-uribe-vea-en-imagenes-su-vida-politica-como-senador-concejal-y-candidato-noticias-hoy/
Advierten que ley que desató choque entre Petro y Cepeda pondría en riesgo el Fonpet,Voces del gobierno y del Congreso aseguran que la norma limitaría los recursos de funcionamiento del Fondo. Estas son las claves del tema.,11/08/2025,https://www.elespectador.com/politica/advierten-que-ley-que-desato-choque-entre-petro-y-efrain-cepeda-pondria-en-riesgo-el-fonpet-noticias-hoy/
“Un país sin violencia es mi propósito” y otras frases de Miguel Uribe,La vida de Miguel Uribe estuvo marcada por sus reclamos de fortalecer la seguridad y los recuerdos que le dejó una infancia sin su madre.,11/08/2025,https://www.elespectador.com/politica/miguel-uribe-y-las-frases-de-su-vida-politica-sobre-la-seguridad-su-madre-diana-turbay-y-el-gobierno-petro/
“Nos duele la muerte de Miguel”: Petro tras magnicidio de Uribe Turbay,"“Mi sentido pésame a la familia del senador Miguel Uribe Turbay"" dijo el presidente Petro.",11/08/2025,https://www.elespectador.com/politica/muerte-de-miguel-uribe-presidente-petro-aseguro-que-nos-duele-el-magnicidio-noticias-hoy/
Gobierno adicionó $15.000 millones a contrato con Thomas por aumento en demanda de pasaportes,El contrato de la Cancillería con Thomas Greg vence el próximo 31 de agosto.,10/08/2025,https://www.elespectador.com/politica/pasaportes-gobierno-petro-adiciono-15000-millones-a-contrato-con-thomas-greg-por-aumento-en-demanda-de-pasaportes/
Palacio ha invertido $12.000 millones para frenar cerca de 500 millones de ciberataques,El presidente Petro está presionando por la creación de una nueva entidad que se dedique exclusivamente a la seguridad digital.,11/08/2025,https://www.elespectador.com/politica/presidencia-de-petro-ha-invertido-12000-millones-para-frenar-500-millones-de-ciberataques-que-hay-detras-noticias-hoy/
“Llegó la hora de unir a Colombia”: su última entrevista con El Espectador,"El precandidato y senador del Centro Democrático falleció este lunes, tras el atentado del 7 de junio en su contra.",11/08/2026,https://www.elespectador.com/politica/muerte-de-miguel-uribe-la-ultima-entrevista-del-senador-y-precandidato-con-el-espectador-noticias-hoy/
Expresidente Uribe y país político lamentan muerte de Miguel Uribe,"Miguel Uribe murió este lunes, 11 de agosto.",11/08/2026,https://www.elespectador.com/politica/muerte-de-miguel-uribe-expresidente-uribe-francia-marquez-y-centro-democratico-se-pronuncian/
“Los falsos a kilómetros”: así fue el choque entre Abelardo de la Espriella y Vicky Dávila,"Vicky Dávila dijo que no se unirá a Abelardo de la Espriella, pues mientras ella ha denunciado a corruptos, él los ha defendido.",11/08/2025,https://www.elespectador.com/politica/elecciones-colombia-2026/asi-fue-el-choque-entre-abelardo-de-la-espriella-y-vicky-davila-por-las-elecciones-presidenciales-2026/
Petro rechaza cualquier tipo de intervención militar de EE. UU. en Latinoamérica sin previo acuerdo,Petro defendió nuevamente a Venezuela y señaló como “agresión” cualquier operación militar de Estados Unidos en Latinoamérica sin acuerdo.,10/08/2025,https://www.elespectador.com/politica/trump-petro-rechaza-cualquier-tipo-de-intervencion-militar-de-estados-unidos-en-latinoamerica-sin-previo-acuerdo/
Empieza primer pulso del Gobierno en el Congreso con debate del Presupuesto para 2026,Las comisiones económicas arrancarán el debate del Presupuesto 2026. La polémica por la presunta compra de votos en esta célula impactará.,10/08/2025,https://www.elespectador.com/politica/presupuesto-2026-de-petro-congreso-arranca-debate-en-medio-de-investigacion-por-compra-de-votos-en-caso-ungrd/
“Lo único que no se pudo robar fue el teléfono de Uribe”: Centro Democrático a Quintero,El Centro Democrático respondió a la petición de Quintero de prohibirle el uso de celular al expresidente condenado Álvaro Uribe.,10/08/2025,https://www.elespectador.com/politica/condena-uribe-centro-democratico-responde-a-daniel-quintero-por-su-peticion-de-prohibir-uso-de-celular-al-expresidente/
María Claudia Tarazona se pronuncia tras parte médico de Miguel Uribe y convoca a oración,"Tarazona compartió un mensaje luego del parte médico sobre Miguel Uribe, cuyo ""estado clínico revirtió a una condición crítica“.",10/08/2025,https://www.elespectador.com/politica/miguel-uribe-maria-claudia-tarazona-se-pronuncio-tras-parte-medico-del-senador-y-convoco-a-oracion/
Presidencia publica hoja de vida de Villavicencio para que asuma la Cancillería en propiedad,Rosa Villavicencio asumirá la Cancillería en propiedad luego de quedar como encargada tras la renuncia de Laura Sarabia.,09/08/2025,https://www.elespectador.com/politica/presidencia-petro-publica-hoja-de-vida-de-rosa-villavicencio-para-que-asuma-cancilleria-en-propiedad-por-renuncia-sarabia/
Se acerca votación clave en la investigación contra la campaña Petro en el CNE,"El próximo jueves 14 de agosto podría adelantarse una votación clave en el CNE, que investiga la campaña Petro.",09/08/2025,https://www.elespectador.com/politica/campana-petro-se-acerca-votacion-en-investigacion-de-consejo-nacional-electoral-de-alvaro-hernan-prada-y-benjamin-ortiz/
"Alto turmequé: de pactos, presupuestos y bombas",Los mejores confidenciales sobre el poder en Colombia.,10/08/2025,https://www.elespectador.com/politica/alto-turmeque-de-pactos-presupuestos-y-bombas/
“No tiene que ver con elecciones”: Petro sobre disputa por isla de Santa Rosa,"El mandatario dijo que el tema tiene que ver exclusivamente ""con una decisión unilateral del Perú”.",09/08/2025,https://www.elespectador.com/politica/petro-sobre-disputa-con-peru-por-isla-de-santa-rosa-no-tiene-que-ver-con-elecciones-colombia-2026-noticias-hoy/
Petro cuestionó que administración de Trump aumentara recompensa por Maduro,El presidente Petro dijo que la solución a los problemas de Venezuela no es ofrecer dinero por la captura de Nicolás Maduro.,09/08/2025,https://www.elespectador.com/politica/petro-cuestiono-que-administracion-de-donald-trump-aumentara-recompensa-por-nicolas-maduro/
Una norma que esquivó peleas entre Gobierno y Congreso genera deudas por $50 billones,"El ministro de Hacienda, Germán Ávila, demandó la reforma al Fonpet al considerarla inconstitucional. ¿Por qué?",10/08/2025,https://www.elespectador.com/politica/gobierno-petro-reforma-al-fonpet-generara-deudas-por-50-billones-a-municipios-german-avila-minhacienda-noticias-hoy/
Petro busca un “frente unido” en su gabinete y las fronteras en año clave para la izquierda,Con la vicepresidenta Francia Márquez a bordo y casi todo el gabinete presente en Leticia comenzó la recta final del Gobierno.,09/08/2025,https://www.elespectador.com/politica/petro-busca-un-frente-unido-en-su-gabinete-tras-remezon-y-las-fronteras-con-peru-en-ano-clave-noticias-hoy/
Partido de Caicedo propone terna para Gobernación de Magdalena pero Gobierno tiene dudas sobre paso a seguir,"El ministro del Interior, Armando Benedetti, dijo que no sabe si lo jurídicamente correcto es nombrar directamente a un funcionario.",08/08/2025,https://www.elespectador.com/politica/partido-de-caicedo-propone-terna-gobernacion-de-magdalena-pero-gobierno-petro-tiene-dudas-sobre-paso-a-seguir-noticias-hoy/
Se viene otro choque entre el Gobierno y los empresarios por el Congreso de la ANDI,"El exalcalde de Medellín, Daniel Quintero, señaló que tampoco fue invitado al debate de precandidatos.",09/08/2025,https://www.elespectador.com/politica/gobierno-petro-y-empresarios-saade-ordena-a-gabinete-no-asistir-a-congreso-de-andi-se-avecina-choquei-noticias-hoy/
"“Sea quien sea presidente en 2026, tendrá que hacer una reforma a la salud”: Carolina Corcho",La exministra de Salud y precandidata del Pacto Histórico habló en #PrecandidatosEnBreve.,08/08/2025,https://www.elespectador.com/politica/elecciones-colombia-2026/sea-quien-sea-presidente-en-2026-tendra-que-hacer-una-reforma-a-la-salud-carolina-corcho/
Piden que Uribe no pueda usar su celular ni sus redes en medio de su arresto domiciliario,Daniel Quintero dijo que pedirá que Uribe no pueda usar su celular ni sus redes sociales mientras está bajo arresto.,08/08/2025,https://www.elespectador.com/politica/condena-uribe-piden-que-expresidente-no-pueda-usar-su-celular-ni-sus-redes-en-medio-de-su-arresto-domiciliario/
Bolívar lanza indirecta y dice que el Pacto corre el riesgo de quedar en “manos oportunistas”,Los choques en el Pacto Histórico siguen en aumento y el nombre que más tensiones genera es el de Daniel Quintero.,08/08/2025,https://www.elespectador.com/politica/elecciones-colombia-2026/gustavo-bolivar-lanza-indirecta-tras-choques-con-daniel-quintero-y-dice-que-pacto-puede-quedar-en-manos-oportunistas/
“Lo primero que haría el 7 de agosto sería tumbar la paz total”: Daniel Palacios,El precandidato y exministro del Interior Daniel Palacios habló en #PrecandidatosEnBreve y dijo que buscará tumbar la paz total.,08/08/2025,https://www.elespectador.com/politica/elecciones-colombia-2026/entrevista-a-daniel-palacios-el-precandidato-cuestiono-la-paz-total-a-petro-y-destaco-la-labor-de-la-oposicion/
Verónica Alcocer regresaría al país para retomar funciones tras período en Europa,Verónica Alcocer regresaría al país para continuar con su gestión social en el último año que le queda al presidente Petro en el poder.,08/08/2025,https://www.elespectador.com/politica/veronica-alcocer-regresaria-al-pais-en-ultimo-ano-de-petro-para-retomar-funciones-tras-periodo-en-europa/
Petro criticó el propósito de la marcha uribista: “Completamente negativo”,El presidente Petro criticó que los marchantes se fueran en contra de la condena contra el expresidente Uribe.,08/08/2025,https://www.elespectador.com/politica/marcha-uribe-petro-critico-marchas-de-7-de-agosto-y-dijo-que-era-negativo-manifestarse-en-contra-de-condena-de-heredia/
Grupo de exmandatarios regionales inscribirá comité de firmas para elecciones de 2026,Un grupo de exmandatarios inscribirá el grupo “La Fuerza de las Regiones”.,08/08/2025,https://www.elespectador.com/politica/elecciones-colombia-2026/elecciones-2026-grupo-de-exmandatarios-regionales-inscribira-comite-de-firmas-noticias-hoy/
“Esto va a sobrepasar varios gobiernos”: Petro tras choque con Perú,El presidente habló en Leticia sobre el roce con Perú y la estrategia que desplegó Colombia desde este 7 de agosto.,08/08/2025,https://www.elespectador.com/politica/petro-peru-colombia-lanza-estrategia-por-frontera-habla-presidente-desde-leticia-sobrepasar-a-varios-gobiernos-noticias-hoy/
Centro Democrático mostró fuerza en las calles y Uribe tiró línea para la campaña,El expresidente envió un mensaje de cuatro minutos el 7 de agosto.,08/08/2025,https://www.elespectador.com/politica/uribe-tiro-linea-para-la-campana-2026-y-centro-democratico-mostro-fuerza-en-las-calles-este-7-de-agosto-noticias-hoy/
"Imagen favorable de Petro llega al 37 %, según nueva encuesta de Invamer","Desde mayo de 2023, la aprobación de Petro ha oscilado por encima del 30 %.",07/08/2025,https://www.elespectador.com/politica/gobierno-petro-imagen-favorable-agosto-2025-es-de-37-encuesta-invamer-noticias-hoy/
Esta es la declaración con la que Colombia no reconoce la soberanía de Perú sobre Santa Rosa,El presidente Gustavo Petro se pronunció desde Leticia acerca de la isla ubicada en el río Amazonas.,11/08/2026,https://www.elespectador.com/politica/esta-es-declaracion-de-petro-con-que-colombia-no-reconoce-soberania-de-peru-sobre-isla-santa-rosa-noticias-hoy/
"Uribe tiró línea electoral, pidió un nuevo Plan Colombia y retomar relaciones con Israel",El expresidente le habló a quienes salieron a marchar este 7 de agosto tras la condena en su contra.,07/08/2025,https://www.elespectador.com/politica/uribe-hablo-tras-marchas-7-de-agosto-tiro-linea-electoral-para-2026-y-pidio-retomar-relaciones-con-israel-noticias-hoy/
Estos son los desafíos para la recta final de Petro en el poder,El presidente Petro entró a la carrera final para cumplir su Programa de Gobierno.,11/08/2026,https://www.elespectador.com/politica/petro-cumple-tres-anos-en-el-poder-7-de-agosto-estos-son-los-retos-para-su-recta-final-y-la-reeleccion-de-su-proyecto/
Así fueron las marchas de este 7 de agosto en apoyo al expresidente Álvaro Uribe,El Centro Democrático y simpatizantes del partido se reunieron en las calles.,07/08/2025,https://www.elespectador.com/politica/marchas-por-uribe-hoy-7-de-agosto-en-vivo-horarios-y-puntos-de-concentracion/
Francia Márquez irá a Leticia y se reencontrará con Petro luego de su ruptura,La vicepresidenta Francia Márquez se reencontrará en Leticia con el presidente Petro luego de su ruptura.,07/08/2025,https://www.elespectador.com/politica/7-de-agosto-francia-marquez-ira-a-leticia-y-se-reencontrara-con-petro-luego-de-su-ruptura/
María Claudia Tarazona envía mensaje tras dos meses del atentado contra Miguel Uribe,"La esposa de Miguel Uribe, Maria Claudia Tarazona, publicó un nuevo mensaje asegurando que mantiene la esperanza.",07/08/2025,https://www.elespectador.com/politica/miguel-uribe-maria-claudia-tarazona-envia-mensaje-tras-dos-meses-del-atentado-al-senador-del-centro-democratico/
“Colombia no reconoce la soberanía del Perú en la isla”: Petro desde Leticia,El mandatario se refirió a la soberanía de Colombia sobre Santa Rosa e insistió en la necesidad de una transición energética.,07/08/2025,https://www.elespectador.com/politica/en-vivo-petro-habla-este-7-de-agosto-de-sus-anos-en-el-poder-la-disputa-con-peru-y-sus-logros-noticias-hoy/
7 de agosto: Petro apostó por las fronteras para comenzar el epílogo de su mandato,"El presidente liderará este 7 de agosto, en Leticia, la ceremonia que marca el inicio del último año de su administración.",07/08/2025,https://www.elespectador.com/politica/petro-7-de-agosto-peru-ceremonia-para-ultimos-12-meses-del-gobierno-de-izquierda-en-amazonas-elecciones-2026-noticias-hoy/
“La línea que ha tomado el Gobierno es para tapar los problemas”: Mauricio Lizcano,El exministro habló en #PrecandidatosEnBreve y criticó la administración de Gustavo Petro.,07/08/2025,https://www.elespectador.com/politica/elecciones-colombia-2026/elecciones-2026-mauricio-lizcano-exministro-de-petro-hablo-de-su-precandidatura-y-critico-al-gobierno-noticias-hoy/
Así se organizarán las marchas en apoyo al expresidente Uribe tras condena,Así se organizarán las marchas en apoyo al expresidente Uribe tras la condena a 12 años de prisión domiciliaria en primera instancia.,07/08/2025,https://www.elespectador.com/politica/marchas-a-favor-de-alvaro-uribe-por-condena-los-horarios-y-lugares-de-encuentro-de-este-7-de-agosto-noticias-hoy/
Gobernadoras respondieron a la alocución de Petro y lanzaron críticas por el tono,"En sus declaraciones, aseguraron que “no es tarde para tender puentes” entre el Gobierno nacional y las regiones.",07/08/2025,https://www.elespectador.com/politica/alocucion-de-petro-gobernadoras-del-tolima-y-del-meta-respondieron-y-lanzaron-criticas-sin-odio-noticias-hoy/
Estos son los mensajes que Petro deja 24 horas antes de comenzar la recta final de su gobierno,"El presidente Gustavo Petro estará en Leticia, Amazonas, para el tercer aniversario del “Gobierno del cambio”.",06/08/2025,https://www.elespectador.com/politica/los-mensajes-que-petro-deja-24-horas-antes-de-comenzar-la-recta-final-de-su-gobierno-peru-y-mercenarios-noticias-hoy/
“Del gobierno Petro cambiaría la estabilidad del equipo para gobernar”: María José Pizarro,"La precandidata habló en #PrecandidatosEnBreve y aseguró que, de llegar al poder, tendría un gabinete más estable.",07/08/2025,https://www.elespectador.com/politica/elecciones-colombia-2026/elecciones-2026-maria-jose-pizarro-del-pacto-historico-habla-sobre-gabinete-petro-quintero-y-reformas-noticias-hoy/
"Iglesia católica se reunió con el ministro Benedetti, ¿de qué hablaron?",Se enfatizó en la necesidad de continuar con la articulación en temas de paz territorial.,06/08/2025,https://www.elespectador.com/politica/benedetti-y-la-iglesia-catolica-se-reunieron-en-el-ministerio-del-interior-hablaron-de-paz-y-educacion-noticias-hoy/
"Sarabia, Benedetti, CRIC y otras reuniones en Casa de Nariño en medio de ajustes ministeriales",El presidente Gustavo Petro citó a sus ministros para varios encuentros y define quién se queda y quién se va para culminar su mandato.,06/08/2025,https://www.elespectador.com/politica/petro-llamo-a-ministros-se-reunio-con-cric-e-influencers-y-benedetti-y-sarabia-se-vieron-en-casa-de-narino/
Ya van 57 ministros en tres años del gobierno Petro: sigue el remezón ministerial,Así van los movimientos ministeriales que anunció el presidente para sus últimos 12 meses.,06/08/2025,https://www.elespectador.com/politica/remezon-ministerial-de-petro-ya-van-57-ministros-en-tres-anos-que-ministerios-tendran-cambios-noticias-hoy/
Aplazan elección de presidente en la Comisión de Acusación que investiga a Petro,Se aplazó la elección de mesa directiva en la Comisión de Acusaciones que investiga a Petro por su campaña y las denuncias de Leyva.,06/08/2025,https://www.elespectador.com/politica/congreso-aplazan-eleccion-de-presidente-en-comision-de-acusacion-que-investiga-a-petro-por-campana-y-denuncias-de-leyva/
Enfrentamiento entre Jota Pe Hernández y activista tuvo que ser controlado por Policía,Jota Pe Hernández y el activista Hernán Muriel terminaron en gritos y se hicieron duros cuestionamientos en el lobby del Senado.,06/08/2025,https://www.elespectador.com/politica/pelea-entre-jota-pe-hernandez-y-activista-hernan-muriel-en-el-congreso-fue-controlada-por-la-policia/
Alocución presidencial: Petro defendió tres años en el poder y pidió guiño electoral,"El presidente Petro destacó sus logros, lanzó fuertes dardos contra la oposición y mencionó a Álvaro Uribe, Iván Duque y Carlos F. Galán.",06/08/2025,https://www.elespectador.com/politica/alocucion-petro-presidente-destaco-sus-logros-en-tres-anos-y-menciono-a-alvaro-uribe-ivan-duque-carlos-fernando-galan/
Quintero dijo que a Muhamad le falta “carácter” para ser presidenta: esto respondió la exministra,"Daniel Quintero y Susana Muhamad, aunque son de la misma colectividad, protagonizaron un choque tras un comentario del exalcalde.",06/08/2025,https://www.elespectador.com/politica/elecciones-colombia-2026/daniel-quintero-dice-que-a-susana-muhamad-le-falta-caracter-para-ser-presidenta-y-se-reavivan-choques-en-pacto-historico/
Así se mueven las apuestas en tres frentes claves para el año que le queda a Petro,El presidente Petro inicia este 7 de agosto el epílogo de la primera administración de izquierda pura. ¿Cuáles son los retos?,06/08/2025,https://www.elespectador.com/politica/petro-en-colombia-entra-en-recta-final-del-gobierno-de-izquierda-estos-son-los-retos-principales-7-de-agosto-noticias-hoy/
"“La justicia se respeta, traidores”: Petro lanza dardos contra precandidatos uribistas","En alocución presidencial, Petro rechazó que los cuatro precandidatos del Centro Democrático quieran acudir a instancias internacionales.",11/08/2026,https://www.elespectador.com/politica/petro-habla-sobre-condena-de-alvaro-uribe-y-llama-traidores-a-precandidatos-por-acudir-a-instancias-internacionales/
Esa es la estructura del nuevo modelo de pasaportes que empezará en forma en 213 días,A partir del 1° de abril de 2026 se aplicará el convenio entre Colombia y Portugal.,06/08/2025,https://www.elespectador.com/politica/pasaportes-gobierno-petro-asi-quedo-el-convenio-firmado-entre-colombia-y-portugal-imprenta-nacional-noticias-hoy/
“Fue un desastre”: Petro y Duque chocan y comparan sus gestiones como presidentes,"El presidente Petro dijo que Duque priorizó la ayuda al sector empresarial en la pandemia por covid-19: ""Fue un desastre contra los pobres"".",06/08/2025,https://www.elespectador.com/politica/petro-dice-que-politica-de-duque-para-atender-pandemia-covid-fue-un-desastre-y-el-expresidente-critica-al-gobierno/
Quedó en firme convenio por $1.3 billones entre Colombia y Portugal para pasaportes,La Cancillería publicó el convenio para que Portugal asuma la elaboración de pasaportes a partir del 1.° de abril de 2026.,06/08/2025,https://www.elespectador.com/politica/pasaportes-cancilleria-publico-convenio-con-portugal-para-elaborar-documentos-desde-abril-2026/
"Hugo Guanumen, papá del embajador en Chile, llegaría a subdirección del Minvivienda",La Casa de Nariño alista la llegada de Hugo Guanumen a la Subdirección de Desarrollo Empresarial en el Ministerio de Vivienda.,01/07/2025,https://www.elespectador.com/politica/hugo-guanumen-papa-del-embajador-sebastian-guanumen-llegaria-a-subdireccion-del-ministerio-de-vivienda/
Esto es lo que busca traer Petro a Colombia tras agenda de 4 días en Europa,El presidente terminará su periplo en Europa el próximo jueves. Financiamiento y cambio climático: los temas de su agenda.,01/07/2025,https://www.elespectador.com/politica/petro-en-europa-propone-cambios-en-el-financiamiento-y-evaluar-canje-deuda-por-naturaleza-noticias-hoy/
Petro justificó freno a extradición de “Mocho Olmedo”: “La ley me lo permite”,"""La ley me permite detener extradiciones si hay un avanzado proceso de paz"", dijo.",11/08/2026,https://www.elespectador.com/politica/petro-justifico-freno-a-extradicion-de-mocho-olmedo-cabecilla-de-disidencias-farc-ep-a-estados-unidos-noticias-hoy/
Saade empezó a llamar a ministros para revisar ejecución de sus carteras,Alfredo Saade revisará qué tanto han cumplido los ministros las promesas de campaña del Gobierno. Empezó a citarlos.,01/07/2025,https://www.elespectador.com/politica/petro-alfredo-saade-se-reunira-con-todos-los-ministros-para-revisar-ejecucion-y-cumplimiento-de-plan-de-gobierno/
Francia Márquez pide a Fiscalía investigar su mención en audio de Leyva contra Petro,"“Le he pedido a la Fiscal General de la Nación que se investigue a profundidad los hechos"", dijo la vicepresidenta.",01/07/2025,https://www.elespectador.com/politica/francia-marquez-pide-a-fiscalia-investigar-su-mencion-en-audio-de-leyva-contra-petro-noticias-hoy/
Legislatura terminó con 910 proyectos radicados y 272 debates de control: Congreso Visible,"Aunque el número de textos presentados aumentó significativamente, la cifra de funcionarios citados fue la menor en tres años.",01/07/2025,https://www.elespectador.com/politica/balance-del-congreso-en-2025-las-cifras-de-proyectos-de-ley-y-control-politico-con-cepeda-y-salamanca-noticias-hoy/
Petro frenó extradición de otro disidente: “Mocho Olmedo” no va a EE.UU. por proceso de paz,"""Su entrega inmediata podría afectar el desarrollo de los procesos que se han desarrollado con el Frente 33"", dice el Gobierno.",11/08/2026,https://www.elespectador.com/politica/petro-freno-extradicion-de-mocho-olmedo-jefe-de-disidencias-de-farc-a-estados-unidos-por-proceso-de-paz-noticias-hoy/
Así se profundizó la distancia entre Leyva y Márquez con el presidente Petro,"Cartas, mensajes y acusaciones son las pistas que dejó ese enfriamiento.",11/08/2026,https://www.elespectador.com/politica/alvaro-leyva-francia-marquez-y-gustavo-petro-asi-se-profundizo-la-distancia-en-el-gobierno-del-cambio-noticias-hoy/
Vicky Dávila publicó llamada con Leyva por mención en plan contra Petro,"En esa conversación, el excanciller reconoció que nunca habló con ella sobre ese plan. ""No soy golpista"", dijo.",30/06/2025,https://www.elespectador.com/politica/alvaro-leyva-vicky-davila-publico-llamada-con-el-excanciller-para-aclarar-mencion-en-plan-contra-petro-noticias-hoy/
Duque respondió a pulla de Petro por deuda con el FMI: “Les quedó grande gobernar”,El expresidente lanzó críticas contra el actual Gobierno y aseguró que estancó la economía “en la mediocridad”.,01/07/2025,https://www.elespectador.com/politica/expresidente-duque-respondio-a-pulla-del-presidente-petro-por-deuda-con-fmi-les-quedo-grande-gobernar-noticias-hoy/
Así va la agenda de Petro en Europa: ¿con quién se ha reunido?,El presidente está en Sevilla para la IV Conferencia Internacional sobre la Financiación para el Desarrollo.,01/07/2025,https://www.elespectador.com/politica/petro-en-europa-asi-va-la-agenda-del-presidente-en-espana-con-quien-se-ha-reunido-noticias-hoy/
Así mueve la oposición sus cartas para explorar caminos electorales conjuntos,"Centro Democrático (Álvaro Uribe), Cambio Radical (Germán Vargas) y Partido Conservador (Efraín Cepeda) analizan rutas para 2026.",01/07/2025,https://www.elespectador.com/politica/uribe-vargas-cepeda-y-oposicion-a-petro-analizan-elecciones-2026-con-centro-democratico-y-cambio-radical-noticias-hoy/
Petro se fue contra el FMI y cuestionó suspensión de crédito para Colombia,El presidente intervino ante la IV Conferencia Internacional sobre la Financiación para el Desarrollo.,30/06/2025,https://www.elespectador.com/politica/petro-se-fue-contra-el-fmi-y-cuestiono-suspension-de-credito-para-colombia-asi-va-su-agenda-en-europa-noticias-hoy/
“Deja un legado de dignidad”: las reacciones al fallecimiento de Nydia Quintero,"Los expresidentes Uribe, Santos y Duque reaccionaron a la noticia de la muerte de la exprimera dama y abuela de Miguel Uribe.",30/06/2025,https://www.elespectador.com/politica/reacciones-a-la-muerte-de-nydia-quintero-abuela-de-miguel-uribe-santos-uribe-y-duque-se-pronunciaron-noticias-hoy/
Gobierno aclaró que no ha hecho gestiones sobre “Fito”: “No tengo ni idea quién es”,"A través de un comunicado, la Cancillería señaló que “no actúa como garante de narcotraficantes”.",30/06/2025,https://www.elespectador.com/politica/petro-aseguro-que-no-tiene-ni-idea-quien-es-fito-y-cancilleria-no-ha-hecho-gestiones-con-ecuador-noticias-hoy/
“Deben dar explicaciones ante la justicia”: Petro sobre Leyva y Márquez,"Desde España, aseguró que se trata de una “conspiración con el narcotráfico”.",30/06/2025,https://www.elespectador.com/politica/petro-dijo-que-alvaro-leyva-y-francia-marquez-deben-dar-explicaciones-a-la-justicia-por-plan-en-su-contra-noticias-hoy/
Cancillería se reunió con congresistas de EE. UU.: esto fue lo que hablaron,"Estuvieron presentes el embajador de Colombia, Daniel García-Peña, y el encargado de negocios de EE. UU, John McNamara.",30/06/2025,https://www.elespectador.com/politica/gobierno-de-petro-cancilleria-se-reunio-con-congresistas-de-estados-unidos-y-mcnamara-esto-hablaron-noticias-hoy/
"Falleció la abuela de Miguel Uribe Turbay, Nydia Quintero, exprimera dama de Colombia",La familia de la exprimera dama confirmó la noticia a través de redes sociales.,11/08/2026,https://www.elespectador.com/politica/murio-exprimera-dama-nydia-quintero-de-turbay-abuela-de-miguel-uribe-turbay-noticias-hoy/
Se inició la agenda de Petro en Europa con una cena con los reyes de España,"El mandatario viajará también a Francia, donde está previsto un encuentro sobre el Foro de Desarrollo Local de la OCDE.",30/06/2025,https://www.elespectador.com/politica/se-inicio-la-agenda-del-presidente-petro-en-europa-con-una-reunion-con-los-reyes-de-espana-noticias-hoy/
Gobierno se alista para dejar en piedra sus reformas en el último año del Congreso,"Se enfrenta a la que ha sido, generalmente, la legislatura menos eficaz y a peleas por mesas directivas que pueden ponerle freno.",30/06/2025,https://www.elespectador.com/politica/gobierno-petro-se-alista-para-dejar-en-piedra-sus-reformas-en-ultimo-ano-del-congreso-esto-esta-en-juego-noticias-hoy/
Destapan audios de posible plan de Leyva contra Petro; Gobierno responde,"Integrantes del gabinete calificaron al excanciller de ""ruin y miserable”. También se pidió a la Fiscalía investigar.",29/06/2025,https://www.elespectador.com/politica/alvaro-leyva-gobierno-respondio-a-presunto-plan-del-excanciller-para-sacar-al-presidente-petro-noticias-hoy/
“No existe la posibilidad de que me preste para conspiraciones”: Francia Márquez,La vicepresidenta respondió al supuesto plan de Álvaro Leyva para sacar al presidente Petro. Negó su participación.,29/06/2025,https://www.elespectador.com/politica/francia-marquez-respondio-a-audios-de-supuesto-plan-de-alvaro-leyva-para-sacar-a-petro-del-poder-noticias-hoy/
Así se tejió un “acuerdo improbable” entre Estado y privados por los repartidores,La exministra Gloria Inés Ramírez y el excongresista José Daniel López lograron pacto por los trabajadores de estas plataformas.,29/06/2025,https://www.elespectador.com/politica/reforma-laboral-de-petro-este-fue-el-pacto-por-repartidores-de-plataformas-con-gloria-ramirez-y-jose-lopez-noticias-hoy/
Petro respondió a presunto plan de Leyva en su contra: “Un acto de venganza bárbaro”,"“El nombramiento de Laura Sarabia y Benedetti lo llenó de odio”, dijo.",29/06/2025,https://www.elespectador.com/politica/alvaro-leyva-petro-respondio-al-supuesto-plan-para-sacarlo-del-poder-un-acto-de-venganza-barbaro-noticias-hoy/
"Alto turmequé: de capos, pasaportes y viajes presidenciales",Los mejores confidenciales sobre el poder en Colombia.,29/06/2025,https://www.elespectador.com/politica/alto-turmeque-de-capos-pasaportes-y-viajes-presidenciales/
Antonio Sanguino: “La conducta de Efraín Cepeda no es aislada”,"“Es una actitud más en el marco del bloqueo institucional”, afirma el ministro de Trabajo, Antonio Sanguino, sobre las acciones de choque del ...",29/06/2025,https://www.elespectador.com/politica/la-conducta-de-efrain-cepeda-no-es-aislada/
Así se aprobó la reforma pensional en Cámara: el mundo político ya reaccionó,"El presidente Gustavo Petro celebró la noticia, aunque todavía falta un fallo de fondo por parte de la Corte Constitucional.",29/06/2025,https://www.elespectador.com/politica/reforma-pensional-de-petro-fue-aprobada-en-camara-asi-reacciono-el-mundo-politico-tras-la-decision-noticias-hoy/
Han destinado $226.194 millones para eventos en 2025: Gobierno apuesta por las calles,"Uno de los contratos de mayor cuantía, entre el Ministerio del Interior y la empresa de mensajería 4-72, es por $88.964 millones.",29/06/2025,https://www.elespectador.com/politica/gobierno-petro-entidades-han-destinado-226194-millones-para-eventos-en-2025-noticias-hoy/
"Se aprueba proposición para acoger texto de la pensional del Senado, pero sigue debate",Se mantiene la discusión sobre si habrá que votar bloques de artículos y el articulado no ha sido aprobado en su totalidad.,29/06/2025,https://www.elespectador.com/politica/reforma-pensional-de-petro-camara-aprueba-proposicion-para-acoger-texto-del-senado-pero-sigue-debate-noticias-hoy/
Partidos ajustan estrategias para pelearse por las mayorías en las urnas en 2026,"Los partidos de Petro, Uribe, Vargas Lleras, Fajardo y Galán buscan sumar votos para elecciones de Congreso y presidenciales.",28/06/2025,https://www.elespectador.com/politica/pacto-historico-centro-democratico-y-el-centro-de-fajardo-analizan-estrategias-para-elecciones-de-2026-noticias-hoy/
Reyes alerta por “recomendado” de Roy Barreras que llegó a la DIAN en Buenaventura,"Indicó que la hoja de vida de Jerlin Arley Campo apareció en la casa de Diego Marín Buitrago, alias “Papá Pitufo”.",28/06/2025,https://www.elespectador.com/politica/roy-barreras-luis-carlos-reyes-alerto-por-recomendado-que-llego-a-la-dian-en-buenaventura-noticias-hoy/
Bancada independiente de Cámara advirtió sobre “vicios” en trámite de la pensional,También se elevó una solicitud a la Corte Constitucional para que se remitiera el Auto 841 de 2025 completo.,28/06/2025,https://www.elespectador.com/politica/reforma-pensional-de-petro-bancada-independiente-de-camara-advirtio-sobre-vicios-en-tramite-noticias-hoy/
"Gobierno Petro logró quorum en Cámara para citar debate de la pensional, ¿qué sigue?","El presidente de la Cámara, Jaime Raúl Salamanca, anunció que la plenaria sería citada para este sábado a las 10:00 a. m.",28/06/2025,https://www.elespectador.com/politica/reforma-pensional-gobierno-petro-logro-quorum-en-camara-para-citar-el-debate-que-sigue-noticias-hoy/
Partidos de oposición insisten en “vicios” para citar debate de la pensional,Cambio Radical y Centro Democrático han denunciado “maniobras irregulares” por parte de la mesa directiva de la Cámara.,28/06/2025,https://www.elespectador.com/politica/reforma-pensional-de-petro-cambio-radical-y-centro-democratico-senalan-vicios-en-debate-de-camara-noticias-hoy/
Petro mide en extras su fuerza política para salvar la pensional sin acudir al Senado,Hay dudas jurídicas y el quórum decisorio de este fin de semana está en veremos.,28/06/2025,https://www.elespectador.com/politica/petro-pensional-en-extras-gobierno-mide-su-fuerza-politica-para-salvar-reforma-en-camara-sin-senado-noticias-hoy/
Petro respondió a la oposición e instó a que participara en debate de la pensional,Cambio Radical y Centro Democrático han dicho que no estarán presentes en la plenaria.,28/06/2025,https://www.elespectador.com/politica/reforma-pensional-petro-respondio-a-la-oposicion-y-llamo-a-que-participara-en-debate-de-camara-noticias-hoy/
Centro Democrático y Cambio Radical anuncian que no estarán sesión de la pensional,Aseguran que “cualquier intento de instalar sesiones sin notificación oficial” es “ilegal”.,28/06/2025,https://www.elespectador.com/politica/reforma-pensional-centro-democratico-y-cambio-radical-anuncian-que-no-estaran-en-la-plenaria-de-camara-noticias-hoy/
Se desató fuerte polémica en el Congreso por llamado a extras para debatir la pensional,El presidente Petro les pidió a todas las bancadas de la Cámara de Representantes asistir desde esta noche a la discusión.,27/06/2025,https://www.elespectador.com/politica/petro-benedetti-salamanca-y-garrido-suben-tensiones-en-camara-por-debate-de-la-pensional-noticias-hoy/
Petro se retractó por publicación sobre una “red criminal” contra el progresismo,El presidente Petro acató el fallo del Consejo de Estado sobre una publicación que había hecho el pasado abril.,27/06/2025,https://www.elespectador.com/politica/petro-acato-fallo-del-consejo-de-estado-se-retracto-por-publicacion-de-red-criminal-contra-progresismo-noticias-hoy/
Petro viaja a España y Francia: esta será su agenda en Europa,"El ministro de Salud, Guillermo Alfonso Jaramillo, quedó con funciones presidenciales.",27/06/2025,https://www.elespectador.com/politica/petro-en-europa-esta-es-la-agenda-del-presidente-en-espana-y-francia-en-medio-del-debate-de-la-pensional-noticias-hoy/
"Petro confirmó extras para debatir la pensional, pero Congreso reclama decreto",El presidente Petro anunció en X sesiones extras para debatir la reforma pensional y los congresistas reclaman con molestia el decreto.,27/06/2025,https://www.elespectador.com/politica/reforma-pensional-petro-confirmo-extras-para-debatir-la-pensional-pero-congreso-se-molesta-y-reclama-decreto/
"Uribismo estableció tres “líneas rojas” para las elecciones, a estos les dirán no","Aunque el partido mantiene como prioridad todo lo relacionado con el senador Uribe, ya definió con qué sectores no hará alianzas para 2026.",27/06/2025,https://www.elespectador.com/politica/centro-democratico-definio-lineas-rojas-para-la-campana-presidencial-les-dira-no-al-petrismo-santismo-y-claudia-lopez/
Así se está moviendo la Comisión Séptima para debatir la reforma a la salud de Petro,El presidente Petro ha instado al Congreso a aprobar el articulado. ¿En qué va la discusión en la Comisión Séptima de Senado?,27/06/2025,https://www.elespectador.com/politica/reforma-a-la-salud-de-petro-asi-van-las-movidas-en-comision-septima-de-senado-con-presion-del-gobierno-noticias-hoy/
Petro firmó decreto para convocar extras a las 7:00 p.m. y corregir errores de la pensional,El Gobierno firmó el decreto con el que se convoca a la Cámara a sesiones extras. Se citó para la noche de este viernes.,27/06/2025,https://www.elespectador.com/politica/gobierno-petro-firmo-decreto-para-convocar-a-sesiones-extras-y-corregir-errores-de-la-reforma-pensional/
Colombia homenajea a las sufragistas: Petro sancionó ley que exalta a 10 mujeres pioneras,Colombia le rinde homenaje a las sufragistas por cual hoy votan las mujeres: Petro sancionó ley para honrar su legado los 25 de agosto.,27/06/2025,https://www.elespectador.com/politica/petro-sanciona-ley-que-aprobo-congreso-y-honra-a-sufragistas-por-quienes-hoy-votan-las-mujeres-en-colombia-noticias-hoy/
“Acato la sentencia”: Petro sobre fallo que tumbó intervención de EPS Sanitas,Petro dijo que acatará el fallo de la Corte que tumbó la intervención de Sanitas. Pidió la aprobación de la reforma a la salud.,27/06/2025,https://www.elespectador.com/politica/petro-dijo-que-acata-fallo-de-la-corte-constitucional-que-tumbo-intervencion-de-eps-sanitas/
Sarabia se reunió con el secretario general de la OEA: ¿de qué hablaron?,"La canciller lo invitó a ""profundizar el diálogo, renovar compromisos y avanzar en soluciones conjuntas"" en la región.",27/06/2025,https://www.elespectador.com/politica/canciller-laura-sarabia-se-reunio-por-primera-vez-con-secretario-general-de-la-oea-y-laura-gil-renuncio-noticias-hoy/
CNE anunció que continuará con la investigación de la campaña Petro,La Corte Constitucional falló a favor de la tutela del presidente Gustavo Petro y frenó la investigación contra el jefe de Estado.,27/06/2025,https://www.elespectador.com/politica/investigacion-a-petro-cne-continuara-con-la-indagacion-de-la-campana-tras-fallo-de-corte-constitucional-noticias-hoy/
¿Cómo queda la investigación del CNE tras el fallo de la Corte a favor de Petro?,El fallo de la Corte sobre la investigación contra Petro en el Consejo Electoral habría golpeado el ánimo de los magistrados investigadores.,11/08/2026,https://www.elespectador.com/politica/campana-petro-en-que-va-la-investigacion-y-como-queda-el-consejo-electoral-tras-fallo-de-la-corte-a-favor-del-presidente/
Estas son las reacciones del mundo político por fallo que tumbó intervención de Sanitas,"Exministros, partidos opositores y congresistas sostienen que la intervención del Gobierno pudo generar afectaciones a la EPS Sanitas.",27/06/2025,https://www.elespectador.com/politica/eps-sanitas-estas-son-las-reacciones-del-mundo-politico-por-fallo-que-tumbo-intervencion-del-gobierno-petro-a-eps/
Cepeda le puso la firma a otras dos leyes con objeciones de Petro,Los articulados buscan proteger los humedales y asegurar el acceso al gas natural a las familias más vulnerables.,27/06/2025,https://www.elespectador.com/politica/cepeda-y-pulso-con-petro-sanciono-dos-leyes-con-objeciones-proteccion-humedales-y-acceso-a-gas-natural-noticias-hoy/
"Samper, Cristo, Barreras y López exploran caminos para abrir un “frente amplio”","Ernesto Samper, Juan Fernando Cristo, Roy Barreras y Clara López se reunieron para hablar de listas al Congreso. ¿Cómo fue la cita?",27/06/2025,https://www.elespectador.com/politica/izquierda-en-colombia-mas-alla-de-petro-tras-cita-de-samper-cristo-barreras-y-lopez-por-elecciones-2026-noticias-hoy/
Petro reaccionó a fallo sobre investigación en CNE: “Bien por la Corte Constitucional”,Se ordenó al Consejo Electoral enviar el expediente a la Comisión de Acusaciones de la Cámara de Representantes.,27/06/2025,https://www.elespectador.com/politica/petro-reacciono-al-fallo-de-la-corte-constitucional-que-le-puso-freno-a-investigacion-en-el-cne-noticias-hoy/
Pacto Histórico se mueve para concretar el “frente amplio” de Petro: ¿qué ha pasado?,Su comité político se reunió con el exalcalde de Medellín Daniel Quintero.,27/06/2025,https://www.elespectador.com/politica/elecciones-2026-pacto-historico-sigue-empujando-por-el-frente-amplio-que-impulso-petro-con-quintero-noticias-hoy/
Petro se fue contra Santos por el Catatumbo: “Tienes la culpa de esta violencia”,También se refirió al informe de la ONU sobre los cultivos de coca en el país y aseguró que se debe al consumo de los europeos.,27/06/2025,https://www.elespectador.com/politica/petro-culpo-a-santos-por-la-violencia-en-el-catatumbo-y-critico-informe-sobre-aumento-de-cultivos-de-coca-noticias-hoy/
Petro viajará a Francia y España: minsalud quedará con funciones presidenciales,El viaje del presidente Gustavo Petro está previsto desde el 27 de junio hasta el 3 de julio a Europa.,26/06/2025,https://www.elespectador.com/politica/petro-viaja-a-francia-y-espana-ministro-de-salud-guillermo-jaramillo-queda-con-funciones-presidenciales-noticias-hoy/
Crece expectativa por notificación de la pensional; está listo el decreto de sesiones extras,Petro le pidió a la Corte Constitucional notificar su determinación sobre la reforma pensional lo más pronto posible.,26/06/2025,https://www.elespectador.com/politica/reforma-pensional-gobierno-espera-notificacion-de-la-corte-constitucional-para-citar-a-la-camara-a-extras/
Estos son los congresistas que se están moviendo para reemplazar a Cepeda y Salamanca,El 20 de julio llegarán nuevos presidentes del Senado y la Cámara y serán determinantes para mover o frenar la agenda oficialista.,26/06/2025,https://www.elespectador.com/politica/efrain-cepeda-y-jaime-raul-salamanca-estos-son-los-congresistas-que-suenan-para-llegar-a-presidencia-del-senado-y-camara/
Centro Democrático rechaza demanda de sindicatos contra Miguel Uribe: “buscan destruirlo”,"""Infame"": Centro Democrático rechazó la demanda que pide la pérdida de investidura de Uribe por hacer campaña el día de su atentado.",26/06/2025,https://www.elespectador.com/politica/miguel-uribe-centro-democratico-rechazo-demanda-presentada-por-sindicatos-para-perdida-de-investidura-del-senador/
“Hay que trabajar en no generar dudas sobre las elecciones”: registrador Penagos,El registrador Hernán Penagos mencionó que no se pueden generar dudas sobre los procesos electorales de 2026.,26/06/2025,https://www.elespectador.com/politica/elecciones-2026-registrador-hernan-penagos-hizo-un-llamado-para-confiar-en-la-institucionalidad-electoral-noticias-hoy/
Petro usó la sanción de la laboral para anunciar presión y garantizar su legado,"El presidente Petro sancionó la reforma laboral en la Quinta de Bolívar, que fue refugio de Simón Bolívar en Bogotá.",26/06/2025,https://www.elespectador.com/politica/petro-sanciono-reforma-laboral-y-anuncio-presiones-por-su-legado-asamblea-constituyente-quinta-de-bolivar-noticias-hoy/
Saade se estrenó en tarima con Petro y se posesionó como jefe de gabinete,"Alfredo Saade se posesionó oficialmente como jefe de gabinete, cargo que ocuparon anteriormente Laura Sarabia y Armando Benedetti.",26/06/2025,https://www.elespectador.com/politica/alfredo-saade-se-posesiono-como-jefe-de-gabinete-de-petro-tras-sancion-de-reforma-laboral/
"Santos endurece su tono con Petro, pero busca acercamiento con Uribe","Aunque Santos cerró filas con el gobierno Petro, invitó a Uribe al diálogo: ""espero que no me responde con cuatro piedras en la mano"".",26/06/2025,https://www.elespectador.com/politica/juan-manuel-santos-endurece-tono-con-petro-pero-busca-dialogo-con-alvaro-uribe-y-petrismo-se-molesta/
Gobierno anuncia presión en calles por reforma a la salud y quiere modelo único público,El ministro Sanguino aseguró que esperan que “con la movilización social actuando permanentemente” se apruebe.,26/06/2025,https://www.elespectador.com/politica/gobierno-de-gustavo-petro-anuncia-presion-en-calles-por-reforma-a-la-salud-y-quiere-modelo-unico-publico-noticias-hoy/
“Petro ha convertido la dignidad del cargo en plataforma de confrontación”: Cepeda,Señaló al presidente de “sustituir el Gobierno constitucional por el capricho personal”.,26/06/2025,https://www.elespectador.com/politica/petro-y-cepeda-presidente-del-congreso-cuestiono-al-gobierno-por-promover-una-constituyente-noticias-hoy/
Expresidentes cierran filas en defensa de instituciones ante relato constituyente de Petro,"Los seis exmandatarios vivos, con sus diferencias marcadas, coincidieron en defender la separación de poderes.",26/06/2025,https://www.elespectador.com/politica/petro-santos-uribe-duque-samper-pastrana-gaviria-expresidentes-cierran-filas-por-su-relato-constituyente-noticias-hoy/
Cepeda sancionó otra ley con objeciones de Petro: esta vez es sobre pensiones,El presidente del Senado firmó el articulado que busca reformar el Fondo de Pensiones de las Entidades Territoriales (Fonpet).,25/06/2025,https://www.elespectador.com/politica/petro-y-cepeda-presidente-del-congreso-sanciono-otra-ley-con-objeciones-esta-vez-es-sobre-pensiones-noticias-hoy/
Mininterior se reunió con la Imprenta en medio de tensiones por expedición de pasaportes,El viceministro del Interior es el presidente de la junta directiva de la entidad adscrita a la cartera de la política.,26/06/2025,https://www.elespectador.com/politica/pasaportes-mininterior-de-petro-se-reunio-la-imprenta-en-medio-de-tensiones-por-modelo-de-expedicion-noticias-hoy/
Benedetti se va contra Santos por dardos al Gobierno: “el más perverso de los políticos”,"Tras los cuestionamientos que lanzó Santos contra Petro, Benedetti dijo lamentar el apoyo que le dio al expresidente.",25/06/2025,https://www.elespectador.com/politica/armando-benedetti-respondio-a-criticas-de-santos-contra-el-gobierno-petro-y-lo-relaciono-con-odebrecht/
“No se puede”: Petro tras sancionar la reforma laboral ante gritos de “reelección”,"El presidente Petro sancionó la reforma laboral. Negó buscar la reelección e insistió en que la Constitución es ""letra muerta"".",11/08/2026,https://www.elespectador.com/politica/petro-sanciono-la-reforma-laboral-hablo-de-constituyente-y-reforma-a-la-salud-y-nego-buscar-reeleccion-noticias-hoy/
Se encendió debate de precandidatos por reelección y “plazoletazo” con capos,El Encuentro Nacional de Personeros reunió a algunos de los que hacen parte de la lista de candidatos a la Presidencia para 2026.,25/06/2025,https://www.elespectador.com/politica/vicky-davila-daniel-quintero-y-paloma-valencia-hablan-sobre-plazoletazo-de-petro-y-reeleccion-de-uribe-noticias-hoy/
Daniel Palacios inició su carrera presidencial y se alistan otros opositores de Petro,El exministro del Interior de Iván Duque presentó su movimiento 'Rescatemos a Colombia' para competir en las elecciones de 2026.,25/06/2025,https://www.elespectador.com/politica/elecciones-2026-daniel-palacios-exministro-de-ivan-duque-arranco-su-candidatura-presidencial-y-busca-firmas/
“Buscan excusas”: Murillo dice que Sarabia sí pudo cumplir orden de Petro sobre pasaportes,El excanciller cuestionó a la ministra por la urgencia manifiesta que se le dará otra vez a Thomas Greg para pasaportes.,25/06/2025,https://www.elespectador.com/politica/pasaportes-murillo-dice-que-laura-sarabia-si-pudo-cumplir-orden-de-petro-y-no-dar-contrato-a-thomas-greg/
Gobierno Petro derogó oficialmente el decretazo de la consulta popular,El documento fue publicado en el Diario Oficial y está firmado por todos los ministros.,11/08/2026,https://www.elespectador.com/politica/gobierno-petro-derogo-oficialmente-el-decretazo-de-la-consulta-popular-el-documento-fue-firmado-por-todos-los-ministros/
Cepeda ya firmó la reforma laboral y Petro se alista para sancionarla,"Mientras el presidente Petro le dará su firma a la reforma laboral, Cepeda también sancionará un proyecto que fue objetado por el Gobierno.",25/06/2025,https://www.elespectador.com/politica/efrain-cepeda-ya-firmo-reforma-laboral-y-petro-le-dara-sancion-presidencial-con-sus-ministros-y-congresistas-del-pacto/
Petro defendió “plazoletazo” con capos en Medellín y dijo que están “en rehabilitación”,"El presidente Gustavo Petro lideró un consejo de ministros sobre Hambre Cero. Allí, criticó el proceso de licitación con Thomas & Greg.",11/08/2026,https://www.elespectador.com/politica/consejo-de-ministros-en-vivo-petro-lidera-reunion-sobre-hambre-cero-previo-a-sancionar-reforma-laboral-noticias-hoy/
“Fracaso total”: Santos lanzó duros cuestionamientos contra Petro y su gestión,"Santos lanzó duros dardos contra Petro, a quien señaló de estar siguiendo un libreto caudillista. Invitó a Uribe al diálogo.",25/06/2025,https://www.elespectador.com/politica/juan-manel-santos-critica-a-petro-su-paz-total-el-evento-en-medellin-e-invito-al-dialogo-a-alvaro-uribe/
Centro Democrático denuncia presunta “arremetida judicial” contra gobernador de Antioquia,"El Centro Democrático mencionó que hay un ""patrón de hostigamiento a figuras opositoras"" y solicitó garantías judiciales.",25/06/2025,https://www.elespectador.com/politica/centro-democratico-denuncia-arremetida-judicial-contra-rendon-gobernador-de-antioquia-solicitan-garantias-fiscalia/
Esta es la pelea detrás de los pasaportes que frenó modelo público que busca Petro,"La Imprenta Nacional y la Casa de la Moneda de Portugal firmarán un contrato por $3,2 billones por un periodo de ejecución de 10 años.",25/06/2025,https://www.elespectador.com/politica/gobierno-petro-pelea-detras-del-cambio-de-modelo-de-pasaportes-thomas-greg-luis-gilberto-murillo-laura-sarabia-noticias-hoy/
Gobierno Petro dejó en firme la Política Exterior Feminista: Sarabia ya firmó decreto,El Ejecutivo había delineado este plan desde 2023 y su borrador había sido publicado en noviembre de 2024.,25/06/2025,https://www.elespectador.com/politica/gobierno-petro-dejo-en-firme-la-politica-exterior-feminista-canciller-laura-sarabia-ya-firmo-decreto-noticias-hoy/
Cepeda reavivó pulso entre Congreso y Casa de Nariño al sancionar leyes objetadas por Petro,"El presidente del Senado le dio viabilidad a tres proyectos que el Ejecutivo consideró inconstitucionales, generando nuevas tensiones.",25/06/2025,https://www.elespectador.com/politica/cepeda-reavivo-pulso-con-petro-al-sancionar-como-presidente-congreso-leyes-objetadas-por-casa-de-narino-noticias-hoy/
Gobierno Petro anuncia asignación de esquemas de seguridad para 41 precandidatos,Se llevó a cabo la segunda reunión del Comité de Coordinación y Recomendación de Medidas de Protección en el Proceso Electoral.,25/06/2025,https://www.elespectador.com/politica/gobierno-petro-benedetti-volvio-a-reunir-comite-para-seguridad-de-candidatos-tras-atentado-a-miguel-uribe-noticias-hoy/
Exministro de Defensa Iván Velásquez se posesionó como embajador en el Vaticano,El exministro de Defensa habría recibido el beneplácito en los últimos días del papa Francisco. Sarabia lo posesionó este martes.,24/06/2025,https://www.elespectador.com/politica/gobierno-petro-laura-sarabia-posesiono-a-exministro-ivan-velasquez-como-nuevo-embajador-en-el-vaticano-noticias-hoy/
“Perversas insinuaciones”: Benedetti critica denuncia de abogado de Uribe contra Petro,Benedetti se refirió a la denuncia que presentó el abogado de Miguel Uribe contra el presidente Petro por supuesto hostigamiento.,24/06/2025,https://www.elespectador.com/politica/benedetti-rechaza-denuncia-de-abogado-de-miguel-uribe-contra-petro-por-supuesto-hostigamiento-contra-senador/
Cepeda enfrenta a Petro y sanciona ley con objeciones: “Requerimos defender el empleo”,"El presidente del Congreso citó los artículos 166, 167 y 168 de la Constitución para defender su acción.",25/06/2025,https://www.elespectador.com/politica/petro-y-cepeda-presidente-del-congreso-enfrento-al-mandatario-y-sanciono-leyes-con-objeciones-noticias-hoy/
"Thomas sigue con pasaportes por 11 meses y se alista contrato por $3,2 billones con Portugal","La Cancillería firmará otra urgencia manifiesta con Thomas Greg y se alista un contrato por $3,2 billones con Portugal.",24/06/2025,https://www.elespectador.com/politica/pasaportes-thomas-greg-sigue-con-pasaportes-por-11-meses-y-se-alista-contrato-por-32-billones-con-portugal/
“La incitación al odio parte del propio jefe de Estado”: gobernador de Antioquia,"Tras la polémica por el evento del gobierno en Medellín, el mandatario regional criticó al Ejecutivo y defendió al alcalde ""Fico"".",24/06/2025,https://www.elespectador.com/politica/petro-en-medellin-gobernador-de-antioquia-critico-al-presidente-por-incitar-el-odio-y-defendio-a-fico-noticias-hoy/
"Fajardo, Galán y el partido cristiano MIRA anuncian  coalición para elecciones al Congreso","Fajardo, Galán y Virgüez harán lista conjunta al Congreso. No se comprometen a unirse en torno a una candidatura presidencial.",24/06/2025,https://www.elespectador.com/politica/sergio-fajardo-juan-manuel-galan-y-partido-cristiano-mira-se-unen-para-elecciones-al-congreso-y-no-para-presidencia/
Petro tiene lista la fecha para sancionar la reforma laboral desde la Casa de Nariño,El gobierno Petro prepara un evento para sancionar la reforma laboral tras su aprobación en el Congreso.,24/06/2025,https://www.elespectador.com/politica/sancion-de-petro-a-reforma-laboral-sera-este-25-de-junio-en-la-casa-de-narino-noticias-hoy/
¿Qué falta para que se derogue el decretazo de la consulta popular?,"Petro, que ahora busca una constituyente, confirmó que ya todos los ministros firmaron el documento que derogaría el decreto de la consulta.",24/06/2025,https://www.elespectador.com/politica/que-falta-para-que-se-derogue-el-decretazo-de-la-consulta-popular-de-petro-que-ya-tiene-firma-de-todos-los-ministros/
“En atención a las realidades actuales”: activan ruta para seguridad de candidatos,El Gobierno del presidente Gustavo Petro oficializó un comité para dar seguridad a los candidatos tras el atentado contra Miguel Uribe.,23/06/2025,https://www.elespectador.com/politica/atentado-a-miguel-uribe-gobierno-petro-activa-ruta-para-seguridad-a-candidatos-en-elecciones-2026-noticias-hoy/
Listos decretos para derogar la consulta y convocar a extras por la pensional,El Gobierno tiene listos los decretos para derogar la consulta y convocar a extras por la pensional. Sigue polémica por constituyente.,24/06/2025,https://www.elespectador.com/politica/consulta-popular-y-reforma-pensional-de-petro-gobierno-tiene-decretos-y-sigue-polemica-por-constituyente-noticias-hoy/
“Los jueces no permitirán que se salga con la suya”: Gaviria a Petro por constituyente,"César Gaviria cuestionó nuevamente al presidente Petro por la constituyente: ""Los jueces no permitirán que se salga con la suya”.",24/06/2025,https://www.elespectador.com/politica/cesar-gaviria-critica-a-petro-por-asamblea-nacional-constituyente-y-dice-que-no-se-saldra-con-la-suya-noticias-hoy/
Presidentes de Senado y Cámara rechazan propuesta constituyente del presidente Petro,El senador Efraín Cepeda y el representante Jaime Salamanca no apoyan la propuesta constituyente del presidente Gustavo Petro. ¿Por qué?,23/06/2025,https://www.elespectador.com/politica/petro-y-la-constituyente-no-tienen-respaldo-de-presidentes-de-senado-y-camara-aseguran-cepeda-y-salamanca-noticias-hoy/
Estos son los otros tres movimientos que la izquierda hace para buscar su unidad,Hay peticiones ante el Consejo Electoral y comités territoriales para buscar la unidad que pidió el presidente Petro.,24/06/2025,https://www.elespectador.com/politica/izquierda-en-colombia-petro-pide-unidad-en-elecciones-2026-con-pacto-historico-y-reeleccion-del-progresismo-noticias-hoy/
“El Gobierno atenta contra la unidad nacional”: mensaje directo de Uribe a Petro,El expresidente Álvaro Uribe aseguró que el Gobierno del presidente Gustavo Petro “atenta contra la unidad nacional”.,23/06/2025,https://www.elespectador.com/politica/uribe-y-petro-chocan-por-evento-en-medellin-con-capos-de-bandas-atenta-contra-unidad-nacional-dicen-noticias-hoy/
“Liberar los soldados es imperativo”: Petro por retención de 57 uniformados en Cauca,El presidente Petro pidió la liberación de los 57 uniformados. El ministro Benedetti calificó el hecho como “un secuestro”.,11/08/2026,https://www.elespectador.com/politica/petro-benedetti-y-cauca-gobierno-se-pronuncia-por-uniformados-retenidos-habla-de-secuestro-y-pide-dialogo-noticias-hoy/
Petro busca cimentar fuerza electoral en territorios con seguidilla de plazoletazos,"Intensificó su agenda en calle, como se vio este fin de semana en Medellín. Ya había estado en Barranquilla y Cali. Sigue la ruta.",23/06/2025,https://www.elespectador.com/politica/petro-asamblea-constituyente-elecciones-2026-busca-fuerza-con-plazoletazos-medellin-cali-barranquilla-noticias-hoy/
Se alista concentración masiva para sancionar la laboral del gobierno Petro,"El ministro Sanguino, confirmó que la sanción de la reforma laboral será en un evento público liderado por el presidente Petro.",23/06/2025,https://www.elespectador.com/politica/marchas-en-colombia-gobierno-petro-alista-plaza-publica-para-sancion-de-reforma-laboral-habla-sanguino-noticias-hoy/
Gobierno pide a España explicaciones por posible abuso contra cinco colombianos,El presidente Petro pidió explicaciones al gobierno español por estos hechos.,20/05/2025,https://www.elespectador.com/politica/por-caso-de-posible-abuso-contra-cinco-colombianos-gobierno-petro-pide-explicaciones-a-espana-noticias-hoy/
Sarabia y Murillo chocaron por estrategia de elaboración de pasaportes colombianos,La canciller Sarabia y el ahora precandidato Murillo cruzaron mensaje por la polémica en torno a la elaboración de pasaportes.,22/06/2025,https://www.elespectador.com/politica/sarabia-y-murillo-chochan-por-pasaportes-de-colombia-y-hay-polemica-entre-petro-y-thomas-greg-noticias-hoy/
“Hay un bloqueo institucional”: Benedetti en la discusión de la reforma laboral,"Benedetti aseguró que el Congreso ""no se ha pronunciado"" sobre la reforma laboral.",06/07/2026,https://www.elespectador.com/politica/benedetti-dice-que-hay-bloqueo-institucional-y-que-el-congreso-no-se-ha-pronunciado-sobre-la-consulta-popular-petro-noticias-hoy/
Inhabilidad de exsecretario de Medellín causa nuevo choque entre Quintero y “Fico”,"Juan Pablo Ramírez, cercano a Quintero, fue sancionado e inhabilitado por 14 años.",20/05/2025,https://www.elespectador.com/politica/fico-gutierrez-y-daniel-quintero-chocan-por-sancion-a-juan-pablo-ramirez-procuraduria-alcaldia-de-medellin-noticias-hoy/
Cambio Radical abre proceso disciplinario contra senadores que no votaron la consulta,"Cambio Radical busca aplicarle la ley de bancadas a Temístocles Ortega, Didier Lobo y Ana María Castañeda.",20/05/2025,https://www.elespectador.com/politica/consulta-popular-petro-cambio-radical-abre-proceso-disciplinario-contra-temistocles-ortega-didier-lobo-ana-maria-castaneda-noticias-hoy/
Disputas internas desestabilizan al gobierno: han salido 16 altos funcionarios en 90 días,La reconfiguración del primer círculo de poder del presidente Petro sigue dejando cargos claves vacantes.,20/05/2025,https://www.elespectador.com/politica/pelas-internas-en-el-gobierno-petro-desestabilizan-entidades-han-salido-16-altos-funcionarios-en-90-dias-noticias-hoy/
Así va la discusión de la nueva consulta de Petro: hay dudas sobre su viabilidad,El Gobierno presentó 16 preguntas: las 12 que hundió el Senado hace ya una semana y cuatro nuevas.,20/05/2025,https://www.elespectador.com/politica/consulta-popular-petro-asi-esta-la-discusion-de-la-nueva-propuesta-hay-dudas-sobre-su-viabilidad-noticias-hoy/
Se agitó la pelea por el Valle entre la U y el petrismo tras hundimiento de la consulta,En el Partido de la U hay cierto temor por la fuerza que busca redoblar el petrismo en el Valle para las elecciones de 2026.,20/05/2025,https://www.elespectador.com/politica/dilian-francisca-toro-y-petro-se-agito-pelea-por-el-valle-entre-partido-de-la-u-y-petrismo-tras-hundimiento-de-consulta/
Pacto cuestiona que reducción de salarios esté en el punto 108 de la plenaria,El proyecto para reducir salarios de congresistas es el punto 108 de la plenaria de este martes.,19/05/2025,https://www.elespectador.com/politica/pacto-historico-ivan-cepeda-senala-al-presidente-del-senado-de-dilatar-discusion-reduccion-salarios-congresistas-noticias-hoy/
Petro prepara llamado a las calles con radicación de nueva consulta popular,El presidente Petro asistirá a una manifestación este martes a las 4:00 p.m. en Barranquilla.,20/05/2025,https://www.elespectador.com/politica/petro-alista-movilizaciones-tras-radicacion-de-nueva-consulta-popular-senado-noticias-hoy/
Leyva denuncia “amenazas” y una “persecución judicial” por sus cartas a Petro,"Leyva afirmó que ""algo se está cocinando judicialmente en mi contra"".",20/05/2025,https://www.elespectador.com/politica/leyva-envia-nueva-carta-sobre-petro-acusa-al-presidente-de-una-persecucion-judicial-noticias-hoy/
Congresistas del Valle pedirán explicaciones a mintransporte por obras en la región,"La audiencia será este jueves, 22 de mayo, en la Cámara de Comercio de Cali.",20/05/2025,https://www.elespectador.com/politica/gobierno-petro-congresistas-del-valle-citan-a-rojas-mintransporte-a-audiencia-publica-obras-de-infraestructura-noticias-hoy/
"Gobierno insiste en consulta con 4 preguntas nuevas, además de las 12 originales",El nuevo proyecto de consulta tiene 16 preguntas: las 12 originales y 4 sobre salud.,06/07/2026,https://www.elespectador.com/politica/petro-consulta-popular-gobierno-radica-de-nuevo-consulta-popular-seran-16-preguntas-noticias-hoy/
Esto es lo que se sabe de la suspensión de vuelos de Colombia desde y hacia Venezuela,La medida estará vigente hasta el 26 de mayo a las 6:00 p.m.,19/05/2025,https://www.elespectador.com/politica/colombia-venezuela-petro-maduro-esto-se-sabe-de-la-suspension-de-vuelos-entre-ambos-paises-noticias-hoy/
Este es el contrato por $11.000 millones para los eventos del presidente Petro,Se espera que solo en el segundo semestre de este 2025 el presidente lidere 13 eventos por un valor cercano a los $1.900 millones.,19/05/2025,https://www.elespectador.com/politica/eventos-petro-casa-de-narino-prepara-contrato-por-11000-millones-contratacion-publica-noticias-hoy/
Colombia por suspensión de vuelos desde y hacia Venezuela: “No se nos había informado”,La Cancillería indicó que ya se abrieron los canales diplomáticos.,19/05/2025,https://www.elespectador.com/politica/colombia-responde-por-suspension-de-vuelos-venezuela-cancilleria-pidio-mas-informacion-laura-sarabia-diosdado-cabello-noticias-hoy/
Exembajador de Ghana investigado por violencia intrafamiliar llega a la ANT,"Daniel Garcés, exembajador de Ghana, llega a la Agencia Nacional de Tierras. ¿Qué cargo tendrá?",19/05/2025,https://www.elespectador.com/politica/daniel-garces-exembajador-de-ghana-investigado-por-violencia-intrafamiliar-llega-a-la-agencia-de-tierras-noticias-hoy/
“Yo nunca pacté nada para que votaran que sí”: Benedetti sobre el Partido de la U,El ministro del Interior negó haber pactado los votos del partido de la gobernadora Dilian Francisca Toro.,19/05/2025,https://www.elespectador.com/politica/benedetti-nego-haber-pactado-votos-del-partido-de-la-u-para-la-consulta-popular-de-petro-con-dilian-toro-noticias-hoy/
Pacto Histórico comenzó a moverse para elecciones y reunió a posibles candidatos,"Corcho, Muhamad, Pizarro y Bolívar están entre ellos. También se está discutiendo la posibilidad de cerrar listas.",19/05/2025,https://www.elespectador.com/politica/pacto-historico-de-petro-comite-politico-reunio-a-muhamad-bolivar-corcho-y-pizarro-para-2026-noticias-hoy/
Petro dice que Dilian Francisca Toro “partió las aguas” para hundir la consulta popular,El presidente Petro acusó a Dilian Francisca Toro de ayudar a hundir la consulta popular y ella respondió.,18/05/2025,https://www.elespectador.com/politica/petro-y-dilian-francisca-toro-chocan-por-la-consulta-popular-el-presidente-dijo-que-ayudo-a-hundirla-y-ella-respondio/
Elección de magistrado y reforma laboral: así está la agenda del Congreso,Se elegirá al nuevo integrante de la Corte Constitucional y sus comisiones están en el análisis de las reformas.,19/05/2025,https://www.elespectador.com/politica/reforma-laboral-control-politico-y-eleccion-magistrado-corte-constitucional-asi-esta-agenda-de-congreso-noticias-hoy/
"Petro propuso el Vaticano como la sede de nuevos diálogos con el ELN, pero hay dudas","“Hablé con el papa de este tema, ¿cómo podría el Vaticano ser la sede de las nuevas conversaciones de paz?"", aseguró.",19/05/2025,https://www.elespectador.com/politica/dialogos-con-eln-petro-propuso-al-papa-trasladar-mesa-de-negociacion-al-vaticano-pero-hay-dudas-noticias-hoy/
Políticos respaldan a Dilian Francisca Toro en choque con el presidente Petro,"El mandatario la señaló de haber tenido una ""actitud anticonsulta"" popular.",19/05/2025,https://www.elespectador.com/politica/petro-y-dilian-francisca-toro-chocan-por-consulta-popular-politicos-respaldan-a-gobernadora-del-valle-noticias-hoy/
"Elecciones atípicas en municipios de Tolima, Santander y La Guajira: así fue la jornada","Los habitantes de Coyaima (Tolima), Oiba (Santander) y La Jagua del Pilar (La Guajira) asistieron a las urnas para elegir alcaldes.",18/05/2025,https://www.elespectador.com/politica/elecciones-atipicas-en-municipios-de-tolima-santander-y-la-guajira-balance-de-la-registraduria-y-resultados/
Se conocen los primeros detalles de la reunión entre Petro y el papa León XIV,"La audiencia privada con el sumo pontífice giró en torno a temas de paz, migración y cambio climático.",06/07/2026,https://www.elespectador.com/politica/petro-se-reunio-con-el-papa-leon-xiv-esto-fue-lo-que-hablaron-en-audiencia-privada-sobre-paz-y-migracion-noticias-hoy/
Miles de millones para eventos y una movilización permanente: Petrismo responde al Senado,En la Casa de Nariño preparan contrato de más de $11.000 millones para reforzar eventos del presidente Petro.,19/05/2025,https://www.elespectador.com/politica/consulta-popular-esta-es-la-estrategia-del-petrismo-para-responder-al-senado-miles-de-millones-para-eventos-y-cabildos/
Así fue el primer encuentro entre Petro y el papa León XIV: Habrá audiencia privada,El presidente Petro saludó brevemente al papa León XIV y confirmó que tendrá audiencia privada con él este lunes.,06/07/2026,https://www.elespectador.com/politica/petro-y-el-papa-leon-xiv-el-presidente-tendra-audiencia-privada-con-el-pontifice-este-lunes-noticias-hoy/
"Alto turmequé: de nombramientos, listas y demandas",Los mejores confidenciales sobre el poder en Colombia.,18/05/2025,https://www.elespectador.com/politica/alto-turmeque-de-nombramientos-listas-y-demandas/
“No creo en milagros y mucho menos en unos congresistas”: exministra de Trabajo,"Entrevista con Gloria Inés Ramírez, exministra de Trabajo, sobre la votación en el Senado, que negó la realización de una consulta popular.",18/05/2025,https://www.elespectador.com/politica/no-creo-en-milagros-y-mucho-menos-en-unos-congresistas-exministra-de-trabajo/
"Senado está listo para elegir magistrado de la Corte, abogado de Petro es el favorito",La plenaria del Senado elegirá este martes al nuevo magistrado de la Corte Constitucional. Así están las cargas.,18/05/2025,https://www.elespectador.com/politica/senado-elegira-magistrado-de-la-corte-constitucional-hector-carvajal-abogado-de-petro-es-el-favorito-noticias-hoy/
"Ministros fueron citados a debate sobre el Cauca, pero la mayoría tiene otras agendas",La Comisión Primera del Senado tiene programado para este lunes un debate de control político sobre la situación del Cauca.,18/05/2025,https://www.elespectador.com/politica/ministros-de-petro-fueron-citados-a-debate-de-control-politico-sobre-seguridad-del-cauca-pero-varios-tiene-otras-agendas/
¿Qué viene para la reforma laboral y la nueva consulta popular del gobierno Petro?,"Desde este fin de semana el presidente, sus funcionarios y congresistas lanzarán la estrategia en defensa de sus proyectos.",18/05/2025,https://www.elespectador.com/politica/consulta-popular-y-reforma-laboral-de-petro-esto-es-lo-que-viene-para-las-apuestas-del-gobierno-en-el-congreso-noticias/
"Gobierno celebró captura de alias Quipo, presunto responsable de atentado en La Plata",El presidente Petro y el ministro de Defensa entregaron detalles de la captura de quien sería responsable del ataque terrorista.,17/05/2025,https://www.elespectador.com/politica/alias-quipo-petro-y-el-ministro-de-defensa-celebraron-captura-de-presunto-responsable-de-atentado-en-la-plata-huila/
Caída de consulta y resurrección de la laboral dejaron a Gobierno y oposición en guardia,El presidente Petro anunció otra propuesta de participación ciudadana. Oposición alista acciones jurídicas.,18/05/2025,https://www.elespectador.com/politica/petro-consulta-popular-reforma-laboral-gobierno-y-oposicion-preparan-estrategia-benedetti-noticias-hoy/
Ministros y congresistas instalaron primeros cabildos por la consulta popular: así les fue,Funcionarios del Gobierno y congresistas del Pacto Histórico respondieron al llamado de Petro para conformar los cabildos populares.,17/05/2025,https://www.elespectador.com/politica/cabildos-por-la-consulta-popular-ministros-y-congresistas-de-petro-realizaron-las-primeras-reuniones-noticias-hoy/
Videos de la plenaria del Senado intensifican debate por hundimiento de la consulta,Videos de la plenaria del Senado intensifican debate por hundimiento de la consulta popular. Estas son algunas de las imágenes.,12/08/2026,https://www.elespectador.com/politica/peralta-fuelantala-diaz-videos-de-plenaria-de-senado-intensifican-debate-por-hundimiento-de-consulta-popular-de-petro/
Esta es la comitiva del Gobierno que participará en misa de investidura de León XIV,Esta es la comitiva que acompañará al presidente Petro a la misa que marcará el inicio del papado de León XIV.,06/07/2026,https://www.elespectador.com/politica/petro-llego-a-roma-para-misa-del-papa-leon-xiv-esta-es-la-delegacion-del-gobierno-que-lo-acompana-noticias-hoy/
“El partido está abierto a escuchar”: Uribe sobre posible alianza con Vargas Lleras,Así respondió el expresidente Uribe cuando le preguntaron sobre una posible alianza con Vargas Lleras para el 2026.,17/05/2025,https://www.elespectador.com/politica/uribe-hablo-sobre-posible-alianza-con-german-vargas-lleras-para-2026-el-partido-esta-abierto-a-escuchar-noticias-hoy/
Se aplazó cabildo abierto que iba a ser liderado por el presidente Petro en Barranquilla,"El ministro del Interior, Armando Benedetti, entregó los detalles de la nueva fecha para el cabildo abierto del presidente Petro.",17/05/2025,https://www.elespectador.com/politica/cabildo-abierto-de-petro-se-aplazo-encuentro-del-presidente-petro-con-organizaciones-sociales-en-barranquilla-noticias/
Petro terminó su visita a China y va para el Vaticano: así le fue en el país asiático,Petro terminó su visita a China y va para el Vaticano: así le fue en el país asiático.,17/05/2025,https://www.elespectador.com/politica/petro-termino-su-visita-a-china-y-va-para-vaticano-con-sarabia-esto-fue-lo-que-hizo-en-pais-asiatico-noticias-hoy/
Vicepresidencia impulsa la creación de la Dirección de África en la Cancillería,La Vicepresidencia impulsa la creación de la Dirección de África en la Cancillería a través de nueva directiva.,17/05/2025,https://www.elespectador.com/politica/francia-marquez-vicepresidencia-impulsa-creacion-de-direccion-de-africa-en-cancilleria-de-sarabia-y-dicta-mas-acciones/
“Es un convenio moribundo”: ¿qué pasó con los $172 mil millones de Jóvenes en Paz?,"“No sabíamos quiénes eran los jóvenes que atendíamos, no sabíamos dónde estaban”, aseguró el viceministro Zabala.",16/05/2025,https://www.elespectador.com/politica/jovenes-en-paz-de-petro-viceministro-hablo-de-carlos-rosero-francia-marquez-y-en-que-va-el-programa-noticias-hoy/
Ministro Jaramillo seguirá con funciones presidenciales mientras Petro asiste al Vaticano,Petro asistirá al Vaticano para la misa de inicio de pontificado del papa León XIV y regresará el lunes para presentar otra consulta.,16/05/2025,https://www.elespectador.com/politica/ministro-de-salud-jaramillo-seguira-con-funciones-presidenciales-mientras-petro-asiste-al-vaticano-a-misa-de-leon-xiv/
Santos en Hiroshima: “La amenaza nuclear es más grave que en la Guerra Fría”,El expresidente Santos visitó Japón en el marco del aniversario número 80 del ataque nuclear que dejó más de 100.000 muertos.,16/05/2025,https://www.elespectador.com/politica/santos-visito-hiroshima-por-80-anos-bomba-la-amenaza-nuclear-es-mas-grave-que-en-guerra-fria-dijo-noticias-hoy/
Cancillería repudia el asesinato de civiles palestinos en Gaza tras ofensiva israelí,La Cancillería repudia el asesinato de civiles palestinos en Gaza tras ofensiva israelí.,16/05/2025,https://www.elespectador.com/politica/cancilleria-de-sarabia-repudia-asesinato-de-120-civiles-palestinos-en-franja-de-gaza-tras-ofensiva-israeli-noticias-hoy/
Aceptan renuncia de Buitrago y dejan a Augusto Ocampo como minjusticia encargado,"El ministro delegatario con funciones presidenciales, Guillermo Alfonso Jaramillo, aceptó la renuncia de Ángela María Buitrago.",16/05/2025,https://www.elespectador.com/politica/gobierno-acepta-renuncia-de-angela-maria-buitrago-del-ministerio-de-justicia-y-deja-como-encargado-a-augusto-ocampo/
“No hay que acusar a inocentes”: Petro defiende a Benedetti de señalamientos de minjusticia,Petro dijo que la salida de Ángela María Buitrago del Ministerio de Justicia no se debería a presuntas injerencias de Benedetti.,06/07/2026,https://www.elespectador.com/politica/petro-defiende-a-benedetti-de-senalamientos-de-ministra-de-justicia-y-dice-que-no-se-puede-acusar-a-inocentes/
“La derrota de la consulta nos da oxígeno para hacer política”: León Fredy Muñoz,El senador de la Alianza Verde y defensor del gobierno de Gustavo Petro habló con El Espectador sobre la consulta popular.,06/07/2026,https://www.elespectador.com/politica/la-derrota-de-la-consulta-nos-da-mas-oxigeno-para-hacer-politica-leon-fredy-munoz/
"¿Quién es Juan Felipe Lemos, el senador que coordinará la revivida reforma laboral?",El presidente Petro ya señaló a Lemos como un opositor de la reforma por sus posturas y el vínculo que tiene con el expresidente Uribe.,16/05/2025,https://www.elespectador.com/politica/quien-es-juan-felipe-lemos-el-senador-del-partido-de-la-u-coordinador-ponente-de-la-revivida-reforma-laboral-de-petro/
Gustavo Bolívar empacó sus cosas y sale del DPS en medio de choques con Petro,Bolívar agradeció al presidente Petro por la oportunidad de liderar el Departamento de Prosperidad Social durante más de un año.,16/05/2025,https://www.elespectador.com/politica/gustavo-bolivar-sale-del-gobierno-en-medio-de-choques-con-el-presidente-petro-por-su-renuncia-y-aspiracion-presidencial/
Petro confirmó que presentará nuevamente la consulta popular y reveló pregunta adicional,"Desde China, el presidente Petro dijo que la próxima semana presentará la solicitud y esta vez serán 13 preguntas.",06/07/2026,https://www.elespectador.com/politica/petro-confirmo-que-presentara-nuevamente-la-consulta-popular-al-senado-con-pregunta-adicional-sobre-salud/
Petrismo entró en un intenso capítulo de presión: definirá si convoca a un paro,El presidente Petro les pidió a sus bases definir si convocan un paro nacional tras el hundimiento de la consulta.,16/05/2025,https://www.elespectador.com/politica/petro-analiza-si-convoca-a-paro-por-hundimiento-de-la-consulta-popular-en-senado-y-pide-aprobacion-de-reforma-laboral/
Angélica Lozano da detalles sobre cómo será la discusión de la reforma laboral,"La presidenta de la Comisión Cuarta del Senado, Angélica Lozano, habló sobre el hundimiento de la consulta popular.",08/07/2026,https://www.elespectador.com/politica/angelica-lozano-da-detalles-sobre-como-sera-la-discusion-de-la-reforma-laboral/
Gobierno insistió en “huelga” para movilizar bases tras caída de consulta popular,"Armando Benedetti, ministro del Interior, pidió que “ojalá decidan la huelga”. El presidente Petro dijo que no es para reelegirse.",16/05/2025,https://www.elespectador.com/politica/benedetti-y-petro-hablan-de-huelga-general-y-movilizacion-de-bases-por-caida-de-consulta-y-reforma-laboral-noticias-hoy/
“La derecha nos está favoreciendo y les vamos a ganar en 2026”: León Fredy Muñoz,"El senador León Fredy Muñoz aseguró que, a largo plazo, la derrota de la consulta popular los beneficia de cara al 2026.",16/05/2025,https://www.elespectador.com/politica/consulta-popular-de-petro-la-derecha-nos-dio-un-papayazo-y-les-vamos-a-ganar-en-2026-leon-fredy-munoz-noticias-hoy/
Márquez no sabe si participará en las marchas tras el hundimiento de la consulta,La vicepresidenta Francia Márquez “no sabe” si participará en las marchas tras el hundimiento de la consulta popular en Senado.,15/05/2025,https://www.elespectador.com/politica/francia-marquez-no-sabe-si-participara-en-huelga-general-tras-hundimiento-de-consulta-popular-de-petro-noticias-hoy/
“Esto no es una puja política”: Lozano habló del trámite de la resucitada laboral,"La senadora Angélica Lozano explicó lo que sigue para la reforma laboral: ""Esto no es una puja política"". ¿Qué más dijo?",16/05/2025,https://www.elespectador.com/politica/angelica-lozano-habla-de-reforma-laboral-en-congreso-consulta-popular-de-petro-y-de-alianza-verde-noticias-hoy/
“Ganemos el 26 para que no siga la destrucción del país”: dardo de Uribe a Petro,El expresidente Uribe dijo que en 2026 debe haber un cambio “para que no siga la destrucción del país”. Lanzó dardo al presidente Petro.,16/05/2025,https://www.elespectador.com/politica/uribe-dice-que-colombia-debe-cambiar-en-2026-lanza-dardo-a-petro-y-habla-de-narcotrafico-noticias-hoy/
Reforma laboral de Petro: este es el mensaje de urgencia y el cronograma de debate,La senadora Angélica Lozano confirmó que la discusión de la reforma laboral se retoma el lunes. Hay mensaje de urgencia.,15/05/2025,https://www.elespectador.com/politica/reforma-laboral-de-petro-listo-cronograma-de-debate-con-mensaje-de-urgencia-del-gobierno-noticias-hoy/
Gobierno explora vías hacia otra consulta popular: ¿incluirá temas de salud?,El presidente Gustavo Petro ha dicho que volverá a presentar la iniciativa “con una pregunta adicional en salud”.,15/05/2025,https://www.elespectador.com/politica/consulta-popular-de-petro-incluira-temas-de-salud-asi-esta-el-gobierno-para-debate-de-reforma-laboral-noticias-hoy/
"Benedetti se defiende y denunciará a la minjusticia, pero enfrenta varios ruidos",Ángela María Buitrago renunció e hizo señalamientos contra el ministro del Interior.,15/05/2025,https://www.elespectador.com/politica/benedetti-denuncia-a-buitrago-ministra-de-justicia-ruidos-que-rodean-a-ministro-de-interior-de-petro-noticias-hoy/
Pelea por consulta popular llegó a estrados judiciales: tutelas buscan reabrir votación,"Los senadores León Fredy Muñoz, Fabián Díaz y Martha Peralta argumentan que se vulneró el derecho a la participación política.",06/07/2026,https://www.elespectador.com/politica/consulta-popular-de-petro-se-hundio-radican-tutelas-para-reabrir-votacion-en-senado-noticias-hoy/
Estos son los ocho ponentes de la resucitada reforma laboral,"El proyecto fue trasladado a la Comisión Cuarta del Senado, que preside Angélica Lozano (Alianza Verde).",15/05/2025,https://www.elespectador.com/politica/benedetti-confirma-estos-son-ocho-ponentes-de-reforma-laboral-en-congreso-noticias-hoy/
Estos fueron los votos que definieron la derrota del Gobierno y su consulta popular,Así votaron los senadores a la consulta popular del gobierno Petro que terminó hundida.,15/05/2025,https://www.elespectador.com/politica/consulta-popular-de-petro-estos-fueron-los-votos-que-definieron-la-derrota-del-gobierno-asi-votaron-los-senadores/
Así están las cargas en la Comisión Cuarta para votar la resucitada reforma laboral,"Al aprobarse la apelación en el Senado, el presidente Efraín Cepeda (Partido Conservador) la remitió para su tercer debate.",15/05/2025,https://www.elespectador.com/politica/reforma-laboral-de-petro-llega-a-la-comision-cuarta-de-senado-asi-estan-los-votos-para-el-proyecto-noticias-hoy/
Petro se fue contra Cepeda por la consulta popular: “Corte Suprema debe investigar”,El Senado hundió la iniciativa del Gobierno con 49 votos en contra y 47 a favor.,15/05/2025,https://www.elespectador.com/politica/petro-se-fue-contra-el-presidente-del-senado-efrain-cepeda-por-la-votacion-de-la-consulta-popular-noticias-hoy/
Petro explora “huelga general” buscando aire en las calles tras fracaso de su consulta,"En alocución, el presidente pidió repetir la votación y aunque hay malestar, la izquierda cree que ganó a largo plazo.",15/05/2025,https://www.elespectador.com/politica/petro-convocaria-a-huelga-tras-hundimiento-de-consulta-popular-y-pidio-al-senado-repetir-la-votacion-por-supuesto-fraude/
Resucitada reforma laboral irá a la Comisión Cuarta del Senado,Es la comisión que preside la senadora Angélica Lozano (Alianza Verde).,15/05/2025,https://www.elespectador.com/politica/reforma-laboral-petro-vuelve-al-senado-la-discutira-la-comision-cuarta-noticias-hoy/
Petro le pide al Senado volver a votar la consulta y movilizaciones en las calles,La alocución la realizó desde China.,06/07/2026,https://www.elespectador.com/politica/petro-habla-de-consulta-popular-tras-hundimiento-en-senado-y-pide-movilizacion-noticias-hoy/
Así fue como el Senado hundió la consulta popular; Gobierno habla de “fraude”,El ministro Benedetti acusó a la mesa directiva de “irregularidades”.,20/05/2025,https://www.elespectador.com/politica/asi-fue-que-el-senado-hundio-la-reforma-laboral-gobierno-habla-de-fraude-noticias-hoy/
Qué es el “cabildo popular” al que llamó el presidente Petro,Gustavo Petro convocó a cabildos abiertos en todo el país. En esto consiste el mecanismo de participación popular.,15/05/2025,https://www.elespectador.com/politica/cabildo-abierto-que-es-gustavo-petro-asistira-a-la-reunion-en-barranquilla-noticias-hoy/
“Un ejemplo de humildad”: mundo político en Colombia recuerda a “Pepe” Mujica,"Los expresidentes Juan Manuel Santos, Iván Duque y Ernesto Samper recordaron el legado de Pepe Mujica.",14/05/2025,https://www.elespectador.com/politica/murio-pepe-mujica-santos-duque-y-samper-lamentan-fallecimiento-y-lo-llaman-un-ejemplo-de-humildad-noticias-hoy/
Petro llamó al pueblo “a decidir” tras hundimiento de la consulta,El Senado hundió 49 votos frente a 47 la consulta popular.,06/07/2026,https://www.elespectador.com/politica/consulta-popular-petro-acusa-de-fraude-al-senado-y-llama-al-pueblo-a-decidir-noticias-hoy/
“Huelga general”: los mensajes entre Petro y Benedetti tras hundimiento de consulta,Se conoció que existe la posibilidad de convocar a una “huelga general” ante la decisión del Legislativo.,14/05/2025,https://www.elespectador.com/politica/petro-y-benedetti-estos-son-los-mensajes-que-cruzaron-tras-hundimiento-de-consulta-popular-en-senado-noticias-hoy/
Senado hunde la consulta popular y revive la reforma laboral,La consulta popular se hundió con 49 votos en contra y 47 a favor.,06/07/2026,https://www.elespectador.com/politica/consulta-popular-de-petro-se-vota-en-el-senado-asi-va-la-votacion-del-segundo-round-noticias-hoy/
"López, exfuncionario de Petro, llega a la Procuraduría de Eljach: ¿qué cargo tendrá?","El exsenador y exfuncionario del gobierno de Petro, Alexander López Maya, llega a la Procuraduría de Gregorio Eljach. ¿Qué cargo tendrá?",14/05/2025,https://www.elespectador.com/politica/lopez-maya-exfuncionario-petro-y-exsenador-llega-a-procuraduria-de-eljach-que-cargo-tendra-noticias-hoy/
Petrismo denuncia “jugaditas” en el orden del día y anuncia que no votará apelación,El Pacto Histórico se saldrá del recinto hasta que se vote la consulta popular.,14/05/2025,https://www.elespectador.com/politica/consulta-popular-de-petro-pacto-historico-denuncio-jugaditas-para-votar-apelacion-de-reforma-laboral-noticias-hoy/
Petro viajará al Vaticano para invitar al papa León XIV a Colombia,Estará en la misa oficiada por el sumo pontífice del 18 de mayo. La canciller Laura Sarabia lo acompañará.,14/05/2025,https://www.elespectador.com/politica/petro-y-sarabia-viajaran-al-vaticano-para-invitar-al-papa-leon-xiv-a-colombia-noticias-hoy/
Gobierno Petro da guiño a la apelación en vísperas de votar la consulta popular,El ministro Benedetti aseguró que tanto la consulta popular como la apelación “son dos caminos para llegar a la reforma laboral”.,14/05/2025,https://www.elespectador.com/politica/gobierno-petro-le-da-guino-a-la-apelacion-de-la-reforma-laboral-en-visperas-de-votar-la-consulta-noticias-hoy/
Estos son los puntos claves de la reunión del presidente Petro y Xi Jinping en China,"El presidente Gustavo Petro y su homólogo chino, Xi Jinping, se reunieron este martes en la noche.",14/05/2025,https://www.elespectador.com/politica/estos-son-los-puntos-claves-de-la-reunion-del-presidente-petro-y-xi-jinping-en-china-noticias-hoy/
Firma de la Franja y la Ruta generó una nueva diferencia entre Petro y Sarabia,El centro de la discusión giró en torno al título de “plan de cooperación” que recibiría el documento.,14/05/2025,https://www.elespectador.com/politica/petro-y-sarabia-tuvieron-diferencias-en-china-por-la-firma-de-la-ruta-de-la-seda-noticias-hoy/
“No tengo ningún resentimiento con Estados Unidos”: Petro tras firma de la Ruta de la Seda,El mandatario se refirió a las críticas por el nuevo acuerdo comercial con China.,14/05/2025,https://www.elespectador.com/politica/petro-en-china-dijo-no-tener-resentimiento-con-estados-unidos-de-trump-tras-firma-de-la-ruta-de-la-seda-noticias-hoy/
Gobierno Petro tiene las horas contadas para frenar “jugada” contra la consulta popular,Así se mueve para reunir los votos y detener una estrategia que se consolidó para intentar hundirla. Este miércoles se define.,14/05/2025,https://www.elespectador.com/politica/consulta-popular-de-petro-tiene-en-su-contra-una-jugada-de-congresistas-para-hundirla-en-senado-asi-se-mueve-benedetti/
Discordias y líos judiciales complican la conformación de un “frente amplio” para 2026,El petrismo enfrenta divisiones internas y escándalos judiciales en su carrera por encontrar una ficha para las presidenciales.,14/05/2025,https://www.elespectador.com/politica/elecciones-2026-las-discordias-y-lios-judiciales-del-petrismo-que-enredan-la-conformacion-del-frente-amplio-noticias/
Rodríguez responde a críticas por designación de Benedetti como presidente encargado,La directora del Dapre negó las acusaciones que la señalan como la encargada en la confusión de la delegación del presidente encargado.,14/05/2025,https://www.elespectador.com/politica/gobierno-petro-directora-del-dapre-respondio-a-criticas-por-designacion-de-benedetti-como-presidente-encargado-noticias-hoy/
Primer round en Senado por la consulta de Petro: así se movieron las fuerzas,El Senado está citado para este miércoles a las 9:00 a.m.,14/05/2025,https://www.elespectador.com/politica/consulta-popular-petro-asi-fue-el-primer-round-para-votar-el-proyecto-reforma-laboral-noticias-hoy/
Apelación al hundimiento de la reforma laboral complicaría el futuro de la consulta,El senador Fabián Díaz dijo que retiraría la apelación que él mismo presentó.,14/05/2025,https://www.elespectador.com/politica/reforma-laboral-petro-apelacion-para-salvarla-complicaria-futuro-de-la-consulta-popular-senado-noticias-hoy/
Cristo reaccionó a la decisión de la Corte de revivir su partido En Marcha,La Sala Plena de la Corte resolvió la tutela a favor de En Marcha de manera unánime.,13/05/2025,https://www.elespectador.com/politica/cristo-celebro-la-decision-de-corte-corte-constitucional-de-revivir-su-partido-en-marcha-noticias-hoy/
Senado arrancó discusión de consulta popular en medio de dardos de Gobierno y oposición,Se espera que la votación sea este miércoles.,13/05/2025,https://www.elespectador.com/politica/consulta-popular-petro-senado-inicia-discusion-para-llamar-a-las-urnas-benedetti-sanguino-reforma-laboral-noticias-hoy/
Gobernadores alertan por “estabilidad del sistema de salud” por deudas con hospitales,"Según los gobernadores, las deudas de las EPS amenazarían la sostenibilidad del sistema público de salud en los departamentos.",13/05/2025,https://www.elespectador.com/politica/gobernadores-senalan-que-hospitales-podrian-verse-amenazados-por-la-deuda-de-eps-carta-a-minsalud-y-gobierno-petro-noticias-hoy/
"“Adiós, amigo”: Petro y otros políticos colombianos reaccionan a muerte de Mujica",Mujica murió este año tras padecer de cáncer de esófago.,13/05/2025,https://www.elespectador.com/politica/pepe-mujica-petro-y-politicos-colombianos-reaccionan-a-muerte-del-expresidente-uruguayo-noticias-hoy/
Mininterior firmará contrato de $88 mil millones con RTVC para organizar eventos,Ocurre en vísperas de la votación de la consulta popular en el Senado.,13/05/2025,https://www.elespectador.com/politica/ministerio-del-interior-de-benedetti-firmara-contrato-de-88-mil-millones-con-rtvc-para-organizar-eventos-noticias-hoy/
Así se formó la polémica por pago de $90 millones para el retorno de Irene Vélez,La exministra fue retirada de su cargo como cónsul para asumir la dirección del ANLA.,13/05/2025,https://www.elespectador.com/politica/gobierno-petro-le-debera-pagar-a-irene-velez-exministra-mas-de-90-millones-para-volver-a-colombia-noticias-hoy/
“Soy optimista”: Benedetti sobre la votación de la consulta popular en Senado,"Los votos de las bancadas del Conservador, Liberal y La U serán decisivos.",13/05/2025,https://www.elespectador.com/politica/consulta-popular-de-petro-ministro-benedetti-dice-que-es-optimista-para-la-votacion-en-senado-noticias-hoy/
Ciro Ramírez ya regresó al Senado: “voy a votar no a la consulta”,La Sala de Primera Instancia de la Corte Suprema de Justicia ordenó dejarlo libre.,13/05/2025,https://www.elespectador.com/politica/ciro-ramirez-ya-regreso-al-senado-y-dijo-que-votara-en-contra-de-la-consulta-popular-noticias-hoy/
Alianza Verde suspendió a Iván Name y Sandra Ortiz por escándalo de la Ungrd,"El partido aseguró que “no tolera, acepta ni consiente prácticas de corrupción bajo ninguna circunstancia”.",13/05/2025,https://www.elespectador.com/politica/name-y-ortiz-fueron-suspendidos-por-alianza-verde-por-saqueo-a-la-unidad-de-gestion-del-riesgo-ungrd-noticias-hoy/
Consulta popular de Petro y minirreforma laboral agitan la agenda del Senado,El Pacto Histórico llamó a la ciudadanía a las calles para apoyar la iniciativa del Gobierno.,13/05/2025,https://www.elespectador.com/politica/consulta-popular-de-petro-y-minirreforma-laboral-asi-esta-la-agenda-del-senado-para-definir-la-discusion-noticias-hoy/
Dirigencia de la Colombia Humana se desmarcó del comunicado en respaldo a Bolívar,"De acuerdo con los directivos del partido de Petro, este “no es oficial"" y no representa una postura colectiva.",13/05/2025,https://www.elespectador.com/politica/colombia-humana-de-petro-los-directivos-se-desmarcan-del-comunicado-en-respaldo-a-gustavo-bolivar-noticias-hoy/
Petro instó a Celac a cooperar con China y Estados Unidos: “No se puede imponer”,"El presidente se reunió con los jefes de Estado de Brasil, Luiz Inácio Lula da Silva, y Chile, Gabriel Boric.",06/07/2026,https://www.elespectador.com/politica/petro-en-china-insto-a-la-celac-cooperar-con-estados-unidos-y-se-reunio-con-lula-y-boric-noticias-hoy/
Las preguntas de Petro (análisis de Razón Pública),Lea el análisis de Razón Pública sobre la consulta popular del presidente Gustavo Petro.,13/05/2025,https://www.elespectador.com/politica/las-preguntas-de-petro-analisis-de-razon-publica-noticias-hoy/
Así se mueve el Gobierno ante la tensión con EE. UU. por aranceles y descertificación,"El gobierno Petro busca salidas diplomáticas ante las tensiones con Trump, pero también le apuesta a encontrar nuevos aliados.",07/04/2025,https://www.elespectador.com/politica/petro-y-trump-asi-se-mueve-el-gobierno-ante-tension-con-estados-unidos-por-aranceles-y-descertificacion-noticias-hoy/
Gobierno pide a ciudadanos contactar a senadores y preguntarles si apoyan la consulta,Los ministros Armando Benedetti y Antonio Sanguino lanzaron la página en la que los ciudadanos podrán sugerir preguntas para la consulta.,07/04/2025,https://www.elespectador.com/politica/consulta-popular-gobierno-pide-a-ciudadanos-contactar-a-senadores-y-preguntarles-como-votaran-benedetti-y-sanguino/
Crisis Petro-Bolívar solo es una de las fricciones que sacuden al Gobierno,"Además de ese distanciamiento, hay varias peleas entre ministros y supuestas estrategias para obstaculizar gestiones. ¿Cuáles son?",13/05/2025,https://www.elespectador.com/politica/episodio-entre-petro-y-gustavo-bolivar-es-solo-una-de-las-fricciones-en-el-gobierno-estas-son-las-peleas-de-ministros/
Gobierno lanza plataforma para que ciudadanos aporten preguntas a la consulta popular,El ministro Armando Benedetti presentará este lunes los detalles de la nueva estrategia para impulsar la consulta popular.,07/04/2025,https://www.elespectador.com/politica/consulta-popular-de-petro-ministerio-del-interior-lanza-plataforma-para-que-ciudadanos-aporten-preguntas-noticias-hoy/
"Seguridad, salud y economía: así le fue al gobierno Petro en encuesta Pulso País","De acuerdo con la encuesta, la imagen negativa del presidente Petro llegó al 60 % y la desaprobación del Gobierno al 64 %.",07/04/2025,https://www.elespectador.com/politica/gustavo-petro-como-va-el-gobierno-en-seguridad-economia-salud-y-otros-temas-resultados-pulso-pais-noticias-hoy/
Oficialismo lanza estrategia nacional e internacional con cascada de comités por el “sí”,"El oficialismo lanza estrategia nacional e internacional con cascada de comités para impulsar el ""sí"" en la consulta popular.",07/04/2025,https://www.elespectador.com/politica/oficialismo-lanza-estrategia-nacional-e-internacional-con-cascada-de-comites-por-si-consulta-popular-petro-noticias-hoy/
Uribe pidió unidad en su partido: “Derrotar a un compañero es una victoria inútil”,El expresidente Uribe pidió a sus bases respeto por los cinco senadores que buscan el aval del partido para ser candidato presidencial.,07/04/2025,https://www.elespectador.com/politica/alvaro-uribe-pidio-unidad-en-el-centro-democratico-derrotar-a-un-companero-es-una-victoria-inutil-precandidatos/
Colombia busca nuevo espacio diplomático y comercial en medio de roces con EE.UU.,"En una entrevista con el medio estadounidense Newsmax, Kristi Noem aseguró que la reunión con Petro fue “difícil”.",06/04/2025,https://www.elespectador.com/politica/trump-petro-gobierno-busca-nuevo-espacio-diplomatico-y-comercial-en-medio-de-roces-con-eeuu-noticias-hoy/
Ganador en Apartadó lo definirá escrutinio tras triunfo de candidato suspendido,"La candidatura del ganador, Héctor Rangel, fue suspendida el pasado viernes por un tribunal de Antioquia.",07/04/2025,https://www.elespectador.com/politica/elecciones-atipicas-ganador-de-la-alcaldia-de-apartado-lo-definira-escrutinio-hector-rangel-registraduria-cne-noticias-hoy/
Colombia ha realizado 13 vuelos con 1.359 connacionales desde Estados Unidos,"""Se han gestionado vuelos de forma excepcional por el gobierno Nacional"", indicó la Cancillería.",06/04/2025,https://www.elespectador.com/politica/petro-trump-colombia-ha-realizado-13-vuelos-con-1359-connacionales-desde-estados-unidos-noticias-hoy/
Congreso en pleno elegirá a nuevo magistrado del CNE en reemplazo de Lorduy,Álvaro Echeverry Londoño y Plinio Alarcón Buitrago son los candidatos para reemplazar a César Lorduy en el CNE.,08/04/2025,https://www.elespectador.com/politica/congreso-en-pleno-elegira-a-nuevo-magistrado-del-cne-en-reemplazo-de-lorduy-noticias-hoy/
"Alto turmequé: de relaciones, suecos y barajas",Los mejores confidenciales sobre el poder en Colombia.,06/04/2025,https://www.elespectador.com/politica/alto-turmeque-de-relaciones-suecos-y-barajas/
“Tropa” de influenciadores de Petro se mueve con el erario y se agita para la campaña,"Hay 18 influenciadores petristas que, además, tienen contratos con el Gobierno Nacional.",31/08/2025,https://www.elespectador.com/politica/petro-influenciadores-x-asi-se-mueven-lo-creadores-de-contenido-petristas-con-contratos-dps-sic-rtvc-gustavo-bolivar-noticias-hoy/
Cecilia López: “Siento que estuve en otro gobierno y con otro presidente”,"Exministra del gobierno Petro responde sin pelos en la lengua, como suele hacerlo, a la dura crítica que el presidente formuló esta semana.",06/04/2025,https://www.elespectador.com/politica/cecilia-lopez-montano-siento-que-estuve-en-otro-gobierno-y-con-otro-presidente/
"Avanzan elecciones en Apartadó, Antioquia, en medio de tensiones",Un tribunal suspendió 48 horas antes de las elecciones la inscripción de Héctor Rangel.,06/04/2025,https://www.elespectador.com/politica/antioquia-elecciones-atipicas-en-apartado-avanzan-en-medio-de-tension-en-el-municipio-hector-rangel-noticias-hoy/
Unitarios se suma a la consulta popular y anuncia comité nacional,Unitarios es la coalición de partidos del Pacto Histórico que no se unirán al partido único impulsado por Petro.,05/04/2025,https://www.elespectador.com/politica/unitarios-se-monta-a-la-consulta-popular-de-petro-y-anuncia-comite-nacional-de-impulso-noticias-hoy/
“Los espero”: Petro a liberales por radicación de nueva laboral en el Congreso,El presidente lanzó varios dardos a la colectividad y al senador Miguel Ángel Pinto.,05/04/2025,https://www.elespectador.com/politica/petro-partido-liberal-reforma-laboral-presidente-critica-al-partido-pero-dice-estar-dispuesto-a-dialogar-noticias-hoy/
Sanguino y Pinto se enfrentan por reforma laboral: “no he cambiado de opinión”,"El ministro Sanguino aseguró que los liberales apoyaban la consulta popular, algo que Pinto negó.",05/04/2025,https://www.elespectador.com/politica/reforma-laboral-senador-pinto-y-ministro-sanguino-chocan-por-proyecto-del-partido-liberal-gobierno-petro-consulta-popular-noticias-hoy/
“No es cierto que duré treinta minutos hablando contra Trump”: Petro,"“No sé si mi decisión de comprar los aviones de Suecia tenga que ver con lo que dijo Noem"", afirmó Petro.",06/07/2026,https://www.elespectador.com/politica/trump-kristi-noem-petro-rechaza-declaraciones-de-secretaria-de-seguridad-nacional-de-eeuu-noticias-hoy/
Congresistas celebran sanción de ley que busca prevenir violencia contra mujeres políticas,Congresistas celebraron que se haya sancionado la ley que busca prevenir la violencia en contra de las mujeres que participan en política.,17/04/2025,https://www.elespectador.com/politica/congreso-celebra-sancion-de-petro-a-ley-contra-la-violencia-politica-hacia-las-mujeres-noticias-hoy/
Tensión en Apartadó tras fallo que suspende inscripción de Rangel para elecciones atípicas,"Recientemente, la sede de la Registraduría de Apartadó fue atacada con un elemento en llamas. Rangel llamó a sus simpatizantes a votar.",05/04/2025,https://www.elespectador.com/politica/antioquia-apartado-bajo-tension-tras-fallo-de-tribunal-que-suspende-inscripcion-de-hector-rangel-para-elecciones-atipicas/
No hay retorno: ruptura entre Petro y Partido Conservador derivó en vías de hecho,El presidente Petro y el Partido Conservador están en disputa. Los senadores Blel y Cepeda piden garantías. El Gobierno sigue en campaña.,05/04/2025,https://www.elespectador.com/politica/petro-colombia-partido-conservador-nadia-blel-y-efrain-cepeda-chocan-con-el-gobierno-por-ataques-y-reformas-noticias-hoy/
Se desató nuevo choque entre gobiernos Trump y Petro: Noem y Sarabia cruzan mensajes,El presidente Petro no se ha referido a las recientes declaraciones de Noem.,05/04/2025,https://www.elespectador.com/politica/petro-trump-laura-sarabia-y-kristi-noem-chocan-por-reunion-en-colombia-tren-de-aragua-noticias-hoy/
"Jorge Iván Ospina, exalcalde de Cali, sería embajador de Colombia en Palestina","El presidente Petro dijo que Colombia debería tener una embajada en Palestina, que estaría ocupada por el exalcalde Jorge Iván Ospina.",04/04/2025,https://www.elespectador.com/politica/gobierno-petro-abriria-una-embajada-en-palestina-y-jorge-ivan-ospina-seria-el-primer-embajador-noticias-hoy/
Márquez y Sarabia les pusieron pausa a sus choques y se reunieron a puerta cerrada,"En medio de las diferencias que han tenido, Márquez y Sarabia se vieron este viernes en la Vicepresidencia para discutir temas de agenda.",04/04/2025,https://www.elespectador.com/politica/francia-marquez-y-laura-sarabia-se-reunen-tras-choques-en-consejo-de-ministros-televisado-y-hablaron-de-visita-a-africa/
“El diálogo funciona más que el bolillo”: Benedetti sobre acuerdo con comunidades indígenas,"El ministro Benedetti aplaudió el acuerdo al que se llegó con las comunidades indígenas: ""El diálogo funciona más que el bolillo”.",04/04/2025,https://www.elespectador.com/politica/comunidades-indigenas-en-bogota-armando-benedetti-celebra-acuerdo-y-dice-que-el-dialogo-funciona-mas-que-el-bolillo/
Desde el Congreso surgen más voces que rechazan protesta frente a la casa de Blel,"Varios congresistas hablaron de ""intimidación política"" tras conocer la denuncia de Nadia Blel sobre manifestaciones frente a su casa.",04/04/2025,https://www.elespectador.com/politica/congresistas-rechazaron-protestas-en-la-casa-de-nadia-blel-senalaron-al-gobierno-petro-de-intimidacion-noticias-hoy/
Así va la conformación de comités por el “sí” a la consulta popular de Petro,"Los partidos del Pacto Histórico y otros sectores afines al gobierno Petro empezaron a conformar los comités por el ""sí"" a la consulta.",04/04/2025,https://www.elespectador.com/politica/consulta-popular-del-gobierno-petro-asi-va-la-conformacion-de-comites-por-el-si-pacto-historico-noticias-hoy/
Petro escaló choque con los conservadores y lanzó mensajes contra Blel y Cepeda,El presidente Petro se fue una vez más contra Efraín Cepeda y Nadia Blel por el hundimiento de la laboral y la ley de financiamiento.,04/04/2025,https://www.elespectador.com/politica/petro-efrain-cepeda-y-nadia-blel-escalo-el-choque-entre-el-gobierno-y-el-partido-conservador-por-las-reformas/
Así respondió el presidente Petro a críticas por nuevo director de Asuntos Religiosos,"Ante la polémica por el nombramiento de Richard Gamboa, Petro dijo que el judaísmo no sionista también es un culto y debe ser respetado.",04/04/2025,https://www.elespectador.com/politica/rabino-richard-gamboa-ben-eleazar-asi-respondio-el-presidente-petro-a-criticas-por-nuevo-director-de-asuntos-religiosos/
José Roberto Acosta será el nuevo embajador de Colombia en Argentina,"José Roberto Acosta fue designado como embajador de Colombia en Argentina, en reemplazo de Camilo Romero.",04/04/2025,https://www.elespectador.com/politica/embajador-de-colombia-en-argentina-jose-roberto-acosta-llegara-al-cargo-en-reemplazo-de-camilo-romero-noticias-hoy/
“Léase la Constitución”: Cepeda cargó contra Petro y negó querer sacarlo del Gobierno,Efraín Cepeda aseguró que se debe defender la democracia y volvió a cuestionar que el petrismo los haya “matoneado” por viaje a EE. UU.,04/04/2025,https://www.elespectador.com/politica/cepeda-se-fue-contra-petro-y-nego-querer-sacarlo-del-gobierno-con-un-golpe-de-estado-lease-la-constitucion-noticias-hoy/
“Están de acuerdo con la consulta popular”: Benedetti sobre laboral de los liberales,Desde el Partido Liberal aseguran que esa siempre ha sido una de sus banderas y que ya la habían presentado hace dos años.,04/04/2025,https://www.elespectador.com/politica/reforma-laboral-del-partido-liberal-benedetti-dice-que-estan-de-acuerdo-con-la-consulta-popular-de-petro-sobre-recargos/
Gobierno se lanzaría a configurar cerca de 60.000 comités por el sí en su consulta,El gobierno Petro se lanzaría a configurar cerca de 60.000 comités por sí en su consulta popular. ¿De dónde saldrán esos recursos?,04/04/2025,https://www.elespectador.com/politica/gobierno-petro-se-lanzaria-a-configurar-cerca-de-60000-comites-por-si-en-su-consulta-popular-por-laboral-noticias-hoy/
Nadia Blel dice que congresistas del Gobierno montaron protesta frente a su casa,"La senadora y presidenta del Partido Conservador, Nadia Blel, denunció como ""acoso"" la manifestación frente a su casa en Cartagena.",04/04/2025,https://www.elespectador.com/politica/nadia-blel-denuncia-que-congresistas-del-gobierno-petro-montaron-protesta-frente-a-su-casa-en-cartagena-noticias-hoy/
Liberales proponen que pago de recargos de dominicales y festivos sea del 100 %,Este es el proyecto de ley de varios congresistas liberales que propone aumentar los recargos de dominicales y festivos.,04/04/2025,https://www.elespectador.com/politica/recargos-dominicales-y-festivos-liberales-radicaron-proyecto-de-ley-para-que-sean-del-100-reforma-laboral-de-petro/
Fue sancionada la ley que busca prevenir violencia contra las mujeres en política,"El presidente Petro y sus ministros del Interior, Justicia e Igualdad firmaron la ley de violencia política contra la mujeres.",03/04/2025,https://www.elespectador.com/politica/violencia-contra-las-mujeres-en-politica-fue-sancionada-la-ley-por-el-presidente-petro-y-sus-ministros-noticias-hoy/
Minigualdad posesionó como viceministro a polémico actor Juan Carlos Florián,"Juan Carlos Florián ya había sonado para el cargo, pero no se había posesionado tras polémica por su pasado como actor porno.",03/04/2025,https://www.elespectador.com/politica/ministerio-de-la-igualdad-posesiono-como-viceministro-a-juan-carlos-florian-polemico-por-su-pasado-como-actor-porno/
Colombia desplegó cruzada para diversificar sus socios más allá de Estados Unidos,El gobierno del presidente Petro busca esquivar los daños colaterales de los aranceles impuestos por Donald Trump. ¿De qué forma?,03/04/2025,https://www.elespectador.com/politica/petro-trump-colombia-estados-unidos-lanzan-cruzada-para-buscar-nuevos-socios-por-aranceles-noticias-hoy/
Benedetti pide a comunidades indígenas frenar “actos de vandalismo” para retomar diálogos,El ministro calificó a los indígenas que protestan en la capital y pincharon llantas de buses como “disidencias” del CRIC y las AICO.,03/04/2025,https://www.elespectador.com/politica/benedetti-pide-a-comunidades-indigenas-que-estan-en-bogota-frenar-actos-de-vandalismo-para-retomar-dialogos-con-gobierno/
Reviven debate sobre participación de Uribe como fórmula vicepresidencial para 2026,Desde el Centro Democrático se habló de la posibilidad de que el expresidente Uribe se presente como fórmula vicepresidencial para 2026.,03/04/2025,https://www.elespectador.com/politica/centro-democratico-habla-de-la-posibilidad-de-que-uribe-se-presente-como-formula-vicepresidencial-para-elecciones-2026/
Petro le abrió la puerta a incluir otros temas en la consulta popular,Petro abrió la posibilidad de incluir una pregunta relacionada con la destinación de créditos públicos y privados a la economía popular.,03/04/2025,https://www.elespectador.com/politica/petro-le-abrio-la-puerta-a-incluir-otros-temas-en-la-consulta-popular-ademas-de-los-relacionados-con-reforma-laboral/
Gobierno Petro instalará este sábado los comités para impulsar la consulta popular,El presidente Petro y sus ministros desplegarán la estrategia para impulsar el “sí” a la consulta popular por las reformas.,03/04/2025,https://www.elespectador.com/politica/consulta-popular-gobierno-petro-instalara-comites-por-el-si-este-sabado-5-de-abril-reformas-noticias-hoy/
Cuestionan que Petro anuncie compra de aviones pese a las críticas que le hizo a Duque,Desde la oposición compartieron un trino de 2021 en el que Petro tachó de irresponsable a Duque por querer comprar aviones.,06/07/2026,https://www.elespectador.com/politica/compra-aviones-suecia-oposicion-cuestiona-que-petro-anuncie-compra-de-aviones-pese-a-las-criticas-que-le-hizo-a-duque/
Comisión de Acusaciones abrió nuevo expediente contra Petro por indignidad política,"Los investigadores de Petro son Wilmer Carrillo, Gloria Arizabaleta y Carlos Cuenca, quien fue condenado por compra de votos.",03/04/2025,https://www.elespectador.com/politica/petro-comision-de-acusaciones-abrio-caso-por-indignidad-politica-contra-el-presidente-por-irregularidades-en-campana/
Estos son los 12 ponentes designados para la reforma a la salud y así votarían,"La reforma a la salud tendría seis votos asegurados para una ponencia de archivo, por lo que solo faltarían dos más para hundir el proyecto.",03/04/2025,https://www.elespectador.com/politica/reforma-a-la-salud-estos-son-los-ponentes-designados-y-asi-votarian-al-proyecto-que-busca-el-gobierno-petro/
Esta es la cirugía que se le aplicó a la oficina con más poder en la Casa de Nariño,El presidente Petro ordenó varios movimientos en el Dapre de Angie Rodríguez. El ministro de Salud es protagonista. ¿Por qué?,03/04/2025,https://www.elespectador.com/politica/petro-ajuste-a-su-circulo-de-poder-y-cirugia-al-dapre-con-benedetti-jaramillo-y-angie-rodriguez-noticias-hoy/
Estos son los integrantes de comisión que estudiará apelación de la reforma laboral,Ya se conocen los nombres de los senadores que estudiarán el recurso que busca revivir la reforma laboral que promovió el Gobierno Petro.,03/04/2025,https://www.elespectador.com/politica/reforma-laboral-estos-son-los-integrantes-de-la-comision-accidental-del-senado-para-revivir-proyecto-de-petro-noticias-hoy/
Petro anunció que comprará aviones suecos para reemplazar flota de Kfir,El presidente dijo que se trata de una flota nueva y de ultima tecnología. Anunció una compensación de Suecia.,03/04/2025,https://www.elespectador.com/politica/petro-dice-que-comprara-aviones-suecos-para-reemplazar-flota-de-kfir-saab-39-gripen-noticias-hoy/
Función Pública determinó que director de la UNP tendría que retirarse del cargo,La entidad técnica señaló que la edad de retiro forzoso para los directores de unidades administrativas especiales es 70 años.,03/04/2025,https://www.elespectador.com/politica/gobierno-petro-director-de-la-unp-tendria-que-renunciar-al-cargo-por-la-edad-de-retiro-forzoso-noticias-hoy/
Así fue la reunión de Petro en la que se confirmó compra de aviones de combate a Suecia,"El presidente Petro se reunió con la embajadora sueca, Helena Storm, y con el CEO de Saab, empresa fabricante de los aviones.",03/04/2025,https://www.elespectador.com/politica/aviones-suecos-de-saab-por-kfir-asi-fue-la-reunion-de-petro-en-la-que-se-confirmo-compra-de-flota-gripen-noticias-hoy/
