url,title,description,reason
https://actualidadpanamericana.com/farc-sorprenden-y-exigen-representante-de-emos-en-mesa-de-la-habana/,Farc sorprenden y exigen representante de emos en mesa de La Habana - Actualidad Panamericana,"Luego de ver a sus voceros enfundados en camisetas de la selección Colombia y Millonarios y Santa Fe, las Farc...",strong_political_signal
https://actualidadpanamericana.com/surge-nuevo-partido-politico-que-aspiraria-a-la-alcaldia-de-bogota/,Nuevo partido busca rescatar viejas glorias de la democracia - Actualidad Panamericana,"Es un hecho la presentación a los medios de comunicación de un nuevo partido político, cuyo objetivo inicial es entrar...",strong_political_signal
https://actualidadpanamericana.com/de-un-reality-show-saldra-el-reemplazo-de-gustavo-petro/,De un reality show saldrá el reemplazo de Gustavo Petro - Actualidad Panamericana,Esta decisión es fruto de un acuerdo sin antecedentes entre los partidos de la Unidad Nacional y el movimiento Alianza...,strong_political_signal
https://actualidadpanamericana.com/tanqueta-del-esmad-entra-a-la-universidad-nacional/,Tanqueta del ESMAD acaba de entrar a la Universidad Nacional - Actualidad Panamericana,"En un hecho histórico, en medio de una pedrea, una tanqueta del Escuadrón Movil Anti Disturbios (ESMAD) decidió entrar a...",strong_political_signal
https://actualidadpanamericana.com/union-europea-pide-a-colombianos-dejar-de-pedir-que-les-regalen-cosas/,Unión Europea pide a colombianos dejar de pedir que les regalen cosas - Actualidad Panamericana,"Kamilla Koons, directora de relaciones culturales de la Unión Europea, recomendó mediante una circular diplomática que los colombianos que viajen...",place+political_context
https://actualidadpanamericana.com/ex-presidente-uribe-abucheado-de-restaurante-por-no-dejar-propina/,Expresidente Uribe abucheado en restaurante por no dejar propina - Actualidad Panamericana,"Ayer en Soacha, Cundinamarca, después de una intensa jornada en apoyo al candidato del “Centro Democrático” el controvertido ex presidente...",strong_political_signal
https://actualidadpanamericana.com/artesanias-de-colombia-premiara-conexion-de-tm-entre-troncales-26-y-nqs/,Artesanías de Colombia premiará conexión de TM entre troncales 26 y NQS - Actualidad Panamericana,No estaba en las cuentas de nadie. La muy criticada solución que dio el Distrito a la falta de conexión...,strong_political_signal
https://actualidadpanamericana.com/revuelo-en-cartagena-por-nueva-modalidad-de-paseo-millonario/,Revuelo en Cartagena por nueva modalidad de paseo millonario - Actualidad Panamericana,"Apenas se detuvo el coche, el patrullero Cassiani notó que se sacudía. «No era normal, pero sinceramente no sospeché que...",strong_political_signal
https://actualidadpanamericana.com/ver-partidos-del-fpc-seria-castigo-alternativo-para-farc/,Ver partidos del FPC sería castigo alternativo para Farc - Actualidad Panamericana,"Es la propuesta que se viene abriendo paso en la mesa de negociación. Sus defensores la presentan como un gana-gana,...",strong_political_signal
https://actualidadpanamericana.com/hilda-strauss-a-la-alcaldia-de-bogota/,Hilda Strauss a la alcaldía de Bogotá - Actualidad Panamericana,Bajo el lema “Embellezcamos nuestra ciudad” la famosa gurú de la belleza decide lanzarse a la alcaldía de Bogotá al...,strong_political_signal
https://actualidadpanamericana.com/en-mayo-tendria-lugar-el-primer-dia-sin-tinto-en-bogota/,En mayo tendría lugar el primer día sin tinto en Bogotá - Actualidad Panamericana,"Luego de más de una década de día sin carro y retomando experiencias pasadas de días sin hombres, la Alcaldía...",strong_political_signal
https://actualidadpanamericana.com/primicia-ap-se-viene-plan-para-peatonalizar-andenes-de-bogota/,Primicia AP: Se viene plan para peatonalizar andenes de Bogotá,"En la que desde ya es considerada una iniciativa más ambiciosa que el mismo Metro de Bogotá en asuntos de movilidad, la alcaldía mayor está a punto de lanzar un audaz programa para nada menos que peatonalizar los andenes de la ciudad.",strong_political_signal
https://actualidadpanamericana.com/nuevos-buses-de-transmilenio-para-acosadores-sexuales/,Nuevos buses de Transmilenio para acosadores sexuales,el distrito ha tenido una innovadora iniciativa: poner buses morados exclusivos para agresores sexuales.,strong_political_signal
https://actualidadpanamericana.com/circuncision-sera-obligatoria-para-todos-los-colombianos/,Circuncisión será obligatoria para todos los colombianos,Una norma que desde ya levanta ampolla entre los hombres.,place+political_context
https://actualidadpanamericana.com/pazologos-preocupados-por-eventual-firma-de-acuerdo-con-las-farc/,"""Pazólogos"" preocupados por eventual firma de acuerdo con las Farc","Los llamados ""pazólogos"" entre los que se cuentan expertos en resolución de conflictos, ex comisionados de paz y ex combatientes hoy convertidos en académicos están inquietos por lo que parece un inminente acuerdo con las Farc. Les preocupa, sobre todo, su futuro laboral.",strong_political_signal
https://actualidadpanamericana.com/petro-acusa-de-persecucion-a-comite-olimpico/,Petro acusa de persecución a Comité Olímpico,"La entidad no autorizó inscripción de equipo de curling de ""Basura cero"" en Olímpicos de Sochi.",strong_political_signal
https://actualidadpanamericana.com/a-traves-de-una-tutela-petro-pida-que-se-incluya-es-complicado-en-tarjeton-de-revocatoria/,"A través de una tutela Petro pide que se incluya ""Es complicado"" en tarjetón de revocatoria","La larga novela que protagoniza el alcalde de Bogotá amaneció con un nuevo capítulo. Tras reunirse con su equipo ayer decidieron entablar una tutela para lograr incluir en el tarjetón que recibirán los ciudadanos el próximo 6 de abril la opción ""Es complicado"". Argumentan que ha sido violado el derecho fundamental a la complejidad.",strong_political_signal
https://actualidadpanamericana.com/bebes-colombianos-los-mas-feos-del-mundo/,"Bebés colombianos, los más feos del mundo","Según una encuesta mundial realizada por la marca alemana de pañales Scheißhaufen, los bebés colombianos son los menos favorecidos por la naturaleza.",place+political_context
https://actualidadpanamericana.com/restaurante-bogotano-apoya-a-venezuela-y-reemplaza-el-maduro/,Restaurante bogotano apoya a Venezuela y reemplaza el maduro,La situación en la hermana nación de Venezuela es tan grave que un afamado restaurante bogotano ha decidido apoyar a la oposición del vecino país reemplazando en el menú de todas sus sedes la palabra maduro por plátano democrático.,place+political_context
https://actualidadpanamericana.com/ultima-hora-gobierno-venezolano-exigira-visa-a-colombianos-por-ser-poco-solidarios/,Última hora: Gobierno venezolano exigirá visa a colombianos por ser poco solidarios,"En vista del apoyo profesado por la mayoría del pueblo colombiano, desde el ciudadano de a pie hasta los mismos gobernantes, a las marchas y demás manifestaciones en contra del Gobierno de Venezuela, el Presidente Maduro contempla seriamente implantar la visa a los Colombianos de manera indefinida.",strong_political_signal
https://actualidadpanamericana.com/piramide-de-gobernacion-de-cundinamarca-habria-sido-construida-por-extraterrestres/,Pirámide de Gobernación de Cundinamarca habría sido construida por extraterrestres,Pirámide de Gobernación de Cundinamarca habría sido construida por extraterrestres,strong_political_signal
https://actualidadpanamericana.com/fiesta-de-integracion-del-esmad-termina-en-disturbios/,Fiesta de integración del Esmad termina en disturbios,"Lo que parecía ser una fiesta amigable para integrar a los miembros del Escuadrón Móvil Antidisturbios, ESMAD, terminó en una gresca sin antecedentes, con un saldo lamentable de 47 heridos y más de $130.000.000 en pérdidas materiales.",strong_political_signal
https://actualidadpanamericana.com/atenas-demanda-a-bogota-por-afectacion-a-su-imagen/,Atenas demanda a Bogotá por afectación a su imagen,"Ante el tribunal de ciudades de la Corte Internacional de Justicia con sede en La Haya, la capital griega radicó ayer una particular demanda contra su similar colombiana. La acción legal pretende lograr ""acciones concretas tendientes a suprimir del habla cotidiana la denominación 'Atenas suramericana' para referirse a esta urbe' además de pedir una considerable indemnización -450 millones de dólares- por supuestos perjuicios a su imagen derivados del uso prolongado y generalizado de dicho término.",strong_political_signal
https://actualidadpanamericana.com/polemica-por-propuesta-para-crear-transmilenio-plus/,Polémica por propuesta para crear Transmilenio Plus,"En una medida que pretende encontrar soluciones audaces e innovadoras a la grave crisis que afronta el sistema de transporte masivo de la capital, las autoridades del distrito han planteado la posibilidad de ofrecer el servicio de Transmilenio Plus a usuarios que estén dispuestos a pagar un pasaje con un valor que podría duplicar el actual.",strong_political_signal
https://actualidadpanamericana.com/reemplazarian-a-secretario-de-movilidad-de-bogota-por-plataforma-waze/,Reemplazarían a Secretario de Movilidad de Bogotá por plataforma Waze,"Ante la creciente inconformidad de la ciudadanía con la congestión y la imperante necesidad de pedir la renuncia a algún funcionario (ya ha pasado más de un mes desde sin renuncias en el gabinete del alcalde Petro), algunas fuentes de la alcaldía que pidieron reserva le confirmaron a Actualidad Panamericana que el Secretario de Movilidad “no va más” y se reemplazará por el popular aplicativo Waze ™.",strong_political_signal
https://actualidadpanamericana.com/alcaldia-de-barranquilla-prohibe-disfraces-morbosos-o-que-atenten-contra-asuntos-sagrados-autoridades-y-condiciones-politicas/,"Alcaldía de Barranquilla prohíbe disfraces morbosos o que atenten contra asuntos sagrados, autoridades y condiciones políticas","A través de un decreto, la alcaldía de la capital del Atlántico prohibió este tipo de atuendos en las festividades ligadas al Carnaval de este año.",strong_political_signal
https://actualidadpanamericana.com/en-estos-dos-anos-no-ha-muerto-un-solo-oso-panda-en-bogota-gustavo-petro/,"""En estos dos años no ha muerto un solo oso panda en Bogotá"": Gustavo Petro","En un espontáneo discurso pronunciado hoy ante el lustrabotas que le daba brillo a su calzado, dos colegas suyos, el Secretario (e) de Gobierno y tres espontáneos más, el alcalde de Bogotá defendió, una vez más, su gestión.",strong_political_signal
https://actualidadpanamericana.com/gustavo-petro-viajara-a-competencia-mundial-de-improvisacion/,Gustavo Petro viajará a competencia mundial de improvisación - Actualidad Panamericana,"Se conoció que la semana entrante el alcalde de Bogotá viajará a Estados Unidos, y no precisamente a Washington, donde...",strong_political_signal
https://actualidadpanamericana.com/se-filtra-chat-de-alvaro-uribe/,Se filtra chat de Álvaro Uribe,Pero contrario a lo que muchos podrían suponer no tiene nada que ver con política. Se trata de unas preguntas que le hizo una persona interesada en comprar un caballo que el ex mandatario puso a la venta hace unas semanas en el sitio web mercadolibre.com.,strong_political_signal
https://actualidadpanamericana.com/canticuentos-regresa-a-la-escena-con-disco-oficial-del-carnaval-de-barranquilla/,Canticuentos regresa a la escena: será banda sonora oficial del Carnaval de Barranquilla,La decisión de la alcaldesa de Barranquilla Elsa Noguera de darle al Carnaval de este año un aire de corrección política sigue produciendo sorpresas.,place+political_context
https://actualidadpanamericana.com/santos-anuncia-cambio-de-bacata-por-perro-border-collie/,Santos anuncia cambio de Bacatá por perro Border Collie,"En el nutrido paquete de medidas anunciado por el presidente esta mañana para Bogotá, pasó desapercibida una disposición que seguramente generará tanto revuelo como las relativas a vivienda, venta de agua en bloque o revisión del POT. Nos referimos a la que ordena la inmediata salida de Bacatá -la carismática perrita criolla que fuera símbolo de la Bogotá Humana- y su inmediato relevo por ""can mayor de de edad, de raza pura y de suficiente reconocimiento en espacios de encuentro canino como el parque el Virrey"".",strong_political_signal
https://actualidadpanamericana.com/en-abril-organizaran-en-bogota-la-indignada-mas-grande-del-mundo/,En abril organizarán en Bogotá la indignada más grande del mundo,"En vista del auge que ha cobrado en meses recientes el acto de indignarse por cualquiera sea la razón y dado el recorrido del país en materia de récords peculiares, un grupo de jóvenes de todo el país decidió para el próximo 20 de abril organizar la ""indignada más grande del mundo"" en el parque Simón Bolívar de Bogotá.",place+political_context
https://actualidadpanamericana.com/atencion-bogotano-para-taxi-y-lo-lleva-sin-antes-preguntar-a-donde-va/,Atención: Bogotano para taxi y lo lleva sin antes preguntar a dónde va - Actualidad Panamericana,"Un hecho que, de confirmarse, puede partir en dos la historia del transporte público de la ciudad habría ocurrido esta...",place+political_context
https://actualidadpanamericana.com/santos-pierde-malpelo-en-partida-de-poker-con-ortega/,Santos pierde Malpelo en partida de póker con Ortega,"Juan Manuel Santos pierde, en partida de póker avalada por la cancillería, Isla de Malpelo.",strong_political_signal
https://actualidadpanamericana.com/policia-de-bogota-retirara-chicles-pegados-en-el-suelo/,Policía de Bogotá retirará chicles pegados en el suelo,"Rafael Pardo, Alcalde Mayor (e) de Bogotá, anunció la creación de un escuadrón especial de 150 policías que despegarán uno por uno los chicles que afean el espacio público.",place+political_context
https://actualidadpanamericana.com/la-cidh-llega-a-bogota-con-medidas-cautelares-al-alcance-de-todos/,La CIDH llega a Bogotá con medidas cautelares al alcance de todos,"La novela que terminó con la salida de Gustavo Petro de la alcaldía de Bogotá tendrá un coletazo inesperado: ante el reconocimiento que un tiempo tan breve alcanzó la Comisión Interamericana de Derechos Humanos y su facultad para dictar medidas cautelares, sus máximos jerarcas han decidido incursionar en el mercado jurídico capitalino.",strong_political_signal
https://actualidadpanamericana.com/las-farc-saldrian-en-la-proxima-pelicula-de-batman/,Las FARC saldrían en la próxima película de Batman,"Aunque el hecho se ha mantenido bajo estricta reserva, AP pudo confirmar que las FARC se levantaron de la mesa de negociación en la Habana. La razón: se enteraron de la mención que se hace del ELN en la nueva película del Capitán América: ""El soldado de invierno"", que ha recolectado 300 millones de dólares en tan solo 3 días de taquilla.",strong_political_signal
https://actualidadpanamericana.com/el-nuevo-restaurante-que-causa-furor-en-el-jet-set-bogotano/,El nuevo restaurante que causa furor en el jet set bogotano,"Se llama ""La cocinería"" (algunos que no conocen París lo pronuncian la Cocineguí), está ubicado en la Zona T y funciona bajo el innovador concepto traído directamente desde Brooklyn de do it all yourself, and just pay (hágalo todo usted mismo, sólo páguenos).",place+political_context
https://actualidadpanamericana.com/procuraduria-quiere-demoler-moteles/,Procuraduría quiere demoler moteles,"Inspirados en la estrategia del Gobierno Nacional contra las ""ollas"", altos funcionarios del ente disciplinario quieren proceder de igual forma contra estos ""nidos de amor"".",strong_political_signal
https://actualidadpanamericana.com/urbanizador-pirata-colombiano-intento-lotear-y-vender-machu-picchu/,Urbanizador pirata colombiano intentó lotear y vender Machu Picchu,"Una sorpresa se han llevado los turistas que en esta semana santa visitan este lugar, patrimonio histórico de la humanidad. Se trata de un aviso en el que se advierte que el terreno que ocupan las impresionantes ruinas no se vende, al mejor estilo de los que se pueden observar en lotes urbanos y rurales cercanos a las principales ciudades de Colombia.",place+political_context
https://actualidadpanamericana.com/colombianos-con-visa-schengen-reunen-firmas-para-que-no-la-quiten/,Colombianos con visa Schengen siguen reuniendo firmas para que no la quiten,"En una iniciativa que tiene a más de uno sorprendido, un grupo de bogotanos poseedores de visa Schengen vigente ha decidido reunir firmas para que este requisito para ingresar a 25 países de la Unión Europea no se levante tal y como se anunció recientemente.",place+political_context
https://actualidadpanamericana.com/petrista-asiste-por-error-a-reunion-de-uribistas-y-se-siente-en-su-salsa/,Petrista asiste por error a reunión de uribistas y se siente en su salsa,"Ocurrió ayer en Palmira y el episodio tiene molestas a ambas colectividades. Un reconocido líder del movimiento Progresistas fundado y dirigido por el, por ahora, ex alcalde de Bogotá Gustavo Petro ingresó a una reunión de la plana mayor del Centro Democrático del Valle del Cauca, permaneció durante todo el desarrollo de la misma y salió sin que nadie, ni el protagonista ni los demás asistentes cayeran en cuenta de que había alguien en ""el lugar equivocado"" citando a la conocida campaña de la entidad bancaria.",strong_political_signal
https://actualidadpanamericana.com/sorpresa-novela-de-petro-y-procurador-era-una-obra-de-teatro/,Sorpresa: Novela de Petro y Procurador era una obra de teatro,"Aunque algunos pocos suspicaces lo sospechaban, gran sorpresa ha causado el anuncio que acaba de hacer Ana Marta Pizarro según el cual todo el drama vivido por Bogotá en el último año por cuenta de la pugna entre su alcalde, Gustavo Petro, y el procurador, Alejandro Ordóñez, no era sino una obra de teatro de vanguardia y gratuita con la que el Festival quería premiar la fidelidad de los bogotanos en las 14 ediciones que ha tenido el evento.",strong_political_signal
https://actualidadpanamericana.com/nueva-aplicacion-permite-saber-en-tiempo-real-quien-es-el-alcalde-de-bogota/,Nueva aplicación permite saber en tiempo real quién es el alcalde de Bogotá,Los constantes cambios de inquilino en el Palació Liévano tienen desconcertados a los bogotanos. La mayoría de los habitantes de la ciudad no saben quién es su alcalde. Conscientes de esta situación dos emprendedores paisas acaban de lanzar una aplicación disponible en iOS y Android que permite saber quién tiene las riendas de la capital en el momento de consultarla.,strong_political_signal
https://actualidadpanamericana.com/para-que-le-paguen-dias-que-duro-fuera-del-cargo-petro-alista-demanda/,"Para que le paguen días que duró fuera del cargo, Petro alista demanda","El restituido Alcalde de Mayor Bogotá, Gustavo Petro, decidió instaurar una nueva demanda contra el Estado de Colombia y Procurador ante la CIDH.",strong_political_signal
https://actualidadpanamericana.com/a-orinada-de-oso-de-anteojos-atribuyen-corte-de-agua-en-bogota/,A orinada de oso de anteojos atribuyen corte de agua en Bogotá,"tras el restablecimiento del servicio de agua en mas de 6 localidades de bogotá este jueves, se supo que la causa original del incidente fué un oso de anteojos que orinó en la represa de Chingaza, principal fuente del vital líquido que abastece al área metropolitana de Bogotá.",place+political_context
https://actualidadpanamericana.com/eln-desmiente-participacion-en-nueva-pelicula-de-capitan-america/,ELN desmiente participación en nueva película de Capitán América,"Por medio de un comunicado a la opinión pública, los cabecillas guerrilleros negaron su participación en ”Capitán América 2, Soldado de Invierno”, en la que son mencionados como el grupo terrorista que entrenó a los villanos de la película.",strong_political_signal
https://actualidadpanamericana.com/gobierno-denuncia-plan-para-refundar-petrogrado-en-bogota/,Gobierno denuncia plan para refundar Petrogrado en Bogotá,Fuentes de la Policía Nacional han develado un escabroso plan con el que el presidente Vladimir Putin querría intervenir en la política colombiana continuando así con sus planes para recrear la unión soviética.,strong_political_signal
https://actualidadpanamericana.com/consultoria-suiza-recomienda-fomentar-trancones-en-bogota/,Consultoría suiza recomienda fomentar trancones en Bogotá,"Una asesoría contratada por la Secretaría de Movilidad a la prestigiosa firma consultora suiza De Puig-Arnoix y cuyos contenidos que serán revelados mañana pudo conocer AP incluye entre sus principales recomendaciones ""emprender acciones con el fin de estimular la congestión vehicular en Bogotá, de tal forma que el tiempo promedio de desplazamiento para cualquier ciudadano se duplique o, idealmente, triplique"".",place+political_context
https://actualidadpanamericana.com/academia-de-la-lengua-alista-millonaria-multa-a-colombia-por-uso-del-verbo-aperturar/,"Academia de la lengua alista millonaria multa a Colombia por uso del verbo ""aperturar""","Será de 10 millones de euros y lo hace apoyada en un decreto de 1895 todavía vigente y expedido durante el gobierno del filólogo Miguel Antonio Caro que le da competencia a esta institución para ""salvaguardar el buen semblante del idioma castellano en el país"".",place+political_context
https://actualidadpanamericana.com/personaje-pablito-de-padres-e-hijos-estaria-basado-en-adolescencia-de-francisco-santos/,Personaje Pablito de Padres e hijos estaría basado en adolescencia de Francisco Santos,"La información, todavía sin confirmar, la dio a conocer ayer una conocida revista del corazón en su portal Web. De acuerdo con lo que alcanzó a trascender, el equipo de investigación del presentador Guillermo Prieto La Rotta, más conocido como “Pirry”, sería el responsable de esta sorprendente revelación que según muchos analistas cambiaría el panorama del ajedrez político del país.",strong_political_signal
https://actualidadpanamericana.com/santos-lanzo-hoy-el-diainternacionaldelsubempleo/,Santos lanzó hoy el #DíaInternacionaldelSubempleo,"juanmanuel Ante las críticas y marchas de trabajadores y sindicatos que tuvieron lugar el pasado primero de mayo, Día Internacional del Trabajo, el presidente Juan Manuel Santos, como parte de su multicolor campaña a la presidencia, anunció uno de sus ya conocidos planes de choque: instaurar el 3 de mayo como el #DíaInternacionalDelSubEmpleo (fuentes de Palacio nos indican que se debe usar pegado y con el numeral porque la campaña es un tag que esperan volver tendencia al final de este fin de semana, para los usuarios de redes sociales).",strong_political_signal
https://actualidadpanamericana.com/el-correo-picante-interceptado-a-las-farc/,El correo picante interceptado a las Farc,"Al parecer no todo es confort para los negociadores de las Farc en La Habana, Cuba según se puede deducir del contenido de uno de los correos entre los negociadores de esta organización y su comandantes que habría logrado obtener el hacker detenido ayer, Andrés Sepúlveda.",strong_political_signal
https://actualidadpanamericana.com/cartagena-cambiaria-de-nombre/,Cartagena cambiaría de nombre,En el Concejo de esta ciudad avanza un proyecto de acuerdo para que la capital de Bolívar abandone el nombre que ha tenido desde hace más de cinco siglos.,strong_political_signal
https://actualidadpanamericana.com/gustavo-petro-anuncia-que-desacata-a-la-dimayor-y-organizara-final-bogotana-por-su-cuenta/,Gustavo Petro anuncia que desacata a la Dimayor y organizará final bogotana por su cuenta,El presunto alcalde mayor de Bogotá acaba de anunciar que desconoce los resultados que este domingo dejaron eliminados de la gran final del fútbol colombiano a los equipos capitalinos Millonarios y Santa Fe.,strong_political_signal
https://actualidadpanamericana.com/jugadores-de-defensores-sporting-regresaron-a-medellin-para-terminar-la-celebracion/,Jugadores de Defensor Sporting regresaron a Medellín para terminar la celebración,"Fuentes cercanas al equipo uruguayo confirmaron que al terminar el partido contra Nacional por la tercera fase de la Copa Bridgestone Libertadores los jugadores recibieron una ""ancheta ganadora"" por parte de las directivas. En ella había tiquetes a Medellín para los 23 integrantes del plantel ida y vuelta, estadía en la ciudad, un vale para “Fiesta” por un valor no revelado aun y un sobre de Alka Seltzer.",place+political_context
https://actualidadpanamericana.com/llamado-de-uribe-a-seguidores-para-reunirse-en-finca-de-cordoba-en-caso-de-derrota-prende-alarmas/,Llamado de Uribe a seguidores para reunirse en finca de Córdoba en caso de derrota prende alarmas,"Preocupadas están las autoridades ante el llamado que ha circulado entre los miembros del Centro Democrático para acudir en masa a la casa campestre de su máximo líder, el senador Álvaro Uribe Vélez, en caso de una eventual derrota en los comicios presidenciales que se avecinan.",strong_political_signal
https://actualidadpanamericana.com/uribe-propone-eliminar-el-domingo-y-dormir-6-horas/,Uribe propone eliminar el domingo y dormir 6 horas,Álvaro Uribe propuso modificar la semana eliminando el domingo y así mismo reducir la jornada de sueño a sólo 6 horas. Esto para aumentar la productividad del país.,strong_political_signal
https://actualidadpanamericana.com/juan-manuel-santos-asegura-que-si-hay-paz-se-acabaran-cantaletas-de-las-mujeres/,"Juan Manuel Santos asegura que si hay paz, se acabarán cantaletas de las mujeres","En la recta final de una campaña que, contra todos los pronósticos, ha resultado muy reñida, el candidato-presidente sorprendió esta mañana con esta promesa.",strong_political_signal
https://actualidadpanamericana.com/pacho-santos-hara-el-papel-de-madre-laura-en-telenovela/,"""Pacho"" Santos hará el papel de madre Laura en telenovela","El célebre ex-vicepresidente y ahora miembro de la campaña de Oscar Ivan Zuluaga, Francisco Santos fué seleccionado por Caracol para protagonizar la próxima telenovela basada en la vida de la madre Laura, la primera santa colombiana.",strong_political_signal
https://actualidadpanamericana.com/presidente-santos-recibe-pastelazo-en-tunja/,Presidente Santos recibe pastelazo en Tunja,"Durante su visita a Tunja, y luego de pronunciarse frente a un grupo de campesinos sobre el pacto agrario, el presidente Juan Manuel Santos recibió un pastelazo en la cara.",strong_political_signal
https://actualidadpanamericana.com/por-laringitis-de-alvaro-uribe-zuluaga-no-dara-mas-entrevistas/,"Por laringitis de Álvaro Uribe, Zuluaga no dará más entrevistas","Una laringitis aguda tiene sin voz al ex presidente Uribe, por lo que Óscar Iván Zuluaga acaba de cancelar todas las entrevistas programadas y su participación en debates.",strong_political_signal
https://actualidadpanamericana.com/para-congraciarse-con-elites-santos-propone-circunscripcion-electoral-para-mesa-de-yeguas-y-penalisa/,"Para congraciarse con élites, Santos propone circunscripción electoral para Mesa de Yeguas y Peñalisa","En una salida que sus críticos han calificado como desesperada y dictada desde Moscú, el presidente candidato habló ayer en una reunión privada -la ley prohíbe manifestaciones públicas una semana antes de los comicios- de crear una circunscripción electoral especial para estas dos urbanizaciones ubicadas en Cundinamarca, conocidas por ser lugar de esparcimiento de las familias más prestantes de la capital y del país.",strong_political_signal
https://actualidadpanamericana.com/ultima-hora-colombia-no-podria-seguir-avanzando-en-el-mundial/,ÚLTIMA HORA: Colombia no podría seguir avanzando en el Mundial,El Ministerio de Salud advierte por medio de comunicado de prensa sobre la alarmante escasez de reservas de sangre en el país.,place+political_context
https://actualidadpanamericana.com/registraduria-garantiza-plato-de-caldo-de-costilla-para-cada-votante/,Registraduría garantiza plato de caldo de costilla mañana para cada votante - Actualidad Panamericana,"La medida acaba de ser tomada en la sala de crisis del ente electoral. «Aunque lo acabamos de decidir, ya...",strong_political_signal
https://actualidadpanamericana.com/medidas-de-la-alcaldia-de-bogota-para-el-partido-colombia-uruguay-este-sabado/,Medidas de la Alcaldía de Bogotá para el partido Colombia-Uruguay este sábado,La Alcaldía Mayor de Bogotá dio a conocer las medidas que tomará con motivo del partido que disputará la selección Colombia por los octavos de final de la Copa Mundo este sábado a las 3:00 pm. A continuación el listado:,strong_political_signal
https://actualidadpanamericana.com/atencion-mujeres-santos-propone-dos-periodos-menos-cada-ano/,Atención mujeres: Santos propone dos períodos menos cada año,El candidato-presidente sorprendió ayer con una inusual propuesta presentada durante el acto de cierre de campaña en Bogotá y que ha sido opacada por los escándalos de los últimos días.,strong_political_signal
https://actualidadpanamericana.com/antanas-mockus-propone-no-transmitir-colombia-uruguay-si-hay-muertos-en-celebracion/,Antanas Mockus propone no transmitir Colombia-Uruguay si hay muertos en celebración,"El exalcalde de Bogotá y experto mundial en cultura ciudadana lanzó hoy esta provocadora propuesta.""Me parece un gran ejercicio pedagógico. Si no es con factores represivos, es decir, un poco de garrote, es difícil que cale la zanahoria. La idea es que la gente celebre hoy sabiendo que cualquier exceso tiene un costo muy alto para todos los integrantes de la sociedad, un castigo que duela, como dirían los papás y qué más doloroso que no poder ver el partido contra Uruguay"".",strong_political_signal
https://actualidadpanamericana.com/polemico-pedido-de-la-fifa-a-colombia-para-que-cambie-celebracion-de-goles/,Polémico pedido de la FIFA a Colombia para que cambie celebración de goles,"A través de uno de los integrantes de su Comité Ejecutivo el ente rector del fútbol mundial le acaba de comunicar a Luis Bedoya, presidente de la Federación Colombiana de Fútbol, su ""profunda inquietud"" por la manera como los jugadores de su selección han decidido celebrar los goles.",place+political_context
https://actualidadpanamericana.com/forros-para-espejos-con-bandera-de-colombia-la-sensacion-en-monaco/,"Forros para espejos con bandera de Colombia, la sensación en Mónaco","Los vistosos forros para espejos con los colores de Colombia, tan comunes por estos días, han llegado hasta el principado de Mónaco, donde los famosos y millonarios adornan sus Lamborghinis, Ferraris y Rolls Royce con los colores de la bandera.",place+political_context
https://actualidadpanamericana.com/escandalo-por-supuestos-pagos-desde-colombia-a-pele-para-que-haga-pronostico-a-favor-de-uruguay/,Escándalo por supuestos pagos desde Colombia a Pelé para que haga pronóstico a favor de Uruguay,"El diario uruguayo ""El meridiano"" denunció hoy que el astro del fútbol habría recibido ""extraños giros"" provenientes de un banco colombiano que tendrían como fin seducirlo para que emitiera un pronóstico favorable a los charrúas en la víspera del partido que por los octavos de final de la Copa Mundo disputarán mañana cafeteros y uruguayos.",place+political_context
https://actualidadpanamericana.com/indignacion-con-modelo-francesa-por-decir-que-hombres-colombianos-roncan-mucho/,Indignación con modelo francesa por decir que hombres colombianos roncan mucho,"Una auténtica ola de rechazo, ira y resquemor se ha levantado hoy contra la cotizada modelo francesa Brigitte Shörden. Todo porque en una entrevista concedida a Paris Match, la hoy por hoy reina de las pasarelas parisinas ante la pregunta de cuál era su favorito en el Mundial respondió ""Colombia, sin duda, es un país fantástico, lástima, eso sí, que sus hombres ronquen tan fuerte"".",place+political_context
https://actualidadpanamericana.com/a-cambio-de-ley-seca-alcaldia-de-bogota-permitira-consumo-libre-de-drogas-manana-2/,"A cambio de ley seca, alcaldía de Bogotá permitirá consumo libre de drogas mañana","En una decisión que sin lugar a dudas generará polémica, el Distrito acaba de anunciar que con motivo del partido entre Colombia y Japón que tendrá lugar mañana durante 24 horas no habrá control sobre el consumo de algunas sustancias psicoactivas al tiempo que mantiene la veda sobre la venta y consumo de licor.",strong_political_signal
https://actualidadpanamericana.com/artista-bogotano-abre-huecos-en-las-calles-como-forma-de-arte/,Artista bogotano abre huecos en las calles como forma de arte.,"Armado tan sólo de una pica y una pala, el artista plástico Alfredo Braun se dedica a abrir huecos en las calles bogotanas para hacer su arte. Sus obras han causado la indignación de ciudadanos que lo han visto romper vias en buen estado",strong_political_signal
https://actualidadpanamericana.com/uribe-arremete-contra-el-cocosette/,Uribe arremete contra el Cocosette,"En una sorpresiva salida el ex presidente colombiano arremetió hoy desde su cuenta de twitter contra la popular golosina, insignia de Venezuela.",strong_political_signal
https://actualidadpanamericana.com/farc-llevan-a-cabo-encuesta-great-place-to-work-en-sus-frentes/,"Farc llevan a cabo encuesta ""Great place to work"" en sus frentes","Extrañeza ha causado en la inteligencia militar el material encontrado en un campamento de las Farc en zona rural de Planadas, Tolima. Y es que en lugar de municiones, propaganda o víveres, hallaron papelería de la consultora internacional ""Great place to work"" la misma a la que recurren miles de empresas en todo el mundo para medir qué tan satisfechos están sus empleados con el clima laboral.",strong_political_signal
https://actualidadpanamericana.com/ultima-hora-petro-le-declara-la-guerra-a-israel/,ÚLTIMA HORA: Petro le declara la guerra a Israel,"En respuesta al comunicado de la embajada de este país en el que le solicita mayor rigor en su manejo de redes sociales y una verificación más precisa de las imágenes que publica, el Alcalde Mayor de Bogotá respondió de una manera inesperada: nada menos que declarándole la guerra al Estado de Israel.",strong_political_signal
https://actualidadpanamericana.com/uribe-lamenta-que-dios-ahora-sea-castrochavista/,Uribe lamenta que Dios ahora sea castrochavista,"""Qué tristeza ese Dios, antes severo y vengativo, como debe ser, qué blandengue se ha vuelto, entregado a las mieles del castrochavismo"", con este trino el expresidente sorprendió a sus miles de seguidores esta mañana, muchos de ellos católicos apostólicos.",strong_political_signal
https://actualidadpanamericana.com/petro-se-atribuye-premio-al-fair-play-que-gano-la-seleccion/,Petro se atribuye premio al Fair Play que ganó la selección,"Los colombianos no podríamos estar más orgullosos de nuestra selección. Una clasificación a cuartos de final de una Copa del Mundo,...",strong_political_signal
https://actualidadpanamericana.com/primicia-andres-felipe-arias-esta-en-colombia/,Primicia: Andrés Felipe Arias está en Colombia,"El exministro de Agricultura de Álvaro Uribe, Andrés Felipe Arias, no se habría ido a los Estados Unidos para evadir al justicia que lo solicita por el caso de Agro Ingreso Seguro. Vecinos del sector de la calle 85 con carrera 15, afirman haber visto a Arias atrapado en un carro, siendo víctima de un trancón bogotano.",strong_political_signal
https://actualidadpanamericana.com/petro-prohibe-platos-famosos-y-traiciones/,"Petro prohíbe platos, famosos y traiciones","Tras observar el video de la pelea que protagonizaron en un restaurante brasileño miembros de la farándula colombiana, el alcalde de Bogotá amplió la lista de prohibiciones con motivo del partido de mañana entre Colombia y Brasil por los cuartos de final de la Copa Mundo.",strong_political_signal
https://actualidadpanamericana.com/ballenas-jorobadas-no-vendran-este-ano-a-colombia-en-protesta-por-apoyo-a-israel/,Ballenas jorobadas no vendrán este año a Colombia en protesta por apoyo a Israel,La tradicional visita de las ballenas jorobadas al pacífico colombiano durante mitad de año fué cancelada como una medida de presión al gobierno nacional por su apoyo irrestricto al estado de Israel en medio de la fuerte represión a los territorios ocupados.,strong_political_signal
https://actualidadpanamericana.com/santos-crea-cuatro-nuevos-ministerios/,Santos crea cuatro nuevos ministerios,La Casa de Nariño acaba de anunciar la creación de cuatro nuevos ministerios para regir la política en sectores clave del país que hoy por hoy necesitan una entidad del ejecutivo capaz de darles un rumbo.,strong_political_signal
https://actualidadpanamericana.com/el-primer-encuentro-entre-uribe-y-cepeda-en-el-congreso/,El primer encuentro entre Uribe y Cepeda en el Congreso,"Contrario a lo que muchos esperaban el primer contacto entre ambos líderes políticos no estuvo marcado por la confrontación. De hecho, tuvo un ingrediente anecdótico.",strong_political_signal
https://actualidadpanamericana.com/farc-se-levantan-de-la-mesa-tras-propuesta-de-convertir-sus-fusiles-en-escopetarras/,Farc se levantan de la mesa tras propuesta de convertir sus fusiles en escopetarras,Un inesperado obstáculo ha surgido en la mesa de negociación entre el Gobierno y las Farc en La Habana.,strong_political_signal
https://actualidadpanamericana.com/uribe-se-retracta-tras-curioso-error-en-twitter/,Uribe se retracta tras curioso error en Twitter - Actualidad Panamericana,Un llamativo episodio ocurrió esta mañana con la cuenta de Twitter del ex presidente Álvaro Uribe como protagonista.  Todo comenzó a eso de las 6:00 am cuando el ex mandatario trinó:,strong_political_signal
https://actualidadpanamericana.com/conductores-de-transmilenio-venderan-minutos-a-celular/,Conductores de Transmilenio venderán minutos a celular,"La iniciativa, que el mismo alcalde Gustavo Petro calificó como ""un paso más en innovación y promoción de la economía informal"", comenzará a implementarse a partir del próximo primero de agosto. Con ella se pretende darle a los conductores la posibilidad de un ingreso adicional y a los usuarios una alternativa segura de conectividad dada la imposibilidad de utilizar los teléfonos propios ante la inseguridad rampante en el sistema.",strong_political_signal
https://actualidadpanamericana.com/santos-bailara-el-ras-tas-paz-en-la-posesion/,"Santos bailará el ""Ras tas paz"" en la posesión - Actualidad Panamericana","No será el ""Ras tas tas"", sino el ""Ras tas paz"", una variación del mismo denominada ""Ras tas paz"", pensada para promover el actual proceso con las Farc de una manera lúdica y divertida, sobre todo entre los más jóvenes.",strong_political_signal
https://actualidadpanamericana.com/por-alocucion-de-santos-con-camiseta-de-seleccion-onu-sancionara-a-colombia/,Por alocución de Santos con camiseta de selección ONU sancionará a Colombia,La sorpresiva intervención de Juan Manuel Santos el sábado en la noche ataviado con la camiseta de la Selección Colombia puede salirle costosa al país.,strong_political_signal
https://actualidadpanamericana.com/rae-acepta-verbo-emburundangar-colombia-protestara/,"RAE acepta verbo ""emburundangar"", Colombia protestará","En el diccionario online disponible en el sitio web de la Real Academia ya se puede consultar el significado de este verbo con origen en el hampa colombiana, que ha popularizado e incluso internacionalizado el uso de esta sustancia soporífera. La decisión de incluirlo data del pasado mes de junio pero solo hasta hoy se hizo pública mediante la inclusión del término en el mencionado diccionario como un adelanto de la vigésimo tercera edición a publicarse en 2016.",strong_political_signal
https://actualidadpanamericana.com/petro-afirma-que-tregua-en-gaza-fue-gracias-a-sus-tuits/,Petro afirma que tregua en Gaza fue gracias a sus tuits - Actualidad Panamericana,"«Gustavo Petro se ha convertido en un referente planetario de relaciones internacionales más humanas». Con este tuit, entre otros, Gustavo...",strong_political_signal
https://actualidadpanamericana.com/sorpresa-santos-lucira-hoy-banda-presidencial-adidas/,Sorpresa: Santos lucirá hoy banda presidencial Adidas,"Un otrosí en el contrato que tiene esta empresa con la Federación Colombiana de Fútbol, acordado al terminar el partido de la selección contra Uruguay en un palco del Maracaná con Santos presente y varios grados de licor en el ambiente permitió que Adidas vista a presidente.",strong_political_signal
https://actualidadpanamericana.com/centro-democratico-radica-proyecto-para-que-catedra-uribista-sea-obligatoria-en-colegios/,"Centro Democrático radica proyecto para que ""Cátedra uribista"" sea obligatoria en colegios",La bancada uribista presentará esta semana el primer proyecto de ley de la nueva legislatura. Se trata de la implementación de la llamada “Cátedra uribista” en todos los colegios públicos del país.,strong_political_signal
https://actualidadpanamericana.com/debate-cepeda-uribe-desata-feroz-puja-por-los-derechos-de-transmision/,Debate Cepeda-Uribe desata feroz puja por los derechos de transmisión,Una guerra comercial sin precedentes en Colombia está a punto de reventar luego de que la comisión segunda del Senado diera luz verde al debate por parapolítica propuesto por el Senador Iván Cepeda al Expresidente y también Senador Álvaro Uribe.,strong_political_signal
https://actualidadpanamericana.com/desde-octubre-pico-y-placa-para-perros-en-bogota/,"Desde octubre, pico y placa para perros en Bogotá",polémica entre dueños de mascotas ha desatado la nueva norma de la secretaría de hábitat del distrito que instaura el pico y placa para perros en Bogotá,strong_political_signal
https://actualidadpanamericana.com/voceros-de-las-farc-propinan-humillante-derrota-a-los-del-gobierno-en-juego-de-paintball/,Voceros de las Farc propinan humillante derrota a los del gobierno en juego de Paintball,La actividad fue programada por los países acompañantes para distensionar el ambiente de la mesa.,strong_political_signal
https://actualidadpanamericana.com/nuevo-restaurante-en-la-zona-t-ofrece-comida-exotica-del-sur-de-bogota/,Nuevo restaurante en la zona G ofrece comida exótica del Sur (de Bogotá),Ofrece platos de esta parte de la ciudad con presentación especial para clientes gourmet.,strong_political_signal
https://actualidadpanamericana.com/santos-se-sorprende-al-enterarse-de-que-mas-alla-de-anapoima-sigue-siendo-colombia/,Santos se sorprende al enterarse de que más allá de Anapoima sigue siendo Colombia - Actualidad Panamericana,"Ocurrió el viernes en la mañana en el consejo de ministros, cuando la Ministra de Transporte se refirió a la...",strong_political_signal
https://actualidadpanamericana.com/si-hay-paz-dejo-traer-el-iphone-6-santos/,Si no hay paz no dejo traer el iPhone 7: Santos,Agradeció al profesor Mockus por la idea. Hasta que no se firme el acuerdo en La Habana no autorizará importación.,strong_political_signal
https://actualidadpanamericana.com/misteriosas-marcas-aparecen-en-cultivos-del-tolima/,Misterioso escudo del Alianza Llanos aparece en el Tolima,"El municipio de El Espinal nuevamente es noticia, esta vez por la misteriosa aparición de un escudo que ufólogos han identificado como del Alianza Llanos.",place+political_context
https://actualidadpanamericana.com/uribe-deja-sin-trabajo-jefe-de-prensa-de-las-farc/,Uribe deja sin trabajo a jefe de prensa de las Farc,"Se trata de Zabulón Hernández, miembro de la delegación de las Farc en Cuba y que hasta ayer se desempeñó como jefe de prensa de esta organización subversiva. Hoy culpa al ex mandatario de la decisión tomada por el Secretariado de retirarlo de su cargo.",strong_political_signal
https://actualidadpanamericana.com/pekerman-quiere-que-el-proximo-presidente-de-colombia-sea-extranjero/,Pékerman quiere que el próximo presidente de Colombia sea extranjero,"En medio de la calurosa bienvenida a la Selección Colombia, el técnico argentino Néstor Pékerman dejó escapar el comentario político de la semana. Ataviado con las gafas tricolor, comentó a un periodista: “A Colombia le vendría bien un presidente extranjero en 2018. Es la renovación que este país necesita”.",strong_political_signal
https://actualidadpanamericana.com/farc-sugirieron-incluir-al-profesor-super-o-entre-los-doce-intelectuales/,Farc sugirieron incluir al profesor Súper O entre los doce intelectuales - Actualidad Panamericana,Un momento embarazoso se vivió la semana pasada en La Habana cuando se discutía la conformación del grupo de 12...,strong_political_signal
https://actualidadpanamericana.com/olor-orines-del-centro-de-bogota-seria-medicinal-revela-estudio/,"[VIDEO] Olor a orines del centro de Bogotá sería medicinal, revela estudio",Esto concluye un estudio de la Secretaría de Salud que acaba de revelarse. Habrá política distrital de micción.,place+political_context
https://actualidadpanamericana.com/gente-linda-de-bogota-dividida-en-votacion-simbolica-de-referendo-escoces/,Gente linda de Bogotá dividida en votación simbólica de referendo escocés - Actualidad Panamericana,Largas filas y un ambiente tenso se registran a esta hora en el centro comercial El Retiro donde decenas de...,strong_political_signal
https://actualidadpanamericana.com/para-que-les-paren-bolas-congresistas-desconocidos-se-estarian-inventando-nexos-con-farc-y-auc/,"Para que les paren bolas, congresistas desconocidos se estarían inventando nexos con FARC y AUC - Actualidad Panamericana",Sería una estrategia para que la prensa les pare bolas. Sus propios equipos de prensa estarían filtrando pruebas que demostrarían los nexos.,strong_political_signal
https://actualidadpanamericana.com/sorpresivo-cambio-en-el-monumento-a-americo-vespucio-en-bogota/,Sorpresivo cambio en el monumento a Américo Vespucio en Bogotá,"Miles de bogotanos que a diario utilizan la carrera séptima quedaron sorprendidos esta mañana al percatarse de que en el tradicional monumento a Américo Vespucio, a la altura de la calle 96, ya no estaba la estatua del explorador y cartógrafo y en su reemplazo había una del alcalde Gustavo Petro.",strong_political_signal
https://actualidadpanamericana.com/abandonan-obras-del-tunel-de-la-linea-tras-encontrar-enterrada-guaca-de-las-farc/,Abandonan túnel de La Línea tras encontrar guaca de las FARC,"Completamente abandonadas lucen hoy las obras del túnel de la línea, pero no por falta de licencias ambientales o por...",strong_political_signal
https://actualidadpanamericana.com/bancada-uribista-se-equivoca-y-vota-por-cuidar-el-medio-ambiente/,Bancada uribista se equivoca y vota por cuidar el medio ambiente,"El corazón grande parece haberle ganado a la mano firme en la bancada del Centro Democrático, tras conocerse que por equivocación...",strong_political_signal
https://actualidadpanamericana.com/se-disparan-enfermedades-de-transmision-sexual-en-el-pais-procuraduria-pide-prohibir-tinder/,Se disparan enfermedades de transmisión sexual en el país: Procuraduría pide prohibir Tinder,Una preocupante estadística acaba de revelar el Instituto Nacional de Salud y tiene que ver con un inesperado aumento en los casos de enfermedades de transmisión sexual (ETS) en el país.,strong_political_signal
https://actualidadpanamericana.com/llega-container-de-ibuprofeno-con-el-que-eps-haran-frente-al-ebola-en-colombia/,Llega contáiner de Ibuprofeno con el que EPS harán frente al Ébola en Colombia,"""Ya con estas existencias de Ibuprofeno respiramos aliviados, no hay de qué preocuparse, ese es el mensaje que le queremos dar hoy al pueblo colombiano"".",strong_political_signal
https://actualidadpanamericana.com/dovladdo-el-iphone-para-colombia-cuya-imagen-es-vladdo/,"Dovladdo, el iPhone para Colombia cuya imagen es Vladdo","El nuevo iphone 6 famoso por doblarse bajo presion, tiene una edición especial para Colombia cuya imagen será el popular caricaturista Vladdo.",place+political_context
https://actualidadpanamericana.com/santos-regresa-de-europa-y-encuentra-bogota-muy-cambiada/,"Santos regresa de Europa y encuentra a Bogotá ""muy cambiada""",Una anécdota dejó el regreso del presidente Juan Manuel Santos de su larga travesía europea.,strong_political_signal
https://actualidadpanamericana.com/organizacion-mundial-del-empleo-temporal-otorga-premio-gustavo-petro/,Organización Mundial del Empleo Temporal otorga premio a Gustavo Petro,De esta manera la importante entidad le da un espaldarazo a la política de rotación en altos cargos implementada contra viento y marea por Gustavo Petro.,strong_political_signal
https://actualidadpanamericana.com/centro-historico-de-cartagena-seria-entregado-en-concesion-disney/,Centro histórico de Cartagena sería entregado en concesión a Disney,"La idea es desarrollar un parque temático bajo un nuevo concepto que combina entretenimiento, historia y mucho sabor local.",strong_political_signal
https://actualidadpanamericana.com/presentan-en-cartagena-la-ong-hijos-del-congreso-de-publicidad/,"Presentan en Cartagena la ONG ""Hijos del congreso de publicidad""",Reúne a menores frutos de los excesos de los participantes en las 18 ediciones que ha tenido el popular y etílico evento.,strong_political_signal
https://actualidadpanamericana.com/uribe-recibe-invitacion-de-linkedin-de-santos-y-rompe-en-colera/,Uribe recibe invitación de Linkedin de Santos y rompe en cólera,Santos decidió hacer presencia en esta exclusiva red social y por error invitó a todos sus contactos.,strong_political_signal
https://actualidadpanamericana.com/ya-ruedan-en-bogota-los-primeros-carros-con-pito-permanente/,Ya ruedan en Bogotá los primeros carros con pito permanente,La Secretaría de Movilidad anunció con beneplácito que los primeros automóviles con pito permanente ya ruedan por las calles de...,place+political_context
https://actualidadpanamericana.com/petro-impone-nueva-multa/,Polémica medida para financiar Metro de Bogotá,"Una sorprendente medida para financiar la primera línea del metro acaba de anunciar el alcalde de Bogotá, Gustavo Petro. Se...",strong_political_signal
https://actualidadpanamericana.com/campana-busca-que-cartel-de-medellin-sea-llamado-cartel-del-viejo-medellin/,"Campaña busca que Cartel de Medellín sea llamado ""Cartel del viejo Medellín""","Esta es la punta de lanza de una campaña lanzada hoy por las autoridades y el sector privado de Medellín ""para dejar definitivamente atrás un pasado oscuro"".",place+political_context
https://actualidadpanamericana.com/funcionarios-distritales-admiten-que-transmilenio-era-un-reality/,Funcionarios distritales admiten que TransMilenio era un reality,"El experimento se mantendrá en ""estado crisis"" por varios años más.",strong_political_signal
https://actualidadpanamericana.com/por-mensaje-de-texto-colombianos-escogeran-si-quieren-metro-o-paz/,Por mensajes de texto colombianos escogerán si quieren Metro de Bogotá o Paz,Esto decidió el Gobierno ante la imposibilidad de financiar megaobra y posconflicto al mismo tiempo.,strong_political_signal
https://actualidadpanamericana.com/segun-el-dane-colombia-ya-es-el-pais-con-menos-desocupados-del-planeta/,Según el DANE Colombia ya es el país con menos desocupados del planeta,El nivel de ocupación de los colombianos ya alcanza el 99%.,strong_political_signal
https://actualidadpanamericana.com/gustavo-petro-afirma-que-el-pan-frances-se-invento-en-bogota/,Gustavo Petro afirma que el pan francés se inventó en Bogotá,"En respuesta a un tweet de un ciudadano mencionando el famoso desayuno colombo-francés, el mandatario dijo que el pan francés se había invitado en Bogotá.",strong_political_signal
https://actualidadpanamericana.com/un-roscon-dos-gaseosas-y-4-euros-para-el-postconflicto-recaudo-santos-en-gira-por-europa/,"Un roscón, dos gaseosas y 4 euros para el postconflicto recaudó Santos en gira por Europa",De productiva fue calificada la gira del presidente Santos por la Unión Europea para recaudar fondos para financiar el postconflicto. «Ha...,strong_political_signal
https://actualidadpanamericana.com/uribe-asegura-que-en-su-gobierno-nadie-ponia-los-cachos/,"Uribe asegura que ""en mi gobierno nadie ponía los cachos""","Invitado como orador principal al encuentro anual de la liga defensora de la familia, la moral, las tradiciones y la...",strong_political_signal
https://actualidadpanamericana.com/tanja-deja-las-farc-por-ser-demasiado-mainstream-y-se-une-al-ei/,"Tanja deja las Farc por ser ""demasiado mainstream"" y se une al EI",Se cansó de la monotonía de esta revolución y parte en busca de una que le genere más likes en sus redes sociales.,strong_political_signal
https://actualidadpanamericana.com/waze-se-rinde-el-servicio-dejara-de-estar-disponible-para-bogota/,Waze se rinde: el servicio dejará de estar disponible para Bogotá,El caótico tráfico de la capital llevó al desespero a los ingenieros y obligó a sus directivas a optar por la retirada.,strong_political_signal
https://actualidadpanamericana.com/santos-lleva-datafono-para-recibir-donaciones-en-europa/,Santos lleva datáfono para recibir donaciones en Europa,También anunció que recibirá bonos Sodexo y cheques posfechados.,strong_political_signal
https://actualidadpanamericana.com/mario-balotelli-quiere-comprar-el-parque-jaime-duque/,Mario Balotelli quiere comprar el parque Jaime Duque,El excéntrico delantero quiere regalárselo a su recién reconocida hija en esta Navidad.,strong_political_signal
https://actualidadpanamericana.com/real-academia-espanola-rae-elimina-palabra-de-la-ultima-edicion-por-amenazas-desde-colombia/,Real Academia Española (RAE) elimina palabra de la última edición del diccionario por amenazas desde Colombia,"Por presuntas amenazas desde Colombia, la Real Academia Española desistió de agregar en la vigesimotercera edición de su diccionario la...",place+political_context
https://actualidadpanamericana.com/cruz-de-boyaca-ahora-podra-comprarse-igual-que-la-libreta-militar/,Cruz de Boyacá ahora podrá comprarse igual que la libreta militar,La máxima condecoración que entrega la república ahora podrá comprarse al igual que la libreta militar según decreto sancionado esta mañana por el presidente Juan Manuel Santos.,strong_political_signal
https://actualidadpanamericana.com/pacho-santos-se-inscribe-alcaldia-de-pacho-cundinamarca/,"""Pacho"" Santos se inscribe como candidato a la alcaldía de Pacho, Cundinamarca","Con reservas vieron los habitantes de Pacho, Cundinamarca la inscripción del exvicepresidente Francisco Santos a la contienda electoral para la...",strong_political_signal
https://actualidadpanamericana.com/bogota-humana-lanza-petrocuadrado-con/,Bogotá Humana lanza Petrocuadrado.con,La Alcaldía de Bogotá sorprendió con la noticia del lanzamiento de un nuevo portal de vivienda que nada tiene que...,strong_political_signal
https://actualidadpanamericana.com/farc-preocupadas-con-forbes-por-revelacion-de-patrimonio-ahora-nos-pueden-secuestrar/,"Farc furiosas con Forbes por revelación de patrimonio. ""Ahora nos pueden secuestrar""",Muy disgustados se mostraron los negociadores de las Farc presentes en La Habana con la edición israelí de la prestigiosa...,strong_political_signal
https://actualidadpanamericana.com/grammy-latino-petro-por-sus-discursos/,Grammy Latino a Petro por sus discursos,Se acerca una edición más de los Grammy Latino y ya comienzan las buenas noticias para Colombia. Trascendió hoy que...,strong_political_signal
https://actualidadpanamericana.com/uribe-tiene-pruebas-de-que-las-farc-fueron-autoras-intelectuales-de-la-crucifixion-de-cristo/,Uribe acusa a Farc de crucifixión de Cristo,El expresidente y caballista Alvaro Uribe puso a vibrar las redes sociales esta mañana con un nuevo mensaje via twitter...,strong_political_signal
https://actualidadpanamericana.com/hipsters-colombianos-se-afeitaran-para-parecer-policias/,Hipsters colombianos se afeitarán para no parecer policías,"Revuelo ha causado entre los miembros de la comunidad hipster el anuncio de que todos los policías de Colombia podrían usar bigote, si así lo desean.",strong_political_signal
https://actualidadpanamericana.com/jefes-de-farc-piden-que-les-reconozcan-semanas-en-el-monte-para-pension/,Jefes de Farc piden que les reconozcan semanas en el monte para pensión,"Entre los muchos temas que se han tratado en la mesa de La Habana hay uno que merece, en el...",strong_political_signal
https://actualidadpanamericana.com/polemico-kit-para-cabalgata-de-feria-de-cali/,Polémico kit para cabalgata de Feria de Cali,La alcaldía de la capital del Valle dio a conocer hoy las medidas para garantizar la tranquilidad durante la época...,strong_political_signal
https://actualidadpanamericana.com/petro-se-atribuye-reconciliacion-obama-castro/,Petro se atribuye reconciliación Obama - Castro,El Alcalde de la capital se atribuyó esta tarde los acercamientos entre los presidentes de los Estados Unidos y Cuba....,strong_political_signal
https://actualidadpanamericana.com/con-el-arbol-de-navidad-mas-grande-del-pais-las-farc-se-suman-la-celebracion-de-la-navidad/,"Con el árbol de navidad más grande del país, las Farc se suman a la celebración de la Navidad","A la presentación de sociedad de su gran árbol navideño, pero resistente y proletario que levantaron en Planadas, Tolima, están...",strong_political_signal
https://actualidadpanamericana.com/metro-cuadrado-de-espacio-publico-en-bogota-el-mas-caro-de-colombia/,Metro cuadrado de espacio público en Bogotá: el más caro del país,Según el más reciente informe de Fedelonjas el metro cuadrado de espacio público en Bogotá se ubica ahora como el más...,strong_political_signal
https://actualidadpanamericana.com/exclusivo-la-condicion-de-uribe-para-apoyar-proceso-de-paz/,"""Apoyo paz, pero déjenme al menos una guerrillita funcionando"", Uribe","Ante la firma del acuerdo de paz con las Farc, el más reconocido opositor del proceso, el expresidente Álvaro Uribe, ha dado su brazo a torcer.",strong_political_signal
https://actualidadpanamericana.com/miles-de-hipsters-colombianos-quieren-viajar-cuba-antes-de-que-se-vuelva-mainstream/,"Miles de hipsters colombianos quieren viajar a Cuba ""antes de que se vuelva mainstream""","Después de la controversial decisión del presidente de Estados Unidos, Barack Obama, de normalizar las relaciones con Cuba después de...",place+political_context
https://actualidadpanamericana.com/en-regresion-petro-confirma-que-fue-jimenez-de-quesada-en-vida-pasada/,"En regresión, Petro confirma que fue Jiménez de Quesada en vida pasada",De esta manera deja sin argumentos a quienes lo critican por creer que antes de él no había nada en Bogotá.,strong_political_signal
https://actualidadpanamericana.com/lanzan-campana-adopta-un-funcionario-ante-crisis-en-contraloria/,"Lanzan campaña ""adopta un funcionario"" ante crisis en Contraloría",Ante la compleja situación que hoy enfrenta la entidad que dirige Edgardo Maya Villazón y que incluye un muy posible...,strong_political_signal
https://actualidadpanamericana.com/uribe-llama-no-recibir-el-2015-por-ser-el-ano-de-la-paz-sera-el-2014bis/,"Uribe llama a no recibir el 2015 por ser el año de la paz, será el 2014bis - Actualidad Panamericana","Muy temprano como es su costumbre, el senador, ex presidente, caballista y líder del Centro Democrático dio a conocer un...",strong_political_signal
https://actualidadpanamericana.com/sin-saber-que-era-alcalde-de-bogota-emisora-paraguaya-elige-petro-tuitero-del-ano/,Emisora paraguaya elige a Petro tuitero del año,Un hecho curioso que hasta ahora había pasado desapercibido se registró a finales del año pasado cuando la emisora Pasión...,strong_political_signal
https://actualidadpanamericana.com/padres-decomisan-celular-martin-santos/,Padres decomisan celular a Martín Santos,Castigo fue aplicado tras advertencia de no volver a buscarle pelea a Álvaro Uribe en redes sociales.,strong_political_signal
https://actualidadpanamericana.com/farc-y-gobierno-piden-a-los-colombianos-una-uva-por-la-paz/,Farc y Gobierno piden a los colombianos una uva por la paz - Actualidad Panamericana,"A través de un comunicado conjunto, los negociadores del Gobierno y de las Farc presentes en La Habana le acaban de implorar...",strong_political_signal
https://actualidadpanamericana.com/gracias-tinder-cae-cabecilla-de-las-farc/,Gracias a Tinder cae cabecilla de las Farc,"""La soledad en el monte es muy berrionda"", afirmó el subversivo entre lágrimas tras pedir disculpas a sus compañeros.",strong_political_signal
https://actualidadpanamericana.com/polemica-por-nuevo-slogan-para-bogota/,Polémica por nuevo eslogan para Bogotá - Actualidad Panamericana,"Como si los escándalos por corrupción, las congestiones, la inseguridad y el estado decadente de la infraestructura vial no fuera...",strong_political_signal
https://actualidadpanamericana.com/miss-colombia-vestira-de-la-madre-laura-el-proximo-miss-universo/,Miss Colombia vestirá de la Madre Laura en el próximo Miss Universo - Actualidad Panamericana,Definitivamente dos de los trajes típicos que más llamaron la atención en la edición en esta edición de Miss Universo...,place+political_context
https://actualidadpanamericana.com/ejercito-captura-la-guerrillera-mas-fea-del-tolima/,Ejército captura a la guerrillera más fea del Tolima - Actualidad Panamericana,"En el corregimiento Guamitas, del municipio de Planadas, Tolima, el ejército capturó en las últimas horas a alias «Marcela», considerada...",place+political_context
https://actualidadpanamericana.com/presidente-santos-sufrio-soroche-al-regresar-bogota/,"Presidente Santos sufrió ""soroche"" al regresar a Bogotá - Actualidad Panamericana",Mandatario se recupera satisfactoriamente de malestar originado por no estar acostumbrado a la altura.,strong_political_signal
https://actualidadpanamericana.com/alcalde-de-cartagena-anuncia-licitacion-para-endulzar-el-mar/,Alcalde de Cartagena anuncia licitación para endulzar el mar,"Debido a las constantes quejas de los usuarios nacionales, pero sobre todo internacionales del balneario de Bocagrande, las cuales afirman...",place+political_context
https://actualidadpanamericana.com/reportan-avistamiento-de-cartagenero-en-centro-historico-de-cartagena/,Reportan avistamiento de cartagenero en centro histórico de Cartagena,"El hecho llamó la atención de autoridades y especialistas dado que no se presentaba desde el 2003 y, además, ocurrió...",strong_political_signal
https://actualidadpanamericana.com/presentan-proyecto-de-acuerdo-para-que-huecos-de-bogota-dejen-de-llamarse-asi/,Presentan proyecto de acuerdo para que huecos de Bogotá dejen de llamarse así,"La administración de Gustavo Petro alista otra polémica iniciativa que será presentada al Concejo la próxima semana y que pretende eliminar el término ""hueco"" del léxico de los bogotanos para referirse a los daños en el pavimento de las vías de la ciudad.",strong_political_signal
https://actualidadpanamericana.com/revelan-que-maduro-le-habria-encargado-medias-y-crema-dental-samper/,Revelan que Maduro le habría encargado medias y crema dental a Samper,"Una lista que el ex mandatario colombiano habría dejado olvidada en el avión, incluye estos y otros productos básicos.",strong_political_signal
https://actualidadpanamericana.com/desplazados-se-niegan-vivir-en-barrios-del-norte-de-bogota/,Desplazados se niegan a vivir en barrios del Norte de Bogotá - Actualidad Panamericana,La noticia de la construcción de 372 viviendas de interés prioritario en siete predios de propiedad del Distrito en los...,strong_political_signal
https://actualidadpanamericana.com/uribe-se-somete-una-cirugia-para-cambiar-la-mano-izquierda-por-una-derecha/,Uribe se somete a una cirugía para cambiar la mano izquierda por una derecha,"En un comunicado firmado por Paloma Valencia, senadora de la colectividad del Centro Democrátio, se dio a conocer la noticia...",strong_political_signal
https://actualidadpanamericana.com/accion-poetica-estaria-tras-cuenta-de-twitter-de-santos/,Acción poética estaría tras cuenta de Twitter de Santos,La denuncia la hizo hoy el Centro Democrático. «El colectivo castrochavistaateocomunista autodenominado Acción Poética viene asesorando al presidente traidor Santos...,strong_political_signal
https://actualidadpanamericana.com/proponen-concierto-de-santiago-cruz-como-pena-alternativa-para-las-farc/,Proponen concierto de Santiago Cruz como pena alternativa para las FARC - Actualidad Panamericana,"Con el fin de destrabar el punto de justicia transicional en la mesa de negociaciones de La Habana, una nueva...",strong_political_signal
https://actualidadpanamericana.com/fallo-obliga-transmilenio-capacitar-colados/,Fallo obliga a Transmilenio a capacitar a colados - Actualidad Panamericana,De esta manera la Corte Constitucional cierra un caso que comenzó con una demanda presentada por una estudiante de una...,strong_political_signal
https://actualidadpanamericana.com/en-medellin-prohiben-pinatas-por-fomentar-matoneo/,En Medellín prohíben piñatas por fomentar matoneo - Actualidad Panamericana,Una polémica decisión tomó hoy el Concejo de la capital paisa al aprobar un acuerdo promovido por la administración municipal...,strong_political_signal
https://actualidadpanamericana.com/fuad-char-incluyo-barranquilla-en-su-declaracion-de-renta/,Fuad Char incluyó a Barranquilla en su declaración de renta - Actualidad Panamericana,"Aunque allegados afirman que se trató «de un error de buena fe de su asistente contable», el hecho no ha...",place+political_context
https://actualidadpanamericana.com/sin-apoyo-de-uldarico-imposible-seguir-dialogos-santos/,"""Sin apoyo de Uldarico, imposible seguir diálogos"", Santos - Actualidad Panamericana",El ambiente de optimismo que reinaba en torno a los diálogos con las Farc luego de anuncios tan importantes como...,strong_political_signal
https://actualidadpanamericana.com/centro-democratico-asegura-que-sin-bombardeos-las-farc-se-disparara-homosexualidad/,Centro Democrático asegura que sin bombardeos a las Farc se disparará homosexualidad - Actualidad Panamericana,Muy preocupados están en el partido opositor con la decisión anunciada anoche por el presidente Juan Manuel Santos de suspender...,strong_political_signal
https://actualidadpanamericana.com/uribe-si-estuve-en-casa-de-pretelt-pero-nada-mas-jugando-parques/,"Uribe: ""Sí estuve en casa de Pretelt, pero nada más jugando parqués"" - Actualidad Panamericana","El polémico expresidente, senador y caballista Alvaro Uribe, se pronunció esta mañana sobre rumores de vecinos del magistrado Pretelt según...",strong_political_signal
https://actualidadpanamericana.com/alcalde-de-cartagena-inaugura-monumento-para-darle-la-bienvenida-la-marea-del-siglo/,Alcalde de Cartagena inaugura monumento para darle la bienvenida a la marea del siglo - Actualidad Panamericana,"Un nuevo monumento sorprendió esta mañana a los cartageneros, sólo que esta vez no fue dedicado a ningún pirata inglés...",place+political_context
https://actualidadpanamericana.com/paloma-valencia-propone-dividir-en-dos-al-cauca/,Paloma Valencia propone dividir en dos al Cauca - Actualidad Panamericana,"La polémica senadora, fiel escudera del expresidente Álvaro Uribe, detonó una fuerte polémica al proponer hoy desde su cuenta en...",strong_political_signal
https://actualidadpanamericana.com/colombia-organizara-el-proximo-tour-de-francia/,Colombia organizará el próximo Tour de Francia - Actualidad Panamericana,"El presidente de la Federación Colombiana de Ciclismo Ramiro Valencia Cossio anunció en rueda de prensa que ASO, la firma...",place+political_context
https://actualidadpanamericana.com/lista-la-financiacion-del-metro-de-bogota/,Lista la financiación del metro de Bogotá,"La tradicional figura del ""Jean day"", tan común en colegios y oficinas permitirá que se haga realidad el sueño de millones de bogotanos.",strong_political_signal
https://actualidadpanamericana.com/colados-de-transmilenio-protestaran-por-nuevas-puertas/,Colados de Transmilenio protestarán por nuevas puertas - Actualidad Panamericana,La Federación Nacional de Colados de Transmilenio y Sistemas de Transporte Masivos Conexos -Fenaltraco- anunció para este lunes una marcha de...,place+political_context
https://actualidadpanamericana.com/uribe-anuncia-obediencia-a-benedicto-xvi-que-no-se-ha-entregado-al-castrochavismo/,"Uribe anuncia obediencia a Benedicto XVI, ""que no se ha entregado al castrochavismo"" - Actualidad Panamericana",El anuncio de la visita del Papa Francisco a Colombia a apoyar el proceso de paz tuvo hoy su primera...,strong_political_signal
https://actualidadpanamericana.com/por-un-trancon-maradona-no-llega-a-evento-con-santos-y-petro/,"Por un trancón, Maradona no llega a marcha por la paz - Actualidad Panamericana",Un fuerte embotellamiento de tránsito vehícular impidió que el astro argentino asistiera a uno de los actos centrales del día de...,strong_political_signal
https://actualidadpanamericana.com/grafiteros-y-limpiadores-de-fachada-estarian-trabajando-en-llave-en-bogota/,Grafiteros y limpiadores de fachadas estarían trabajando en llave en Bogotá - Actualidad Panamericana,Si le ha ocurrido que junto al grafiti que una mañana aparece en la fachada de su negocio o domicilio...,strong_political_signal
https://actualidadpanamericana.com/medida-desesperada-contra-colados-de-transmilenio/,Medida desesperada contra colados de Transmilenio - Actualidad Panamericana,Tras la avalancha de quejas de los usuarios del sistema de transporte bogotano Transmilenio por el constante ingreso de pasajeros...,place+political_context
https://actualidadpanamericana.com/medellin-estrena-polemica-marca-ciudad/,"Medellín estrena polémica ""Marca ciudad""",La «ciudad de la eterna primavera» presentará mañana en evento que tendrá lugar en el parque Explora -uno de los...,place+political_context
https://actualidadpanamericana.com/santos-se-quita-la-mascara-y-realmente-es-una-marimonda/,Santos se quita la máscara y se descubre que es una marimonda - Actualidad Panamericana,"Sorprendidos se declararon los asistentes al carnaval de Barranquilla al ver que durante la batalla de flores, el presidente Juan Manuel...",strong_political_signal
https://actualidadpanamericana.com/colados-de-transmilenio-agradecen-a-petro-apoyo-a-july-paola/,Colados de Transmilenio agradecen a Petro apoyo a July Paola - Actualidad Panamericana,Fenaltraco -Federación Nacional de Colados de Transmilenio y Sistemad de Transporte Masivo Conexos- emitió esta noche un comunicado en el que expresa «su más sentido y profundo agradecimiento con renovación de votos de...,strong_political_signal
https://actualidadpanamericana.com/uribe-culpa-a-las-farc-de-genocidio-armenio/,Uribe culpa a las Farc de genocidio armenio - Actualidad Panamericana,"En un tuit enviado esta mañana el expresidente, caballista y suprapolémico senador, Álvaro Uribe Vélez, señaló a las Farc como...",strong_political_signal
https://actualidadpanamericana.com/caos-en-fila-para-pagar-comparendo-por-colarse-en-transmilenio/,Caos en fila para pagar comparendo por colarse en Transmilenio,"Una complicada situación se vive a esta hora en la Secretaría de Movilidad, a donde llegaron decenas de multados por colarse en TransMilenio.",place+political_context
https://actualidadpanamericana.com/mientras-dure-paro-mvideos-de-diana-uribe-reemplazaran-maestros/,"Mientras dure paro, videos de Diana Uribe reemplazarán maestros - Actualidad Panamericana",De afán acaba de ser firmada la adjudicación directa del contrato que le permitirá al Ministerio de Educación afrontar la...,strong_political_signal
https://actualidadpanamericana.com/uribe-se-retira-de-misa-para-no-dar-el-saludo-de-la-paz/,Uribe se retira de misa para no dar el saludo de la paz - Actualidad Panamericana,"El insólito hecho tuvo lugar en la parroquia de San Judas en inmediaciones de Rionegro, Antioquia. El expresidente Álvaro Uribe...",strong_political_signal
https://actualidadpanamericana.com/exito-en-campana-para-que-colados-hagan-fila-en-transmilenio/,Éxito en campaña para que colados hagan fila en Transmilenio - Actualidad Panamericana,"Ante el caos que de un tiempo para acá se ha apoderado del ingreso contracultural, popular, solidario y antimafioso a...",place+political_context
https://actualidadpanamericana.com/procuraduria-arremete-contra-emoticones-lgbti-de-whatsapp/,Procuraduría arremete contra emoticones LGBTI de Whatsapp - Actualidad Panamericana,"El procurador General de la Nación, Alejandro Ordóñez anunció hoy mediante un comunicado de prensa que iniciará acciones legales en contra...",strong_political_signal
https://actualidadpanamericana.com/los-colombianos-literalmente-crecen-menos-con-santos-uribistas/,Los colombianos literalmente crecen menos con Santos: uribistas - Actualidad Panamericana,El tanque de pensamiento Primero Colombia ha hecho eco de una investigación que muestra pautas de las características de la...,strong_political_signal
https://actualidadpanamericana.com/alcalde-de-usiacuri-atlantico-declara-persona-non-grata-luis-van-gaal/,"Alcalde de Usiacurí, Atlántico, declara persona non grata a Luis Van Gaal - Actualidad Panamericana","Mediante decreto 984/4-2105 el mandatario de este municipio atlanticense, William Pastor Bresneider, declaró ayer «persona non grata para la totalidad...",strong_political_signal
https://actualidadpanamericana.com/la-rina-mas-absurda-en-la-historia-de-transmilenio/,La riña más absurda en la historia de Transmilenio,"Un nuevo caso de intolerancia ciudadana tuvo lugar ayer en medio de las celebraciones del 10 de Mayo, domingo consagrado...",strong_political_signal
https://actualidadpanamericana.com/videos-abusos-la-policia-colombiana-hacen-colapsar-youtube/,Videos de abusos de la policía colombiana hacen colapsar Youtube - Actualidad Panamericana,Los servidores de la página de videos youtube colapsaron el día de hoy tras la publicación de un nuevo video...,strong_political_signal
https://actualidadpanamericana.com/registraduria-ahora-ofrece-servicio-de-fotografo-de-modas-para-cedula/,Registraduría ahora ofrece servicio de fotógrafo de modas para cédula - Actualidad Panamericana,"Como una medida para combatir el abstencionismo y la falta de identidad, la Registraduría Nacional de la República ha contratado...",strong_political_signal
https://actualidadpanamericana.com/farc-proponen-ser-atraccion-de-panaca-como-pena-alternativa/,Farc proponen ser atracción de Panaca como pena alternativa - Actualidad Panamericana,Una peculiar propuesta se viene abriendo paso en La Habana. Del seno del equipo negociador de las Farc surgió la...,strong_political_signal
https://actualidadpanamericana.com/repartiran-polemico-kit-de-selfiedefensa-a-usuarios-de-transmilenio/,"Repartirán polémico kit de ""selfiedefensa"" a usuarios de Transmilenio",Si la inseguridad en Transmilenio ha sido motivo de debate y de polémica la más reciente medida para enfrentarla promete...,place+political_context
https://actualidadpanamericana.com/santos-acepto-reto-de-falcao-para-hacerse-el-corte-bien/,Santos aceptó reto de Falcao para hacerse el “corte bien”,"Luego de sorprender a sus seguidores con su nuevo “look”, Falcao García emprendió hoy una campaña a través de las...",strong_political_signal
https://actualidadpanamericana.com/ladrones-de-transmilenio-protestaron-hoy-por-linchamientos/,Ladrones de Transmilenio protestaron hoy por linchamientos - Actualidad Panamericana,En la tarde de hoy un grupo de alrededor de 60 personas dedicadas al hurto en el sistema Transmilenio -«redistribuidores...,strong_political_signal
https://actualidadpanamericana.com/farc-exigen-cuota-en-seleccion-colombia/,Farc exigen cuota en selección Colombia - Actualidad Panamericana,En las últimas horas ha trascendido otro obstáculo que ha impedido concretar avances en los diálogos que sostienen el Gobierno...,strong_political_signal
https://actualidadpanamericana.com/nuevo-requisito-colombianos-ingresen-europa/,Nuevo requisito para colombianos que ingresen a países Schengen - Actualidad Panamericana,No todas las noticias son buenas después del anuncio del retiro del requisito de la visa Schengen para los viajeros...,place+political_context
https://actualidadpanamericana.com/no-destruimos-ecosistemas-los-liberamos-del-imperialismo-yankee-farc/,"""No destruimos ecosistemas, los liberamos del imperialismo yankee"": FARC - Actualidad Panamericana",La frase fue pronunciada en la tarde de ayer en La Habana durante una rueda de prensa convocada por las FARC para...,strong_political_signal
https://actualidadpanamericana.com/feministas-de-medellin-protestan-por-restriccion-a-parrilleros-hombres/,Feministas de Medellín protestan por restricción a parrilleros hombres,"Consideran sexista la medida, ""como si nosotras no fuéramos capaces de bajarnos a una pinta, de hacer un fleteo, de levantarnos un celuco"".",place+political_context
https://actualidadpanamericana.com/santos-asegura-que-si-firma-la-paz-subira-de-rodillas-a-monserrate/,"Santos asegura que si firma la paz, subirá de rodillas a Monserrate","El mandatario sorprendió con el anuncio esta mañana frente a la Catedral Primada. ""Y si no firman, pues me pongo a comer lombrices"", complementó.",strong_political_signal
https://actualidadpanamericana.com/descubren-charlie-charlie-uribe/,"Descubren el ""Charlie, Charlie"" de Uribe - Actualidad Panamericana",El popular juego paranormal Charlie Charlie que se ha propagado por las redes sociales y en el cual se invoca...,strong_political_signal
https://actualidadpanamericana.com/por-primera-vez-foto-tomada-en-bogota-es-imagen-de-inicio-de-twitter/,"Por primera vez, foto tomada en Bogotá es imagen de inicio de Twitter - Actualidad Panamericana","Será una de las cinco imágenes que más de 175 millones de usuarios de la red verán al ingresar al sitio web. ""Un premio más para la Bogotá Humana"", aseguró la administración.",strong_political_signal
https://actualidadpanamericana.com/farc-tambien-cancelan-negocios-con-trump/,Farc también cancelan negocios con Trump - Actualidad Panamericana,"Dos reinados, una mina y asesorías para la producción de contenidos alternativos destinados al público hispano figuraban entre los vínculos comerciales.",strong_political_signal
https://actualidadpanamericana.com/sede-de-miss-universo-la-habia-pedido-bogota-new-jersey/,"Sede de Miss Universo la había pedido Bogota, New Jersey - Actualidad Panamericana",Funcionarios de la organización aseguran no tener registro de aspiración de la capital bogotana. Fuentes de la alcaldía culpan a las mafias.,strong_political_signal
https://actualidadpanamericana.com/pueblo-indio-protesta-por-crueldad-animal-en-colombia/,Pueblo indio protesta por crueldad animal en Colombia - Actualidad Panamericana,Activistas hinduistas aseguran que un pueblo capaz de comer vaca es un pueblo salvaje y proponen bloqueo comercial.,place+political_context
https://actualidadpanamericana.com/concilio-del-centro-democratico-declara-infalibilidad-de-uribe/,Concilio del Centro Democrático declara infalibilidad de Uribe - Actualidad Panamericana,"Jerarcas del Uribismo se reunieron para revisar cada una de sus declaraciones y establecer que, como todas se ajustan a la realidad, su líder no se equivoca.",strong_political_signal
https://actualidadpanamericana.com/farc-exigira-frentes-plan-impacto-ambiental-atentados/,Farc exigirá a sus frentes plan de manejo ambiental para atentados - Actualidad Panamericana,"Guerrilleros que participen en la acción deberán estar afiliados a ARL, baldes y escobas tendrán que estar rotulados. Secretariado deberá dar vistobueno previo.",strong_political_signal
https://actualidadpanamericana.com/polemica-por-concierto-de-ricardo-arjona-exclusivo-para-colados-de-transmilenio/,Polémica por concierto de Ricardo Arjona exclusivo para colados de Transmilenio - Actualidad Panamericana,"De esta manera la Administración Distrital busca que colados, pero también personas que adeudan multas por infracciones varias se pongan a paz y salvo.",strong_political_signal
https://actualidadpanamericana.com/encuentran-mina-ilegal-en-arenera-de-colegio-bogotano/,Encuentran mina ilegal en arenera de colegio bogotano - Actualidad Panamericana,Sozobra generó el hallazgo de una mina ilegal en la arenera de un colegio de la capital de la república....,place+political_context
https://actualidadpanamericana.com/petro-dice-que-buscara-trabajo-como-community-manager-en-2016/,Petro dice que buscará trabajo como Community Manager en 2016 - Actualidad Panamericana,"Cansado de que las mafias no le permitan desempeñarse en política, el líder progresista anunció que se dedicará al oficio que aprendió mientras fue alcalde.",strong_political_signal
https://actualidadpanamericana.com/chapo-guzman-quiso-construir-metro-de-bogota-pero-desistio-al-conocer-lo-que-le-pedian-concejales-y-funcionarios/,"""Chapo"" quiso construir metro, pero desistió al conocer lo que le pedían concejales y funcionarios - Actualidad Panamericana","Suma de ""cariñitos"" exigidos por cabildantes y funcionarios superaba con creces su patrimonio.",strong_political_signal
https://actualidadpanamericana.com/llegada-de-nave-a-pluton-es-obra-de-las-farc-uribe/,"""Llegada de nave a Plutón es obra de la Far"", Uribe - Actualidad Panamericana",El caballista y ex mandatario asegura que la Nasa busca un lugar para enviarlo a él y a todos los colombianos de bien una vez se firme la paz en La Habana.,strong_political_signal
https://actualidadpanamericana.com/primicia-petro-aprovecha-visita-al-vaticano-para-iniciar-canonizacion-de-bacata/,PRIMICIA: Petro aprovecha visita al Vaticano para iniciar canonización de Bacatá - Actualidad Panamericana,"Papa ve con buenos ojos la iniciativa. Terminación del deprimido de la 94 podría ser el milagro que garantice, cuando menos, su beatificación.",strong_political_signal
https://actualidadpanamericana.com/farc-estarian-extorsionando-tuiteros-de-lista-de-influyentes/,Farc estarían extorsionando tuiteros de lista de influyentes - Actualidad Panamericana,"Miembros de esta organización estarían contactando a tuiteros influyentes amenazándolos con revelar DMs comprometedores a cambio de retuits, ""follows"" y puntos de Klout.",strong_political_signal
https://actualidadpanamericana.com/antes-de-irse-santos-aclaro-que-esta-gira-es-con-millas-y-dormida-en-sofacama/,"Antes de irse, Santos aclaró que esta gira es ""con millas y dormida en sofacama"" - Actualidad Panamericana",Un mensaje tranquilizador envió a la opinión el presidente Juan Manuel Santos antes de partir esta tarde rumbo a otra...,strong_political_signal
https://actualidadpanamericana.com/jeque-arabe-compra-a-pacho-santos/,Jeque árabe compra a Pacho Santos - Actualidad Panamericana,Cuatro millones de dólares desembolsó por el aspirante al verlo en su vitrina móvil en una calle de Bogotá.,strong_political_signal
https://actualidadpanamericana.com/con-pinatas-de-santos-uribistas-celebran-cumpleanos-de-su-lider-hoy/,"Con piñatas de Santos, Uribistas celebran cumpleaños de su líder hoy - Actualidad Panamericana",De esta manera el Centro Democrático celebra hoy el onomástico de su querido líder. Habrá festejo en cada capital del país.,strong_political_signal
https://actualidadpanamericana.com/senal-de-prohibido-parquear-ahora-indica-permitido-parquear-en-bogota/,"Señal de prohibido parquear ahora indica ""permitido parquear"" en Bogotá - Actualidad Panamericana","Una vez entre en vigencia la polémica disposición, la alcaldía espera que el índice de cumplimento de normas se dispare inmediatamente.",strong_political_signal
https://actualidadpanamericana.com/no-habra-elecciones-para-alcalde-en-barranquilla-presupuesto-ira-a-carnaval/,No habrá elecciones para alcalde en Barranquilla. Presupuesto irá a carnaval - Actualidad Panamericana,Registraduría se basa en artículo de código electoral que permite proclamar a candidatos que tres días antes tengan favorabilidad del 99.9%.,strong_political_signal
https://actualidadpanamericana.com/tras-muerte-de-cecil-petro-ordena-vigilancia-especial-a-clubes-de-leones/,"Tras muerte de Cecil, Petro ordena vigilancia especial a clubes de leones - Actualidad Panamericana",Aseguró que en su administración no ha muerto un solo felino a manos de cazadores mafiosos.,strong_political_signal
https://actualidadpanamericana.com/policia-anuncia-otro-duro-golpe-a-redes-urbanas-del-eln/,Policía anuncia otro duro golpe a redes urbanas del ELN - Actualidad Panamericana,"A las afueras de Barranquilla cayó un comando conocido en la organización como ""el Indio"". Portaban abundante material de propaganda subversiva.",strong_political_signal
https://actualidadpanamericana.com/red-bull-no-podra-usar-mas-sus-toros-en-bogota/,Red Bull no podrá usar más sus toros en Bogotá - Actualidad Panamericana,Consulta antitaurina incluye artículo que impide uso de estos animales para comercializar cualquier tipo de producto.,strong_political_signal
https://actualidadpanamericana.com/cerraran-bogota-cuatro-anos-por-obras-del-metro/,Cerrarán Bogotá cuatro años por obras del Metro - Actualidad Panamericana,Los gobiernos nacional y distrital anunciaron hoy que es altamente probable que se decida cerrar la capital durante los cuatro...,strong_political_signal
https://actualidadpanamericana.com/a-traves-de-su-twitter-y-con-volquetas-petro-asumira-personalmente-el-123/,"A través de su twitter y con volquetas, Petro asumirá personalmente el 123 - Actualidad Panamericana","A partir de septiembre, para llamar ambulancia, bomberos o Policía, los ciudadanos deberán enviar un tuit dirigido a @petrogustavo.",strong_political_signal
https://actualidadpanamericana.com/por-precio-del-dolar-santos-cancela-visita-a-usa-en-cambio-ira-a-melgar/,"Por precio del dólar Santos cancela visita a USA, en cambio irá a Melgar - Actualidad Panamericana",Una visita oficial del presidente Juan Manuel Santos a Estados Unidos prevista para el miércoles de esta semana fue abruptamente...,strong_political_signal
https://actualidadpanamericana.com/uribe-llamado-a-comision-para-esclarecer-misterio-de-vuelo-mh370/,Uribe llamado a comisión para esclarecer misterio de vuelo MH370 - Actualidad Panamericana,A Gobierno de Malasia le llamaron la atención sus conocimientos en materia de siniestros aéreos. Examinará junto con otros peritos restos encontrados en isla Reunión.,strong_political_signal
https://actualidadpanamericana.com/chico-medellin-se-jugara-en-futbol-cinco/,Chicó-Medellín se jugará en Fútbol cinco - Actualidad Panamericana,"Luego de no encontrar estadio para disputar el partido y tras inicialmente haber previsto su aplazamiento, el Boyacá Chicó acaba...",place+political_context
https://actualidadpanamericana.com/a-partir-de-septiembre-todos-los-bogotanos-viviran-en-el-norte-petro/,"""A partir de septiembre, todos los bogotanos vivirán en el Norte"", Petro - Actualidad Panamericana",Un decreto que obliga a denominar el centro de Bogotá «Norte histórico» y al Sur de la ciudad «Norte popular»...,strong_political_signal
https://actualidadpanamericana.com/colombianos-ya-prefieren-renders-a-obras-revela-estudio/,"Colombianos ya prefieren renders a obras, revela estudio - Actualidad Panamericana",La gente cada vez le pide más a los candidatos renders antes que obras y estos acceden pues les garantiza capital político exprés.,place+political_context
https://actualidadpanamericana.com/samper-afirma-que-casas-de-colombianos-las-tumbaron-para-remodelarlas/,"Samper afirma que ""casas de colombianos las tumbaron para remodelarlas"" - Actualidad Panamericana","Haciendo gala del humor cachaco que lo ha caracterizado a lo largo de su vida pública, el carismático ex presidente...",strong_political_signal
https://actualidadpanamericana.com/venden-boleta-platino-para-rock-al-parque-a-pacho-santos/,Venden boleta platino para Rock al parque a Pacho Santos - Actualidad Panamericana,Jóvenes bromistas se la vendieron por 100.000 pesos ayer en la localidad de Kennedy. Horas después apareció en Ebay.,strong_political_signal
https://actualidadpanamericana.com/candidato-en-antioquia-asegura-que-tom-cruise-adhirio-a-su-campana/,Candidato en Antioquia asegura que Tom Cruise adhirió a su campaña - Actualidad Panamericana,"El aspirante a un escaño en la asamblea departamental de Antioquia por el siempre polémico Partido de la U, Medardo...",strong_political_signal
https://actualidadpanamericana.com/tras-decomiso-de-tierras-farc-salen-de-junta-de-fedegan/,"Tras decomiso de tierras, Farc salen de junta de Fedegan - Actualidad Panamericana",Pérdida de miles de hectáreas y de cabezas de ganado deja a esta organización sin respaldo para continuar en la junta del gremio ganadero.,strong_political_signal
https://actualidadpanamericana.com/vuelta-colombia-sera-senior-master-en-2016/,Vuelta a Colombia será senior-master en 2016 - Actualidad Panamericana,UCI tomó la decisión luego de sacar promedio de edad de participantes de la actual edición y constatar que no será necesario desmontar control al dopaje pues este no existe.,place+political_context
https://actualidadpanamericana.com/animalistas-liberaron-tres-silleteros-hoy-en-medellin/,Animalistas liberaron tres silleteros hoy en Medellín - Actualidad Panamericana,"Irrumpieron violentamente en el bus que los transportaba para informarles que podían escapar para ""revolotear felices y aparearse tranquilos"".",strong_political_signal
https://actualidadpanamericana.com/procuraduria-habria-intentado-sabotear-concierto-de-behemoth-en-rock-al-parque/,Procuraduría habría intentado sabotear concierto de Behemoth en Rock al Parque - Actualidad Panamericana,"Rock al Parque, el festival gratuito de música al aire libre más grande de Latinoamérica contaba con Behemoth, banda polaca...",strong_political_signal
https://actualidadpanamericana.com/sigue-el-desescalamiento-ejercito-y-farc-usaran-pistolas-de-paintball/,Sigue el desescalamiento: Ejército y Farc usarán pistolas de paintball - Actualidad Panamericana,La anhelada paz está cada vez más cerca. Los delegados del Gobierno y de las Farc acordaron hoy en Cuba...,strong_political_signal
https://actualidadpanamericana.com/clonan-tarjeta-de-alvaro-uribe-en-cucuta/,Clonan tarjeta de Álvaro Uribe en Cúcuta - Actualidad Panamericana,Desde su cuenta de Twitter el Senador Álvaro Uribe acaba de denunciar que fue víctima de un hurto en su cuenta...,strong_political_signal
https://actualidadpanamericana.com/tom-cruise-victima-del-chikungunya-colombia/,"Tom Cruise, víctima del chikungunya en Colombia - Actualidad Panamericana",Mosquito lo habría picado en la Zona Bananera.,strong_political_signal
https://actualidadpanamericana.com/maduro-rechaza-invitacion-de-santos-a-un-anapoimazo-este-fincho-a-echarnos-unos-drinks-suave/,"Maduro rechaza invitación de Santos a un ""Anapoimazo este fincho a echarnos unos drinks suave"" - Actualidad Panamericana","«Aterrado», se declaró el presidente Juan Manuel Santos tras el rechazo de su homólogo venezolano Nicolás Maduro a la invitación...",strong_political_signal
https://actualidadpanamericana.com/corte-constitucional-protege-derecho-al-trabajo-de-alvaro-uribe-y-se-opone-a-la-paz/,Corte Constitucional protege derecho al trabajo de Álvaro Uribe y se opone a la paz - Actualidad Panamericana,"Al resolver en última instancia una tutela interpuesta por el Centro Democrático, la Corte Constitucional amparó el derecho al trabajo...",strong_political_signal
https://actualidadpanamericana.com/maduro-llamo-a-santos-pero-se-cayo-la-llamada/,"Maduro llamó a Santos, pero se cayó la llamada - Actualidad Panamericana",A la crisis binacional entre Colombia y Venezuela se le suma un nuevo incidente causado por las deficiencias en la...,strong_political_signal
https://actualidadpanamericana.com/maduro-descubre-colombianos-deportados-iban-votar-psuv/,Maduro descubre tarde que colombianos deportados iban a votar por el PSUV - Actualidad Panamericana,Con sorpresa se recibió en el gobierno venezolano la confirmación de que los colombianos deportados por las autoridades venezolanas eran...,place+political_context
https://actualidadpanamericana.com/presidente-santos-anuncia-que-despachara-unos-dias-desde-el-club-el-nogal/,Presidente Santos anuncia que despachará unos días desde el club El Nogal - Actualidad Panamericana,"Entusiasmado por el exitoso lanzamiento del nuevo bufete de abogados de Néstor Humberto Martínez, el presidente Juan Manuel Santos declaró...",strong_political_signal
https://actualidadpanamericana.com/colombianos-de-bien-recogen-firmas-para-cambiarle-el-nombre-a-la-av-caracas/,Colombianos de bien recogen firmas para cambiarle el nombre a la Av. Caracas - Actualidad Panamericana,"Coordinados por el Centro Democrático y más específicamente por la campaña de Francisco Santos a la alcaldía de Bogotá, un...",strong_political_signal
https://actualidadpanamericana.com/ocho-de-cada-diez-ninos-colombianos-quieren-ser-patron-revela-estudio/,"Ocho de cada diez niños colombianos quieren ser patrón, revela estudio - Actualidad Panamericana",Muy preocupado se declaró el Ministerio de Educación con los resultados de la encuesta decenal de vocación y perfil laboral...,place+political_context
https://actualidadpanamericana.com/colombia-establece-happy-hour-para-que-entren-aviones-venezolanos-sin-generar-incidentes/,"Colombia establece ""Happy hour"" para que entren aviones venezolanos sin generar incidentes - Actualidad Panamericana","Ante los cada vez más frecuentes incidentes que involucran aviones de combate venezolanos ingresando a espacio aéreo colombiano y, sobre...",strong_political_signal
https://actualidadpanamericana.com/brote-de-sarna-entre-candidatos-a-alcaldia-de-bogota-por-besar-perros/,Brote de sarna entre candidatos a alcaldía de Bogotá por besar perros - Actualidad Panamericana,Una consecuencia inesperada en la salud de los candidatos a la alcaldía de Bogotá tuvo el consejo que los asesores...,strong_political_signal
https://actualidadpanamericana.com/bogota-lider-mundial-en-no-destacarse-en-algo/,Bogotá: líder mundial en no destacarse en algo - Actualidad Panamericana,"Hoy en la mañana el alcalde de Bogotá, Gustavo Petro de Alcocer,  presentó el que considera es el mayor logro...",strong_political_signal
https://actualidadpanamericana.com/con-tutela-uribista-busca-reubicacion-de-corazon-a-la-derecha/,"Con tutela, Uribista busca reubicación de corazón a la derecha - Actualidad Panamericana","Manuel José Betancur Restrepo, oriundo de Sopetrán, Antioquia, y quien se identifica como  «jumento uribista purasangre», pretende mediante una acción...",strong_political_signal
https://actualidadpanamericana.com/centro-democratico-quiere-que-la-unesco-declare-el-latifundio-colombiano-patrimonio-de-la-humanidad/,Centro Democrático quiere que la UNESCO declare el latifundio colombiano patrimonio de la humanidad - Actualidad Panamericana,Una insólita visita recibieron las oficinas de la UNESCO en Paris la pasada semana. Se trató de una delegación de varios parlamentarios...,strong_political_signal
https://actualidadpanamericana.com/dispositivo-de-trampa-en-autos-volkswagen-fue-desarrollado-en-bogota/,Dispositivo de trampa en autos Volkswagen fue desarrollado en Bogotá - Actualidad Panamericana,Nuevos datos siguen saliendo a flote en relación con el escándalo que produjo el descubrimiento de un dispositivo en los...,place+political_context
https://actualidadpanamericana.com/por-anuncio-de-acuerdo-uribe-se-matricula-en-clases-de-batik/,"Por anuncio de acuerdo, Uribe se matricula en clases de batik - Actualidad Panamericana","La inminencia, ahora sí, de un acuerdo de paz obligó al expresidente y ahora senador Álvaro Uribe Vélez a someterse...",strong_political_signal
https://actualidadpanamericana.com/petro-indignado-por-no-invitacion-a-reunion-de-lideres-mundiales-en-la-onu/,Petro “indignado” por no invitación a reunión de líderes mundiales en la ONU - Actualidad Panamericana,Muy molesto se le vio esta mañana frente al edificio de la sede principal de las Naciones Unidas en Nueva...,strong_political_signal
https://actualidadpanamericana.com/expresidente-samper-aparecera-en-el-nuevo-billete-de-8-000/,Expresidente Samper aparecerá en el nuevo billete de 8.000 - Actualidad Panamericana,“Hemos elegido al expresidente López para aparecer en los billetes de 10.000 pesos (apróximadamente 9 lucas ) por ser el...,strong_political_signal
https://actualidadpanamericana.com/nada-de-eclipse-atentado-de-la-far-dejo-sin-luz-a-la-luna-denuncia-uribe/,"""Nada de eclipse, atentado de la Far dejó sin luz a la luna"", denuncia Uribe - Actualidad Panamericana","Iracundo y desencajado, el expresidente Álvaro Uribe denunció hoy en rueda de prensa que la sombra que cubrió a la...",strong_political_signal
https://actualidadpanamericana.com/muros-orinales-de-bogota-seran-declarados-humedales/,Muros-orinales de Bogotá serán declarados humedales - Actualidad Panamericana,Ciento cuatro muros de la capital de la república reconocidos por su constante y penetrante hedor amoniacal resultado de ser punto consuetudinario...,strong_political_signal
https://actualidadpanamericana.com/adivina-paso-la-colombiana-le-declaro-amor-trump/,Deportan a colombiana que le declaró su amor a Trump - Actualidad Panamericana,Para las primeras horas del domingo está previsto el regreso al país de la ciudadana colombiana Myriam Witcher luego de que...,place+political_context
https://actualidadpanamericana.com/petro-revela-imagenes-del-metro/,Petro revela imágenes del Metro - Actualidad Panamericana,Tras la publicación de un tuit en el que afirma que la Bogotá Humana cumplió con el objetivo de construir...,strong_political_signal
https://actualidadpanamericana.com/farc-aceptan-carcel-con-una-sola-condicion/,Farc aceptan cárcel con una sola condición - Actualidad Panamericana,Un giro inesperado dio hoy la discusión en torno a los detalles pendientes del punto de justicia cuyo acuerdo marco...,strong_political_signal
https://actualidadpanamericana.com/agotado-chaleco-doble-faz-bogota-humanaclara-alcaldesa/,Agotado chaleco doble faz Bogotá Humana/Clara alcaldesa - Actualidad Panamericana,"Ni un solo ejemplar del chaleco doble faz «Bogotá Humana-Clara alcaldesa» quedaba esta mañana en las dependencias distritales. La prenda,...",strong_political_signal
https://actualidadpanamericana.com/pacho-santos-sufrio-accidente-taser/,Pacho Santos sufrió accidente con un Taser,"El candidato a la alcaldía de Bogotá por el Centro Democrático, recibió una descarga de 50.000 voltios durante una charla con empresarios.",strong_political_signal
https://actualidadpanamericana.com/jefes-de-las-farc-vivirian-en-suba-para-cumplir-con-restriccion-efectiva-de-libertad/,Jefes de las Farc vivirían en Suba para cumplir con restricción efectiva de libertad - Actualidad Panamericana,Por fin se abre paso una fórmula que permita un acuerdo entre el Gobierno y las Farc sobre qué entender...,strong_political_signal
https://actualidadpanamericana.com/rolex-se-sube-al-bus-de-la-paz-y-lanza-reloj-edicion-secretariado-farc/,"Rolex se sube al bus de la paz y lanza reloj edición ""Secretariado Farc"" - Actualidad Panamericana","La prestigiosa marca quiere hacer su aporte al anhelo de paz y, de paso, rendirle un homenaje a una agrupación que se cuenta entre sus más fieles clientes.",strong_political_signal
https://actualidadpanamericana.com/tuit-de-uribe-publicado-hoy-reclama-que-era-gol-de-yepes/,Tuit de Uribe publicado hoy reclama que era gol de Yepes - Actualidad Panamericana,"Sigue el misterio sobre los trinos que ha venido publicando el exmandatario y actual senador, Álvaro Uribe, en los últimos...",strong_political_signal
https://actualidadpanamericana.com/tras-fracaso-electoral-uribe-ofrece-su-twitter-para-campanas/,"Tras fracaso electoral, Uribe ofrece su Twitter para campañas - Actualidad Panamericana","Nuevos horizontes planea explorar el exmandatario luego de conocer los resultados de la contienda de ayer, desfavorables para su partido,...",strong_political_signal
https://actualidadpanamericana.com/jueces-internacionales-deben-acento-venezolano-exigencia-las-farc/,Jueces internacionales deben tener acento venezolano: Exigencia de las FARC,"Las FARC salieron al paso de la propuesta de jueces internacionales, al exigir que estos deben tener acento venezolano.",strong_political_signal
https://actualidadpanamericana.com/gustavo-petro-duplica-numero-carriles-la-carrera-septima/,Gustavo Petro duplica el número de carriles en la carrera séptima - Actualidad Panamericana,Los habitantes de Bogotá que circularon por la carrera séptima se encontraron con que habían sido pintadas tres líneas adicionales en cada sentido.,strong_political_signal
https://actualidadpanamericana.com/con-becas-de-ser-pilo-paga-y-bienestarina-le-pagaran-al-team-colombia/,"Con becas de ""Ser pilo paga"" y Bienestarina le pagaran al Team Colombia - Actualidad Panamericana",La larga espera de los ciclistas del malogrado equipo de ciclismo Team Colombia llegó a su fin con el anuncio...,place+political_context
https://actualidadpanamericana.com/restos-del-canton-norte-son-de-muiscas-del-siglo-xvi-procuraduria/,Restos del Cantón Norte son de Muiscas del siglo XVI: Procuraduría - Actualidad Panamericana,Ante los hallazgos de cuerpos de seres humanos además de objetos en las caballerizas de la Escuela de Caballería del...,strong_political_signal
https://actualidadpanamericana.com/durante-la-bogota-humana-se-construyo-el-tranvia-en-medellin/,"""Durante la Bogotá Humana se construyó el tranvía"", en Medellín - Actualidad Panamericana",Muy sorprendido se mostró el Alcalde Gustavo Petro al enterarse de que no sería invitado a la inauguración del tranvía...,strong_political_signal
https://actualidadpanamericana.com/intentaran-convencer-a-mick-jagger-de-que-petro-solo-es-un-tuitero-loco/,Intentarán convencer a Mick Jagger de que Petro solo es un tuitero loco - Actualidad Panamericana,Luego del polémico tuit anunciando un posible concierto de la mítica agrupación Rolling Stones con el que habría roto una...,strong_political_signal
https://actualidadpanamericana.com/compresion-de-la-materia-en-buses-de-bogota-altera-leyes-de-la-fisica-y-la-matematica-expertos/,"""Compresión de la materia en buses de Bogotá, altera leyes de la física y la matemática"", expertos. - Actualidad Panamericana","Para esta redacción es un orgullo presentar al ganador de nuestra primera convocatoria al público, quien es ahora candidato a...",place+political_context
https://actualidadpanamericana.com/colombia-pierde-medio-punto-del-pib-no-trabajar-ver-partidos-seleccion/,Colombia pierde medio punto del PIB por no trabajar para ver partidos de selección. - Actualidad Panamericana,"El Ministerio de Hacienda reveló la preocupante cifra esta mañana en una rueda de prensa en Barranquilla, sede del onceno...",strong_political_signal
https://actualidadpanamericana.com/primera-sala-de-cine-5d-se-inaugurara-en-bogota-en-2016/,Primera sala de cine 5D se inaugurará en Bogotá en 2016 - Actualidad Panamericana,El nuevo año llegará a la capital con una novedad muy esperada por los amantes de los avances tecnológicos y...,strong_political_signal
https://actualidadpanamericana.com/uribe-asegura-que-insulto-358-guerrilleros/,Uribe asegura que insultó 358 guerrilleros - Actualidad Panamericana,"Muy temprano esta mañana el expresidente y ahora senador, Álvaro Uribe Vélez salió al paso de la información que ha...",strong_political_signal
https://actualidadpanamericana.com/triunfo-de-macri-anima-a-cesar-pastrana-a-lanzarse-a-la-presidencia/,Triunfo de Macri anima a César Pastrana a lanzarse a la presidencia - Actualidad Panamericana,Luego de conocerse los resultados de la segunda vuelta en Argentina que dieron como ganador al ex presidente de Boca...,strong_political_signal
https://actualidadpanamericana.com/vicepresidente-anuncia-ampliacion-de-puente-de-boyaca/,Vicepresidente anuncia ampliación de Puente de Boyacá - Actualidad Panamericana,"Durante el XII Congreso Nacional de la Infraestructura que organiza la Cámara Colombiana de la Infraestructura en Cartagena, el Vicepresidente Germán Vargas Lleras anunció la...",strong_political_signal
https://actualidadpanamericana.com/petro-dejara-financiado-metro-con-credito-facil-codensa/,Petro dejará financiado Metro con crédito fácil Codensa - Actualidad Panamericana,"En una arriesgada jugada, el todavía alcalde de Bogotá, Gustavo Petro, volvió a destrabar el metro subterrráneo para la ciudad. Y...",strong_political_signal
https://actualidadpanamericana.com/las-lozas-transmilenio-biodegradables-penalosa/,"""Las losas de Transmilenio eran biodegradables"": Peñalosa - Actualidad Panamericana",La declaración se dio esta semana tras un debate en el que se le preguntó al candidato vitalicio Enrique Peñalosa...,place+political_context
https://actualidadpanamericana.com/celebrar-maizena-devolvieron-al-primer-colombiano-entro-sin-visa-europa/,"Por celebrar con Maizena, devolvieron al primer colombiano que entró sin visa a Europa - Actualidad Panamericana",Un mal comienzo tuvo la medida estrenada ayer que permite a los ciudadanos colombianos ingresar sin visa a 28 países...,place+political_context
https://actualidadpanamericana.com/lo-del-galeon-se-nos-va-en-icetex-y-tarjetas-de-credito-santos/,"""Lo del galeón se nos va en Icetex y tarjetas de crédito"", Santos - Actualidad Panamericana","Un llamado a los colombianos a no ilusionarse con los cerca de diez mil millones de dólares -o de pesos,...",strong_political_signal
https://actualidadpanamericana.com/no-mas-deprimidos-en-bogota-calle-94-con-nqs-volvera-a-ser-como-antes/,Calle 94 con NQS ya no tendrá deprimido sino cruce pintado y positivo - Actualidad Panamericana,"De acuerdo con el más reciente anuncio efectuado por el saliente alcalde de Bogotá, Gustavo Petro, se iniciará el proceso...",strong_political_signal
https://actualidadpanamericana.com/farc-aseguran-no-tener-dinero/,Farc aseguran no tener dinero - Actualidad Panamericana,"«Esta no es una guerrilla que ha ejercido la rebelión para enriquecerse. Son otros los que se han enriquecido», aseguró...",strong_political_signal
https://actualidadpanamericana.com/farc-piden-reintegro-de-plata-de-la-guaca-del-caqueta-con-intereses/,Farc piden reintegro de plata de la guaca del Caquetá con intereses - Actualidad Panamericana,"Aspiran a cerca de 70.000 millones. Gobierno asegura que ""lo que alcanzó a rescatarse de esa platica se lo comieron las cuotas de manejo"".",strong_political_signal
https://actualidadpanamericana.com/santos-considera-inapropiada-premiere-de-la-guerra-de-las-galaxias-durante-el-proceso-de-paz/,"Por inapropiado para el proceso de paz, Santos posterga estreno de La Guerra de las Galaxias - Actualidad Panamericana","En su alocución tras el anuncio de la firma del acuerdo sobre el tema de Víctimas y Justicia, el presidente Santos...",strong_political_signal
https://actualidadpanamericana.com/juan-manuel-santos-promete-no-subir-impuestos/,Juan Manuel Santos promete no aumentar impuestos - Actualidad Panamericana,"(Archivo) En el marco de un debate con el también aspirante a la presidencia, Antanas Mockus, el candidato del Partido...",strong_political_signal
https://actualidadpanamericana.com/farc-se-levantan-mesa-negociacion-tras-inocentada-humberto-la-calle/,FARC se levantan de mesa de negociación tras inocentada de Humberto De la Calle - Actualidad Panamericana,"Un preocupante revés han sufrido los diálogos de Paz con las FARC, después de que hoy, 28 de Diciembre, el jefe...",strong_political_signal
https://actualidadpanamericana.com/alejandro-villalobos-pide-a-registraduria-cambiar-su-edad-a-16-anos/,Alejandro Villalobos pide a registraduría cambiar su edad a 16 años - Actualidad Panamericana,El famoso locutor y director de emisoras juveniles anunció esta mañana al aire que le solicitará personalmente al registrador nacional...,strong_political_signal
https://actualidadpanamericana.com/alcalde-petro-se-ufana-de-ser-el-sexto-mejor-del-mundo/,Alcalde Petro se ufana de ser el sexto mejor del mundo - Actualidad Panamericana,"Si bien el alcalde de Bogotá, Gustavo Petro, ha sido propenso a las críticas y a las polémicas ya sea...",strong_political_signal
https://actualidadpanamericana.com/santos-cae-en-broma-telefonica-y-compra-tiempo-compartido/,Santos cae en broma telefónica y compra tiempo compartido - Actualidad Panamericana,"Ayer, el presidente Juan Manuel Santos fue objeto de una broma por parte de una emisora española y terminó comprando...",strong_political_signal
https://actualidadpanamericana.com/petro-maravillado-al-descubrir-que-no-solo-existe-canal-capital/,Petro 'maravillado' tras descubrir que no solo existe Canal Capital en la TV - Actualidad Panamericana,"Muy alegre se le ha visto por estos días al exalcalde de Bogotá, Gustavo Petro. La razón, según confirmaron fuentes...",strong_political_signal
https://actualidadpanamericana.com/controversia-por-escudo-de-las-farc-en-nueva-camiseta-de-la-seleccion/,Controversia por escudo de las Farc en nueva camiseta de la Selección - Actualidad Panamericana,Lema «#Busdelavictoria» estampado en su interior también promete generar polémica. Follow @actualidadpanam shares Facebook Twitter WhatsApp Comentarios...,strong_political_signal
https://actualidadpanamericana.com/penalosa-cambia-marca-de-cafe-de-la-greca-y-petro-enfurece/,Peñalosa cambia marca de café de la greca y Petro enfurece - Actualidad Panamericana,Iracundo se le vio esta mañana al exalcalde de Bogotá Gustavo Petro en un intervalo entre su taller de Reiki...,strong_political_signal
https://actualidadpanamericana.com/este-es-un-momento-historico-para-ser-contador-en-colombia/,Contadores del país felices y agradecidos con la Dian - Actualidad Panamericana,Euforia es el sentimiento que se vive por estos días entre los contadores del país luego de conocerse las más...,place+political_context
https://actualidadpanamericana.com/colombia-se-compromete-a-desmontar-bandeja-paisa-en-cumbre-de-paris/,Colombia se compromete a desmontar bandeja paisa en cumbre de Paris - Actualidad Panamericana,Será gradual: erradicación total tendrá lugar en el 2021. De esta manera Colombia cumple con su cuota de reducción de emisión de gases de efecto invernadero.,strong_political_signal
https://actualidadpanamericana.com/delirio-entre-seguidores-de-uribe-al-verlo-caminar-sobre-el-magdalena-en-honda/,Delirio entre seguidores de Uribe al verlo caminar sobre el Magdalena en Honda - Actualidad Panamericana,A una multitudinaria concentración convocó ayer el Centro Democrático capítulo Tolima viejo en el municipio de Honda con el fin...,strong_political_signal
https://actualidadpanamericana.com/cadena-de-oracion-en-la-procuraduria-por-dia-del-zurdo/,Cadena de oración en la Procuraduría por día del zurdo - Actualidad Panamericana,"Con el rezo del Santo Rosario hoy al mediodía en el oratorio de su despacho, el Procurador General de la...",strong_political_signal
https://actualidadpanamericana.com/santos-pone-casa-de-narino-en-airbnb/,Santos pone Casa de Nariño en AirBnB - Actualidad Panamericana,"Ahora que el gobierno ha vendido el 57% de Isagén al fondo canadiense Brookfield, la misión del gobierno Santos es...",strong_political_signal
https://actualidadpanamericana.com/chalecos-de-la-bogota-humana-ahora-causan-sensacion-en-europa/,Chalecos de la Bogotá Humana ahora causan sensación en Europa - Actualidad Panamericana,"Profunda emoción han sentido colombianos que habitan en diversas ciudades europeas, al ver que chalecos, cortavientos y chompas que hasta...",strong_political_signal
https://actualidadpanamericana.com/plata-de-isagen-no-alcanzara-para-pagarle-al-team-colombia-tendran-que-esperar-a-venta-de-ciudad-perdida/,"Isagen no alcanzará para pagarle al Team Colombia, esperarán a venta de Ciudad Perdida",Una mala noticia recibieron hoy los 18 ciclistas del Team Colombia que todavía esperan el pago de más de tres...,place+political_context
https://actualidadpanamericana.com/egos-penalosa-petro-obligan-evacuar-palacio-lievano/,Egos de Peñalosa y Petro obligan a evacuar Palacio Liévano - Actualidad Panamericana,Un contratiempo inesperado surgió esta mañana en la recta final del empalme entre la administración saliente de Gustavo Petro y...,strong_political_signal
https://actualidadpanamericana.com/colombianos-ahorran-agua-tras-descubrir-que-se-pueden-quedar-sin-cerveza/,Inminente racionamiento de cerveza por sequía - Actualidad Panamericana,"Las altas temperaturas a lo largo del territorio nacional sumadas al fenómeno del niño, la explotación minera en los páramos...",place+political_context
https://actualidadpanamericana.com/a-16-descienden-los-colombianos-que-no-han-sido-golpeado-por-el-esmad/,A 16 se reducen los colombianos que no han sido golpeados por el ESMAD - Actualidad Panamericana,La cifra se dio a conocer tras el enfrentamiento de la fuerza antimotines con un grupo de ciudadanos que manifestaban esta...,strong_political_signal
https://actualidadpanamericana.com/colombia-y-ecuador-entre-los-paises-con-menos-swag-del-mundo/,"Colombia y Ecuador entre los países con menos ""swag"" del mundo - Actualidad Panamericana","El nuevo estudio del Worldwide Swag Survey, WSS por su sigla en inglés, reveló la lista de los países con...",place+political_context
https://actualidadpanamericana.com/o-paz-o-isagen-elijan-ustedes-santos/,"""O paz o Isagen, elijan ustedes"", Santos - Actualidad Panamericana",Un desencajado presidente Juan Manuel Santos salió hoy al paso de las críticas a la venta de Isagen planteando una...,strong_political_signal
https://actualidadpanamericana.com/defensoria-del-pueblo-inaugura-canal-de-atencion-por-tinder/,Defensoría del Pueblo inaugura canal de atención por Tinder - Actualidad Panamericana,"Siempre a la vanguardia en tecnología, la Defensoría del Pueblo anunció para mañana la apertura de un canal de atención...",strong_political_signal
https://actualidadpanamericana.com/los-alcocer-acogen-a-petro-ante-dificil-situacion-economica/,Los Alcocer acogen a Petro ante difícil situación económica - Actualidad Panamericana,"Después de que el ex alcalde de Bogotá, Gustavo Petro, bombardeara Twitter con trinos en los que manifestaba haber salido...",strong_political_signal
https://actualidadpanamericana.com/presidente-santos-chupaba-las-almendras-y-botaba-la-pepa/,Sigue escándalo: revelan que Santos chupaba las almendras y botaba la pepa - Actualidad Panamericana,"Un nuevo hecho se suma al escándalo por los gastos suntuarios en la Casa de Nariño. Al parecer, las almendras...",strong_political_signal
https://actualidadpanamericana.com/alvaro-uribe-denuncia-ser-victima-de-chuzadas/,Álvaro Uribe denuncia ser víctima de chuzadas - Actualidad Panamericana,"A través de su cuenta de Twitter, el exmandatario, caballista y ahora senador, Álvaro Uribe Vélez denunció haber sido víctima...",strong_political_signal
https://actualidadpanamericana.com/policia-del-esmad-llega-tarde-al-trabajo-por-demoras-en-transmilenio/,Policía del ESMAD llega tarde al trabajo por demoras en Transmilenio - Actualidad Panamericana,El patrullero Yohan Pedraza interpuso esta mañana una queja ante la gerencia de Transmilenio tras haber llegado tarde por cuatro...,strong_political_signal
https://actualidadpanamericana.com/marquez-y-gomez-estaban-vendiendo-boletas-para-un-bingo-farc/,"""Márquez y Gómez estaban vendiendo boletas para un bingo"", Farc - Actualidad Panamericana","De exagerada calificaron las Farc la reacción del Gobierno luego de que se conocieran imágenes de dos de sus negociadores,...",strong_political_signal
https://actualidadpanamericana.com/bolardos-de-bogota-seran-decorados-como-minions/,Bolardos de Bogotá serán decorados como minions - Actualidad Panamericana,"Enrique Peñalosa, alcalde mayor de Bogotá, anunció que ya tiene lista la licitación para entregar su más ambicioso programa en...",place+political_context
https://actualidadpanamericana.com/visita-de-delegacion-colombiana-salvo-el-ano-del-sector-turistico-de-washington/,"Delegación de Santos salvó, desde ya, el año de la industria turística en Washington - Actualidad Panamericana","Muy satisfecho se mostró Barry O’Grady, presidente del gremio que agrupa a todos los negocios relacionados con el turismo en...",strong_political_signal
https://actualidadpanamericana.com/polemica-por-desplazamientos-de-negociadores-de-las-farc-en-ubercopteros/,Polémica por desplazamientos de negociadores de las Farc en Ubercópteros - Actualidad Panamericana,Muy satisfechos se han declarado los negociadores de las Farc luego de haber recurrido al servicio de helicópteros de la...,strong_political_signal
https://actualidadpanamericana.com/frasco-de-valeriana-de-uribe-en-realidad-tenia-yage/,Frasco de valeriana de Uribe en realidad tenía yagé - Actualidad Panamericana,"El famoso frasco de gotas de valeriana que consumía el caballista y expresidente y que ,según lo afirmó varias veces, le...",strong_political_signal
https://actualidadpanamericana.com/94-6-de-colombianos-ya-se-puede-considerar-en-semana-santa-dane/,94.6% de colombianos ya se puede considerar técnicamente en Semana Santa: DANE - Actualidad Panamericana,Un estudio exprés que llevó a cabo el Dane la semana pasada confirmó de manera oficial lo que la inmensa...,strong_political_signal
https://actualidadpanamericana.com/petro-acusa-en-twitter-de-candidato-de-las-mafias-a-frank-underwood/,Petro acusa en Twitter de “candidato de las mafias” a Frank Underwood - Actualidad Panamericana,Una vez más en noticia el exalcalde de Bogotá por cuenta de su reconocida dificultad para distinguir entre realidad y...,strong_political_signal
https://actualidadpanamericana.com/por-dejar-vela-prendida-se-queman-cortinas-de-la-casa-de-narino/,"Por dejar vela prendida anoche, se queman cortinas de la Casa De Nariño - Actualidad Panamericana","Con una amarga experiencia, el presidente Santos ha vivido en carne propia el conocido adagio de que «lo barato sale...",strong_political_signal
https://actualidadpanamericana.com/santos-le-da-consulado-a-mendigo-que-lo-abordo-hoy-en-centro-de-bogota/,Santos le da consulado a mendigo que lo abordó hoy en centro de Bogotá - Actualidad Panamericana,"Un hecho curioso dejó el recorrido que hicieron el presidente, Juan Manuel Santos, y el alcalde de Bogotá, Enrique Peñalosa,...",strong_political_signal
https://actualidadpanamericana.com/florida-veta-colombianos-restaurantes-lo-pueda-comer/,"Florida veta a colombianos de restaurantes ""Todo lo que pueda comer"" - Actualidad Panamericana",Una polémica disposición estatal tiene molestos a los colombianos que residen y visitan la Florida. Se trata de de una...,place+political_context
https://actualidadpanamericana.com/sic-demanda-al-dane-por-publicidad-enganosa/,SIC multa al DANE por publicidad engañosa - Actualidad Panamericana,"La Superintendencia de industria y comercio anunciará mañana  que impondrá un comparendo pedagógico al Departamento Administrativo Nacional de Estadística, DANE...",strong_political_signal
https://actualidadpanamericana.com/santos-nunca-ha-jugado-poker-se-desata-crisis-en-medios/,Santos nunca ha jugado póker. Se desata crisis en medios. - Actualidad Panamericana,"«Le voy a decir la verdad: el presidente en su vida ha jugado póker, máximo una vez en campaña y...",strong_political_signal
https://actualidadpanamericana.com/james-pide-a-santos-que-no-ponga-como-ejemplo-de-ahorro-de-energia/,James pide a Santos que no lo use más como ejemplo de ahorro de energía - Actualidad Panamericana,"Muy molesto se mostró el volante del Real Madrid, James Rodríguez, con el presidente Juan Manuel Santos tras enterarse de...",strong_political_signal
https://actualidadpanamericana.com/santos-nombra-jorge-duque-linares-nuevo-superministro-del-positivismo/,Santos nombra a Jorge Duque Linares como nuevo 'superministro' del positivismo - Actualidad Panamericana,"Alto Consejero para la Unión y el Positivismo es el nombre real del cargo que, a partir de la próxima...",strong_political_signal
https://actualidadpanamericana.com/santos-envia-hermano-donde-vecinos-le-bajen-la-musica/,Santos envía a su hermano a donde vecinos para que le bajen a la música - Actualidad Panamericana,"Una vez más el presidente, Juan Manuel Santos, recurrió a las habilidades para persuadir de su hermano Enrique con el...",strong_political_signal
https://actualidadpanamericana.com/invitacion-capellan-la-fiscalia-santiago-uribe-apostol-manana-genera-polemica/,Invitación de capellán de la Fiscalía a Santiago Uribe para ser apóstol genera polémica - Actualidad Panamericana,"Como «de muy mal gusto» tildó hoy el Centro Democrático la invitación que hiciera el padre Leonidas Ramírez, párroco de...",strong_political_signal
https://actualidadpanamericana.com/cambio-acuerdo-gobierno-farc-regalaran-bono-del-exito-hogares-colombianos/,"A cambio de acuerdo, Gobierno y Farc regalarán bono del Éxito a hogares colombianos - Actualidad Panamericana",No tuvo lugar hoy el esperado anuncio de la firma del acuerdo final con las Farc. Conscientes de la decepción...,strong_political_signal
https://actualidadpanamericana.com/comienza-proceso-beatificar-ex-community-manager-transmilenio/,Comienza proceso para beatificar a ex community manager de Transmilenio - Actualidad Panamericana,Buenas noticias trajo para Colombia el tradicional comunicado que cada jueves santo publica el Vaticano con la lista de los...,strong_political_signal
https://actualidadpanamericana.com/le-rechazan-pago-tarjeta-santos-no-le-creyeron-plazo/,Le rechazan pago con tarjeta de crédito a Santos: no le creyeron el plazo - Actualidad Panamericana,"Un inconveniente inesperado debió sortear hoy el presidente, Juan Manuel Santos, cuando decidió salir en compañía de su familia a...",strong_political_signal
https://actualidadpanamericana.com/ciclista-urbano-de-bogota-habria-respetado-semaforo/,Ciclista urbano y alternativo de Bogotá habría respetado semáforo - Actualidad Panamericana,"La noticia, todavía sin confirmar, ha generado enorme escepticismo entre ciudadanía y entendidos. Y es que según al menos dos...",place+political_context
https://actualidadpanamericana.com/fotos-pastor-alape-del-prom-las-farc/,Fotos de Pastor Alape eran del 'prom' de las Farc. - Actualidad Panamericana,Las fotos del comandante revolucionario en actitud de festejo y situación de flirteo que causaron indignación tras el aplazamiento de...,strong_political_signal
https://actualidadpanamericana.com/piden-dejar-frente-las-farc-funcionando-gringos-vengan-verlo/,Piden dejar un frente de las Farc funcionando para que gringos vengan a verlo - Actualidad Panamericana,"Ante el inusitado y creciente interés que comienza a despertar la vida cotidiana guerrillera entre las audiencias de Estados Unidos,...",strong_political_signal
https://actualidadpanamericana.com/ley-seca-por-super-bowl-en-bogota/,Ley seca por Super Bowl en Bogotá - Actualidad Panamericana,La esperada final del fútbol americano obligó a las autoridades distritales a decretar la ley seca en Bogotá entre las...,place+political_context
https://actualidadpanamericana.com/uribe-habria-dado-orden-luces/,Uribe habría dado orden de encender todas las luces de su casa - Actualidad Panamericana,"Vecinos del sector de Llanogrande en Rionegro, Antioquia, han reportado una excesiva luminosidad proveniente del predio perteneciente al expresidente, Álvaro...",strong_political_signal
https://actualidadpanamericana.com/eln-solo-accede-temporada-rebajas-secuestros-extorsiones/,ELN solo accede a temporada de rebajas en secuestros y extorsiones - Actualidad Panamericana,"Haciendo gala del cinismo que los caracteriza, los negociadores del ELN en el proceso de paz con el Gobierno, Pablo...",strong_political_signal
https://actualidadpanamericana.com/minhacienda-pide-corruptos-al-menos-gastar-la-plata-dentro-del-pais/,"Minhacienda pide a corruptos ""al menos gastar la plata dentro del país"" - Actualidad Panamericana","El mejor ministro de hacienda del continente y segundo del mundo mundial, Mauricio Cárdenas hizo la polémica afirmación tras darse...",strong_political_signal
https://actualidadpanamericana.com/uribe-le-prohibe-zuluaga-asegurar-conversaciones-whatsapp/,Uribe le prohíbe a Zuluaga asegurar sus conversaciones de Whatsapp - Actualidad Panamericana,"El excandidato a la presidencia por el Centro Democrático y siete veces elegido mejor ministro de hacienda de la galaxia,...",strong_political_signal
https://actualidadpanamericana.com/nino-quiere-directivo-desconcierta-padres-profesores-cunday-tolima/,"Niño que quiere ser directivo desconcierta a padres y profesores en Cunday, Tolima - Actualidad Panamericana","Desconcertados se declaran los padres de Maicol Javier Ruiz, de apenas diez años, que desde que tiene uso de razón...",place+political_context
https://actualidadpanamericana.com/jefes-farc-cancelan-viaje-bruselas-temor-terrorismo/,Jefes de Farc cancelan viaje a Bruselas por temor a terrorismo - Actualidad Panamericana,Un desplazamiento que tenían previsto para hoy los jefes y negociadores de las Farc a Bruselas fue cancelado a última...,strong_political_signal
https://actualidadpanamericana.com/renders-del-metro-bogota-ahora-saldran-las-chocolatinas-jet/,'Renders' del metro de Bogotá ahora saldrán en las chocolatinas Jet - Actualidad Panamericana,Los 508 renders del metro de Bogotá que se han hecho a lo largo de la historia por fin dejarán...,strong_political_signal
https://actualidadpanamericana.com/confirman-presencia-al-menos-4-gatos-marcha-uribista-del-2-abril/,Confirman presencia de al menos 4 gatos en marcha uribista del 2 de abril - Actualidad Panamericana,La próxima marcha del dos de abril convocada por el Centro Democrático  contará con la presencia de al menos cuatro gatos....,strong_political_signal
https://actualidadpanamericana.com/santos-envia-video-asamblea-copropietarios-tambien-chiflado/,Santos envía video a asamblea de copropietarios y también es chiflado - Actualidad Panamericana,Sigue la mala racha del primer mandatario con sus mensajes en video. Luego de que el saludo que envió en...,strong_political_signal
https://actualidadpanamericana.com/renacido-la-critica-petro/,El Renacido - la crítica de Petro - Actualidad Panamericana,"A partir de hoy abrimos este espacio de opinión a cargo al exalcalde de Bogotá Gustavo Petro, quien siempre ha...",strong_political_signal
https://actualidadpanamericana.com/recompensas-cabecillas-del-eln-no-aplican-frank-pearl/,Recompensas por cabecillas del ELN no aplican para Frank Pearl - Actualidad Panamericana,"Una mala noticia recibió hoy el jefe del equipo negociador del Gobierno con el ELN, Frank Pearl al leer la...",strong_political_signal
https://actualidadpanamericana.com/protesta-malos-olores-los-cascos-mototaxistas-colapsa-barranquilla/,Mototaxistas protestan por olor de pelo mojado en cascos - Actualidad Panamericana,Ni los controles de la Policía ni el sofoco que producen las altas temperaturas habituales en la capital del Atlántico pudieron frenar...,place+political_context
https://actualidadpanamericana.com/lina-moreno-se-declara-resistencia-civil-ante-chocheras-uribe/,"Lina Moreno se declara en ""resistencia civil"" ante chocheras de Uribe - Actualidad Panamericana","En las últimas horas, la esposa del expresidente Uribe declaró encontrarse en actitud de resistencia civil, como manera de ponerle...",strong_political_signal
https://actualidadpanamericana.com/colombiano-los-ayudaron-trastear-dilma/,Júbilo por presencia de un colombiano entre los que ayudaron a trastear a Dilma - Actualidad Panamericana,"Gracias a Joao Franco, Colombia pudo decir presente en la suspensión de Dilma Rousseff de su cargo como presidenta de...",strong_political_signal
https://actualidadpanamericana.com/canonizacion-vida-jefes-las-farc-plan-b-blindaje-juridico/,"Canonización en vida de jefes de las Farc, plan B para blindaje jurídico - Actualidad Panamericana",Una alternativa que sería el plan B en caso de que el Congreso o la Corte Constitucional no aprueben el...,strong_political_signal
https://actualidadpanamericana.com/nina-grafiti-banksy-tambien-colombiana/,Niña de grafiti de Banksy también es colombiana - Actualidad Panamericana,Tras conocerse en las últimas horas que la famosa mujer que se enfrentó a una marcha de neonazis en Suecia...,place+political_context
https://actualidadpanamericana.com/camara-escondida-asusta-jefes-farc-regreso-al-monte/,Broma de cámara escondida asusta a jefes de Farc con regreso al monte - Actualidad Panamericana,"Un mal rato vivieron recientemente los miembros de la la delegación de paz de las Farc-Ep en La Habana, Cuba,...",strong_political_signal
https://actualidadpanamericana.com/tuit-kevin-roldan-maduro-llama-consultas-embajador-colombia/,"Por tuit de Kevin Roldán, Maduro llama a consultas a embajador en Colombia - Actualidad Panamericana","Este martes, el presidente de Venezuela, Nicolás Maduro anunció el llamado a consultas de su embajador en Colombia, Iván Rincón, así...",strong_political_signal
https://actualidadpanamericana.com/uribe-aprueba-guerra-almohadas-sin-impunidad/,"Uribe aprueba guerra de almohadas, pero sin impunidad  - Actualidad Panamericana",Antanas Mockus está promoviendo en redes sociales una guerra de almohadas a la que se han ido uniendo representantes de...,strong_political_signal
https://actualidadpanamericana.com/fuga-gas-vladivostok-causa-feroz-enfrentamiento-seguidores-petro-penalosa/,Fuga de gas en Vladivostok causa feroz enfrentamiento entre seguidores de Petro y Peñalosa - Actualidad Panamericana,Un trino aislado de una ciudadana rusa dio pie hoy a una nueva confrontación entre los seguidores de los dos...,strong_political_signal
https://actualidadpanamericana.com/autocorrector-santos-cambia-secuestro-retencion/,Autocorrector de Santos cambia retención por secuestro - Actualidad Panamericana,Un invitado a la ceremonia de ascensos de suboficiales de la Policía Nacional esta semana registró un detalle en el...,strong_political_signal
https://actualidadpanamericana.com/petro-dictara-catedra-intervenir-bronx/,Petro dictará cátedra sobre cómo intervenir el Bronx - Actualidad Panamericana,Una cátedra en distintas universidades de primer nivel en Estados Unidos y Europa sobre cómo intervenir zonas deprimidas de capitales...,strong_political_signal
https://actualidadpanamericana.com/santos-autoriza-inversionistas-llamarnos-columbia/,Santos concede a inversionistas extranjeros permiso para llamarnos Columbia - Actualidad Panamericana,"El presidente, Juan Manuel Santos, entró a terciar, y con claras intenciones de bajarle el tono, en la polémica que generó...",strong_political_signal
https://actualidadpanamericana.com/condones-palomas-bogota-talla-equivocada/,Condones para palomas en Bogotá resultaron de talla equivocada - Actualidad Panamericana,Las medidas anticonceptivas para reducir el número de palomas que afectan plazas públicas y monumentos en Bogotá no han podido...,strong_political_signal
https://actualidadpanamericana.com/uribe-deja-publicidad-plebiscito-manos-santos/,Uribe deja publicidad contra el plebiscito en manos de Santos - Actualidad Panamericana,"Por orden de su máximo líder, el Centro Democrático canceló hoy todas las órdenes de compra por concepto de publicidad...",strong_political_signal
https://actualidadpanamericana.com/penalosa-propone-dialogo-eln-sea-traves-una-app/,Peñalosa propone que diálogo con ELN sea a través de una APP - Actualidad Panamericana,"Argumentando que el sector público es ineficiente, y que no hay mejor evidencia de ello que los casi cuatro años...",strong_political_signal
https://actualidadpanamericana.com/uribe-acaba-adherir-campana-donald-trump/,Uribe acaba de adherir a campaña de Donald Trump - Actualidad Panamericana,"En acto que tendrá lugar en la sala de juntas de las oficinas de Monsanto en Colombia, el expresidente Álvaro...",strong_political_signal
https://actualidadpanamericana.com/85-los-colombianos-prefieren-copa-america-paz/,85% de los colombianos prefieren Copa América a Paz - Actualidad Panamericana,"Sorpresa causó un estudio dado a conocer esta mañana por la Universidad Francisco José de Sucre, según el cual la...",strong_political_signal
https://actualidadpanamericana.com/estados-unidos-ofrece-comprar-todas-las-armas-las-farc/,"Armas de Farc, ""bienvenidas en Estados Unidos"" - Actualidad Panamericana",Ante el anuncio de la inminente entrega de armas por parte de las FARC y el acuerdo para el cese...,strong_political_signal
https://actualidadpanamericana.com/galeon-se-queda-donde-esta-james-tambien-colombia-espana/,"""Si el Galeón se queda donde está, James también"": Colombia a España - Actualidad Panamericana","Contundente fue la respuesta de la canciller colombiana, Maria Ángela Holguín al ministro de justicia español, Rafael Catalá quien hoy...",place+political_context
https://actualidadpanamericana.com/carta-renuncia-cameron-lamenta-no-haber-aceptado-nonomania-ofrecida-santos/,"En carta de renuncia, Cameron lamenta no haber aceptado Ñoñomanía ofrecida por Santos - Actualidad Panamericana",Un detalle que toca directamente a Colombia aparece en la carta de renuncia del primer ministro británico David Cameron luego...,strong_political_signal
https://actualidadpanamericana.com/andenes-bogota-elegidos-los-mejores-america-andar-moto/,"Andenes de Bogotá, elegidos los mejores de América para andar en moto - Actualidad Panamericana","Sigue cosechando premios la capital de la república. Esta vez por cuenta de la World Moto Association, entidad que agrupa a...",place+political_context
https://actualidadpanamericana.com/gana-no-me-llevo-james-la-fudra-santos/,"""Si gana el No, mando a James de contraguerrilla"", Santos - Actualidad Panamericana","El presidente Juan Manuel Santos encendió esta mañana la indignación general ante la advertencia de que, en caso de que...",strong_political_signal
https://actualidadpanamericana.com/orden-corte-seleccion-colombia-incorporara-sobandero/,"Por orden de Corte, Selección Colombia tendrá sobandero - Actualidad Panamericana","Todas las selecciones del país deberán incluir ""a un exponente de saberes alternativos"" a partir de la fecha.",strong_political_signal
https://actualidadpanamericana.com/colombia-exporto-hoy-primer-container-falsos-testigos/,Colombia exportó hoy su primer container de falsos testigos - Actualidad Panamericana,"Como un hito en nuestra historia económica y judicial calificó el presidente, Juan Manuel Santos, la partida hoy, desde el...",strong_political_signal
https://actualidadpanamericana.com/procuraduria-prohibe-celebrar-los-goles-copa-america-demostraciones-fisicas-afecto/,Procuraduría prohíbe celebrar los goles de Copa América con demostraciones físicas de afecto - Actualidad Panamericana,"Una clara advertencia emitió en las últimas horas el Ministerio Público a los colombianos, de cara a la Copa América...",strong_political_signal
https://actualidadpanamericana.com/farc-piden-esperar-suba-dolar-lanzar-partido-politico/,Farc piden esperar a que suba más el dólar para lanzar su partido político - Actualidad Panamericana,Un margen de espera mientras se acentúa la devaluación del peso habrían pedido los negociadores de las Farc para convertirse...,strong_political_signal
https://actualidadpanamericana.com/farc-cancela-noticiero-le-da-aval-noticias-rcn/,"Farc cancela su noticiero: ""Noticias RCN es más barato y cumple la misma función"" - Actualidad Panamericana",La delegación de paz de las Farc sorprendió esta noche al anunciar que a partir de la fecha el “Noticiero...,strong_political_signal
https://actualidadpanamericana.com/himno-colombiano-cayo-al-puesto-17-escalafon/,Himno colombiano cayó al puesto 17 del escalafón - Actualidad Panamericana,"El himno colombiano, alguna vez el segundo más bello del mundo, sigue en caída libre en el escalafón que mensualmente...",strong_political_signal
https://actualidadpanamericana.com/pastel-bodas-maria-antonia-santos-estaba-minado-picante-advertir-los-riesgos-no-firmar-la-paz/,Ponqué de Maria Antonia Santos estaba minado con picante para advertir los riesgos de no firmar la paz - Actualidad Panamericana,"La boda del año entre la hija del presidente, Maria Antonia Santos, y el golfista y sin embargo empresario Sebastián...",strong_political_signal
https://actualidadpanamericana.com/frente-rebelde-las-farc-pide-olla-norte-bogota-desmovilizarse/,Frente rebelde de las Farc pide olla en el norte de Bogotá para desmovilizarse - Actualidad Panamericana,Tras el ultimátum que recibieran del presidente Juan Manuel Santos ayer sobre su seguro final en una tumba o en...,strong_political_signal
https://actualidadpanamericana.com/sorpresivo-like-uribe-fan-page-frente-rebelde-las-farc/,"Sorpresivo ""Like"" de Uribe a fan page de frente rebelde de las Farc - Actualidad Panamericana",Los devotos del expresidente Álvaro Uribe se llevaron una sorpresa esta mañana al constatar que éste le había dado «like»...,strong_political_signal
https://actualidadpanamericana.com/esmad-ataca-monumento-los-lanceros-al-confundirlo-grupo-camioneros-paro/,ESMAD ataca Monumento a los Lanceros al confundirlo con manifestantes - Actualidad Panamericana,Nuevos y lamentables sucesos se registraron hoy debido a los enfrentamientos  producto del paro camionero. En horas de la mañana...,strong_political_signal
https://actualidadpanamericana.com/baligrafo-se-le-dispara-uribe/,Balígrafo se le dispara a Uribe - Actualidad Panamericana,Un triste accidente opacó la celebración generalizada de la firma del acuerdo para el fin del conflicto entre las Farc...,strong_political_signal
https://actualidadpanamericana.com/colombianas-plan-b-96-5-gringos-europeos-argentinos-revela-estudio/,"Colombianas son ""última opción, pero a la fija"" de 96.5% de gringos, revela estudio - Actualidad Panamericana","El world dating survey 2016, estudio que explora las preferencias de personas en más de cien países a la hora...",place+political_context
https://actualidadpanamericana.com/capturado-hombre-vendia-cupos-famosos-colombianos-los-panama-papers/,Capturado hombre que vendía cupos a famosos colombianos en los Panama Papers - Actualidad Panamericana,"Gracias a un operativo relámpago la policía capturó esta tarde en su apartamento de Suba a Yon Chitiva, sindicado de vender...",place+political_context
https://actualidadpanamericana.com/crisis-antioquia-posible-escasez-aguardiente/,Crisis en Antioquia por posible escasez de aguardiente - Actualidad Panamericana,"Así lo informó hoy Sandra Natalia Pérez, delegada de reserva y consumo de la Fábrica de Licores de Antioquia. Declaró...",strong_political_signal
https://actualidadpanamericana.com/james-regreso-entrenamientos-regalo-colombiano-cajas-dunkin-donuts/,James regresó a entrenamientos con regalo muy colombiano: cajas de Dunkin Donuts - Actualidad Panamericana,"Con 24 cajas cada una con una docena de donas de Dunkin Donuts se apareció hoy en Columbus, Ohio, Estados...",place+political_context
https://actualidadpanamericana.com/aumento-cubalibres-servidos-zona-t-indica-castrochavismo-se-acerca-uribe/,Uribe advierte sobre inexplicable aumento de cubalibres servidos en Zona T - Actualidad Panamericana,"Como una señal más, inequívoca y preocupante, de la inminente llegada del comunismo castrochavista al país calificó hoy el expresidente...",strong_political_signal
https://actualidadpanamericana.com/notario-uribista-se-niega-registrar-nino-llamado-posconflicto/,Notario uribista se niega a registrar niño llamado Posconflicto - Actualidad Panamericana,"El deseo de los padres de Joel Posconflicto Zambrano de darle a su hijo recién nacido un nombre «de moda,...",strong_political_signal
https://actualidadpanamericana.com/procuraduria-ordeno-vestir-bolivar-desnudo-pereira/,Procuraduría ordenó vestir Bolívar desnudo de Pereira - Actualidad Panamericana,Luciendo un atuendo casual -jean y chaqueta de cuerina- amaneció hoy el emblemático Bolívar desnudo de Pereira. Todo esto en...,strong_political_signal
https://actualidadpanamericana.com/santos-regalara-renders-casas-medallistas-olimpicos/,Santos regalará 'renders' de casas a medallistas olímpicos - Actualidad Panamericana,"Como un gesto que combina austeridad e innovación calificó hoy el presidente, Juan Manuel Santos, la decisión de regalarle a...",strong_political_signal
https://actualidadpanamericana.com/medallistas-colombianos-deberan-pagar-salud-pension-recibirlas/,Medallistas colombianos deberán pagar salud y pensión antes de recibirlas - Actualidad Panamericana,Contundente fue Coldeportes al advertirle a los deportistas colombianos que conquisten medallas en los Juegos Olímpicos de Río que su...,place+political_context
https://actualidadpanamericana.com/richard-branson-incursiona-negocio-fotomultas-colombianas/,Richard Branson incursiona en negocio de fotomultas colombianas - Actualidad Panamericana,"Conocido en todo el planeta por su inigualable olfato para los negocios, el magnate británico Richard Branson ha realizado varias visitas...",strong_political_signal
https://actualidadpanamericana.com/senadora-vivianne-morales-propone-plan-impermeabilizar-canoas-colombia/,Senadora Vivianne Morales propone plan para impermeabilizar canoas de Colombia - Actualidad Panamericana,"La senadora Vivianne Morales, autora del proyecto que busca convocar a un referendo con miras a prohibir definitivamente la adopción gay, ha...",strong_political_signal
https://actualidadpanamericana.com/no-me-cambian-arroz-maduro-voto-no-al-plebiscito-ejecutivo-bogotano/,"""Si no me cambian arroz por maduro, voto 'no' al plebiscito"": Ejecutivo bogotano - Actualidad Panamericana",Un nuevo acto de mezquindad con la paz se registró este medio día en un popular restaurante de «corrientazos» en...,place+political_context
https://actualidadpanamericana.com/barco-colombiano-se-mete-doble-fila-obstruye-nuevo-canal-panama/,Barco colombiano se mete en doble fila y obstruye nuevo canal de Panamá - Actualidad Panamericana,"Un lamentable episodio empañó ayer la inauguración de la ampliación del canal de Panamá. Una embarcación de bandera colombiana , de...",place+political_context
https://actualidadpanamericana.com/gobierno-busca-acuerdo-parmalat-exportar-mala-leche-colombianos/,Gobierno busca acuerdo con Parmalat para exportar mala leche de colombianos - Actualidad Panamericana,Ante la progresiva desindustrialización del país debido a que el gobierno centró todas sus expectativas en los hidrocarburos sin prever...,strong_political_signal
https://actualidadpanamericana.com/procuraduria-prohibe-eventuales-goles-palomita-seleccion-hoy/,Procuraduría prohíbe eventuales goles de palomita a Selección hoy - Actualidad Panamericana,"En circular preventiva que hizo llegar hoy a la sede de la Federación Colombiana de Fútbol, la Procuraduría no solo...",strong_political_signal
https://actualidadpanamericana.com/interprete-epa-colombia-prepara-libro-confirma-asistencia-filbo-2017/,"Intérprete de ""Epa Colombia"" publica libro y confirma asistencia a FILBO 2017 - Actualidad Panamericana","Horas después de que el primer video de Daneidy Barrera, también conocida en redes como Chamitha Cheer, se hiciera viral salió de la imprenta...",place+political_context
https://actualidadpanamericana.com/vaina-ese-dia-me-sacan-las-cordales-vargas-santos-tras-invitacion-colaborar-plebisicito/,"""Qué vaina, justo ese día me sacan las cordales"", Vargas a Santos tras invitación a colaborar en Plebisicito - Actualidad Panamericana","Avisándole que justo el 2 de octubre tiene programada una cirugía para la extracción de tres muelas cordales, el vicepresidente...",strong_political_signal
https://actualidadpanamericana.com/uribe-advierte-hillary-santos-la-quiere-embadurnar-mermelada/,Uribe advierte a Hillary de que Santos la quiere embadurnar de mermelada - Actualidad Panamericana,"La candidata presidencial por el Partido Demócrata, Hillary Clinton no ha ocultado su desconcierto ante la carta recibida por parte...",strong_political_signal
https://actualidadpanamericana.com/uribe-manda-carta-goku-colombia-no-sea-una-segunda-venezuela/,Uribe ahora envía carta a Goku - Actualidad Panamericana,"En carta enviada directamente al legendario Súper Sayayin, el Senador Uribe le pide de manera comedida ayuda inmediata para evitar...",strong_political_signal
https://actualidadpanamericana.com/pastrana-sabotea-pinata-al-enterarse-no-estaba-invitado/,Pastrana sabotea piñata al enterarse de que no estaba invitado. - Actualidad Panamericana,Un dramático desenlace tuvo el pasado fin de semana la fiesta del pequeño Marcos Urrutia-Smith en la que celebraba su cumpleaños número cinco....,strong_political_signal
https://actualidadpanamericana.com/reforma-tributaria-exonerara-pagar-impuestos-quienes-viven-del-bobo-minhacienda/,"""Reforma tributaria exonerará de pagar impuestos a quienes viven del bobo”: Minhacienda - Actualidad Panamericana","En la que considera al medida tributaria más revolucionaria de los últimos cien años, Mauricio Cárdenas, ministro de Hacienda y...",strong_political_signal
https://actualidadpanamericana.com/comite-del-nobel-paz-se-cansa-manda-spam-correos-juan-manuel-santos/,Comité del Nobel de Paz se cansa y manda a SPAM correos de Juan Manuel Santos - Actualidad Panamericana,"«Sí, es verdad. Es una decisión inédita, pero tienen que creernos: no teníamos más alternativa, se puso sencillamente insportable». De...",strong_political_signal
https://actualidadpanamericana.com/boyaca-chico-no-quiere-sufrir-mas-pide-dimayor-lo-descienda-ya/,Boyacá Chicó no quiere sufrir más y pide a Dimayor que lo descienda ya - Actualidad Panamericana,"El Presidente, máximo accionista, DT y kinesiólogo (e) del Boyacá Chicó, Eduardo Pimentel elevará hoy a la Dimayor una petición...",place+political_context
https://actualidadpanamericana.com/gana-me-voy-del-pais-colombiana-miami/,"""Si gana el Sí, me voy del país"", colombiana en Miami - Actualidad Panamericana",Categórica se mostró hoy Ruth Echavarría al responder la pregunta del periodista del noticiero local de Univisión sobre qué haría...,strong_political_signal
https://actualidadpanamericana.com/timochenko-se-queja-inseguridad-cartagena/,Timochenko se queja por inseguridad en Cartagena - Actualidad Panamericana,"Molesto se le vio esta tarde al máximo comandante de las Farc, Rodrigo Londoño alias ‘Timochenko’ luego de sus primeras...",strong_political_signal
https://actualidadpanamericana.com/polemica-invitacion-youtuber-la-decima-convencion-las-farc/,Polémica por invitación de Youtuber a la décima conferencia de las FARC - Actualidad Panamericana,"Como decepcionante han calificado algunos guerrilleros de las FARC, la noticia de que los altos mandos del grupo rebelde han invitado al famoso Youtuber German Garmendia...",strong_political_signal
https://actualidadpanamericana.com/visita-kuczynski-cartagena-dejo-peru-sin-presupuesto-educacion-2017/,Visita de Kuczynski a Cartagena dejó a Perú sin presupuesto para educación en 2017 - Actualidad Panamericana,"Un nuevo desafío se suma a los muchos que tendrá el presidente de Perú, Pedro Pablo Kuczynski en el año...",strong_political_signal
https://actualidadpanamericana.com/uribe-desautoriza-juan-carlos-velez-tras-filtrar-resultados-del-amigo-secreto-del-cd/,"Uribe desautoriza a Juan Carlos Vélez tras filtrar resultados del ""Amigo secreto"" del CD - Actualidad Panamericana","En problemas se encuentra Juan Carlos Vélez, director de la campaña por el NO del centro democrático, quien después de aceptar que habría usado estrategias engañosas para manipular la intención de voto en contra de los acuerdos de paz , procedió...",strong_political_signal
https://actualidadpanamericana.com/alto-costo-hoteles-presidentes-funcionarios-terminan-hostal-mochileros-cartagena/,"Por alto costo de hoteles, presidentes y funcionarios terminan en hostal para mochileros de Cartagena - Actualidad Panamericana",Un cambio de última hora tuvieron que implementar varias de las delegaciones que llegaron ayer a Cartagena para asistir mañana...,strong_political_signal
https://actualidadpanamericana.com/uribe-no-estoy-dilatando-la-paz-elecciones-solo-2018/,"Uribe: ""No estoy dilatando la paz hasta elecciones, solo hasta el 2018"" - Actualidad Panamericana",El expresidente y caballista Álvaro Uribe Velez salió al paso esta mañana a lo que llamó «malintencionados rumores» según los...,strong_political_signal
https://actualidadpanamericana.com/centro-democratico-no-podido-decidir-quien-despierta-uribe-la-noticia-del-nobel/,En el Centro Democrático no han podido decidir quién despierta a Uribe con la noticia del Nobel - Actualidad Panamericana,"A esta hora se viven momentos de angustia en la sede del Centro Democrático, pues Álvaro Uribe sigue dormido y...",strong_political_signal
https://actualidadpanamericana.com/programa-humor-noruego-no-way-norway-se-adjudica-nobel-santos/,Programa de humor noruego 'No way Norway' se adjudica el Nobel de Santos - Actualidad Panamericana,"Enorme expectativa ha generado el anuncio del reconocido programa de humor noruego No way Norway, sobre una “broma colosal” de...",strong_political_signal
https://actualidadpanamericana.com/exclusivo-estos-los-diez-inamovibles-del-uribismo-la-negociacion-gobierno-las-farc/,EXCLUSIVO: Estos son los diez inamovibles del uribismo en la negociación con el Gobierno y las Farc - Actualidad Panamericana,"De manera exclusiva, Actualidad Panamericana les trae los diez inamovibles del Centro Democrático en su negociación con el Gobierno con...",strong_political_signal
https://actualidadpanamericana.com/nos-devolvemos-al-monte-mejor-venezuela-jefes-las-farc/,"""Si nos devolvemos es al monte, mejor que Venezuela"", jefes de las Farc - Actualidad Panamericana",Una sorprendente respuesta dieron hoy los negociadores de las Farc presentes en La Habana al término de una rueda de...,strong_political_signal
https://actualidadpanamericana.com/centro-democratico-asegura-santos-enmermelo-la-nina-no-vino/,"Centro Democrático asegura que Santos ""enmermeló"" a la Niña y por eso no vino - Actualidad Panamericana","En rueda de prensa que tuvo lugar esta mañana, la bancada parlamentaria del Centro Democrático aseguró tener pruebas de que...",strong_political_signal
https://actualidadpanamericana.com/roberto-gerlein-aparecio-mueble-inventario-del-senado/,Roberto Gerlein apareció como mueble en inventario del senado - Actualidad Panamericana,El senador cuasi vitalicio Roberto Gerlein se llevó una sorpresa esta mañana al descubrir su nombre en el inventario de...,strong_political_signal
https://actualidadpanamericana.com/andres-felipe-arias-demanda-ivan-duque-derechos-del-personaje-uribito/,Andrés Felipe Arias demanda a Iván Duque por derechos del personaje Uribito - Actualidad Panamericana,"Gozando ya de libertad condicional en el sur de la Florida, el exministro de agricultura, Andrés Felipe Arias, anunció que...",strong_political_signal
https://actualidadpanamericana.com/fingen-entrega-premio-santos-palacio-venga-firmar-primas-navidenas/,Fingen entrega de premio a Santos en Palacio para que venga a firmar primas navideñas - Actualidad Panamericana,A medidas extremas tuvieron que recurrir los empleados de la presidencia de la república para poder gozar de su prima...,strong_political_signal
https://actualidadpanamericana.com/jorge-robledo-indestronable-aguinaldos-del-senado/,Jorge Robledo: indestronable en aguinaldos del Senado - Actualidad Panamericana,"Sin despeinarse, el senador del Polo Democrático Jorge Robledo se llevó por sexto año consecutivo el torneo de aguinaldos del...",strong_political_signal
https://actualidadpanamericana.com/colombia-nominada-nobel-del-meme/,Colombia nominada a Nobel del Meme - Actualidad Panamericana,"Las buenas noticias siguen para el país. Hoy llegó a la recién abierta oficina de premios, distinciones y galardones de...",place+political_context
https://actualidadpanamericana.com/uribe-exige-acuerdo-sea-300-paginas-no-297/,"Uribe exige que el acuerdo sea de 300 páginas, y no de 297 - Actualidad Panamericana","A esta hora el expresidente Álvaro Uribe, con ayuda de un diseñador gráfico del Centro Democrático, prepara un PDF «en...",strong_political_signal
https://actualidadpanamericana.com/usted-fue-lo-santos-cardenas-tras-aumento-precios-la-tienda/,"""¿Pero usted qué fue lo que hizo?"", Santos a Cárdenas tras aumento de precios en la tienda - Actualidad Panamericana","Indignado con su ministro de hacienda se mostró ayer martes el presidente, Juan Manuel Santos. «Dejé 40.000 pesos para que...",strong_political_signal
https://actualidadpanamericana.com/santos-anuncia-vendra-colombia-cumbre-nobeles-paz-febrero/,Santos anuncia que vendrá a Colombia para cumbre de Nóbeles de paz en febrero - Actualidad Panamericana,"Desde Davos, Suiza, donde se encuentra hoy con motivo de Foro Económico Mundial, el presidente de Colombia, Juan Manuel Santos,...",strong_political_signal
https://actualidadpanamericana.com/penalosa-anuncia-cambio-funicular-monserrate-transmilenio-mas-barato/,"Peñalosa anuncia cambio de funicular de Monserrate por Transmilenio: ""Más barato..."" - Actualidad Panamericana",Dentro del plan propuesto por Enrique Peñalosa que busca que todo ciudadano se encuentre a pocos kilómetros  de una línea...,strong_political_signal
https://actualidadpanamericana.com/pidieron-mordida-trump-terminar-tlc-colombia/,Pidieron 'mordida' a Trump para terminar TLC con Colombia - Actualidad Panamericana,Un obstáculo inesperado surgió en la intención de Donald Trump de dar por terminado el Tratado de Libre Comercio entre...,place+political_context
https://actualidadpanamericana.com/polemica-venta-abonos-ver-enfrentamientos-esmad-antitaurinos/,Polémica por venta de abonos para ver enfrentamientos entre ESMAD y Antitaurinos. - Actualidad Panamericana,La policía metropolitana de Bogotá detuvo hoy a Aurelio Zambrano Mosquera por estar vendiendo abonos para ver la temporada de enfrentamientos entre...,strong_political_signal
https://actualidadpanamericana.com/piden-evacuar-completamente-bogota-realizar-corrida-toros/,Piden evacuar completamente Bogotá para realizar corrida de toros - Actualidad Panamericana,"Por medio de un comunicado, la Alcaldía Mayor de Bogotá pidió a los habitantes de la Capital salir de la...",strong_political_signal
https://actualidadpanamericana.com/humo-blanco-farc-pone-campamentos-airbnb/,"Mientras hay humo blanco, Farc pone sus campamentos en Airbnb - Actualidad Panamericana","Descubrir nuevos sitios turísticos es cada vez es más complicado. Y es que el viajero de hoy, de espíritu libre...",strong_political_signal
https://actualidadpanamericana.com/nadie-usa-quiere-agente-inmigracion-contrataran-celadores-colombianos/,Nadie en USA quiere ser agente de inmigración: contratarán celadores colombianos - Actualidad Panamericana,Un obstáculo inesperado surgió para la iniciativa del presidente de Estados Unidos Donald Trump de ampliar en 15.000 el número...,place+political_context
https://actualidadpanamericana.com/maraton-500-000-chistes-vargasvil-uribismo-responde-obra-doris-salcedo/,"Con maratón de 500.000 chistes de Vargas Vil, uribismo responde a obra de Doris Salcedo - Actualidad Panamericana",La controversial obra «Sumando ausencias» de la artista Doris Salcedo ha dado pie a todo tipo de reacciones. Pero sin...,strong_political_signal
https://actualidadpanamericana.com/reforma-tributaria-la-colombiana-ahora-sera-venezolana/,"Por reforma tributaria, la Colombiana ahora será Venezolana - Actualidad Panamericana","La única bebida gaseosa en nuestro país con denominación de origen: Colombiana, la nuestra, se llamará desde el próximo año...",strong_political_signal
https://actualidadpanamericana.com/alcaldia-bogota-adquiere-nuevo-tonito-penalosa/,Alcaldía de Bogotá adquiere nuevo tonito para Peñalosa - Actualidad Panamericana,Tras una sumatoria de consultorías en comunicaciones e imagen que coincidieron en el grave daño que a la imagen de...,strong_political_signal
https://actualidadpanamericana.com/aparecen-raquetas-matazancudos-armas-entregadas-farc/,Aparecen raquetas matazancudos entre armas entregadas por Farc - Actualidad Panamericana,Confusión entre los funcionarios de la ONU responsables del proceso de dejación de armas de las Farc ha causado la...,strong_political_signal
https://actualidadpanamericana.com/colombia-le-expresa-estados-unidos-gran-preocupacion-aumento-demanda-cocaina/,"Colombia le expresa a Estados Unidos ""gran preocupación"" por aumento de demanda de cocaína - Actualidad Panamericana","Tras varios años de desnarcotización de la relación binacional entre Colombia y Estados Unidos, el súbito aumento de la demanda...",strong_political_signal
https://actualidadpanamericana.com/proximo-taller-uribe-sera-asociacion-mudos/,Próximo taller de Uribe será en asociación de mudos - Actualidad Panamericana,"De tendenciosos, cizañeros y castrochavistas de clóset calificaron directivas de la campaña por el No a quienes han criticado la sede...",strong_political_signal
https://actualidadpanamericana.com/transmilenio-se-uniria-a-paro-de-transportadores-de-ganado/,Transmilenio se uniría a paro de transportadores de ganado - Actualidad Panamericana,Una nueva entidad se sumaría en las próximas horas al paro de transportadores de ganado que cumple ya cuatro días...,strong_political_signal
https://actualidadpanamericana.com/descubren-zuluaga-mirando-ultima-hora-conexion-uribe-whatsapp/,Descubren a Zuluaga mirando última hora de conexión de Uribe en Whatsapp - Actualidad Panamericana,Un melancólico Óscar Iván Zuluaga fue descubierto hoy a primera hora por sus asistentes revisando en su celular cuál había...,strong_political_signal
https://actualidadpanamericana.com/gobierno-intenta-pasar-fast-track-permiso-santos-ante-tutina-fiesta-aniversario-graduado/,Gobierno intenta pasar por fast track permiso de Santos ante Tutina para fiesta de aniversario de graduado - Actualidad Panamericana,Una nueva sorpresa fue posible hallar entre las iniciativas legislativas que el Ejecutivo planea tramitar ante el Congreso por la...,strong_political_signal
https://actualidadpanamericana.com/locomotoras-santos-aparecen-lista-bienes-rematar-la-ani/,Locomotoras de Santos aparecen en lista de bienes a rematar de la ANI - Actualidad Panamericana,"«Cinco locomotoras a vapor, de rodaje 2.8-2 aptas para ancho de vía de 914 milímetros o una yarda, marca Baldwin,...",strong_political_signal
https://actualidadpanamericana.com/uribe-invita-benedicto-visita-paralela-la-francisco/,Uribe invita a Benedicto a visita paralela a la de Francisco - Actualidad Panamericana,Cuando se pensaba que la próxima visita del papa Francisco a Colombia sería un oasis en medio de la polarización...,strong_political_signal
https://actualidadpanamericana.com/ninos-colombianos-campeones-mundiales-juego-dinosaurio-chrome/,"Niños colombianos, campeones mundiales de juego de dinosaurio de Chrome. - Actualidad Panamericana","Un nuevo motivo de orgullo para el país ha generado la noticia de Google, según la cual, los niños colombianos...",place+political_context
https://actualidadpanamericana.com/militares-venezolanos-levantaran-dia-campamentos-faltan-zonas-concentracion-las-farc/,Militares venezolanos levantarán en un día campamentos que faltan en zonas de concentración de las Farc - Actualidad Panamericana,"Tras demostrar una eficiencia sin par en el difícil oficio de levantar infraestructura en corto tiempo para efectos militares, los...",strong_political_signal
https://actualidadpanamericana.com/error-empleada-del-servicio-domestico-gustavo-petro-se-entera-ya-no-alcalde/,"Por error de empleada del servicio doméstico, Gustavo Petro se entera de que ya no es alcalde - Actualidad Panamericana",Un descuido de su empleada del servicio doméstico llevó al traste el plan de la familia Petro Alcocer de aplazar...,strong_political_signal
https://actualidadpanamericana.com/barbudos-farc-estan-evolucionando-hipsters/,Barbudos de Farc están evolucionando a hipsters - Actualidad Panamericana,"La reintegración de un buen porcentaje de integrantes de las Farc está tomando un rumbo inesperado pero, en cualquier caso,...",strong_political_signal
https://actualidadpanamericana.com/cambio-variedad-marihuana-causas-contaminacion-medellin/,Cambio en variedad de marihuana entre causas de contaminación en Medellín - Actualidad Panamericana,La administración municipal de Medellín investiga a profundidad las razones que tienen a la ciudad en alerta roja por contaminación...,strong_political_signal
https://actualidadpanamericana.com/los-simpsons-se-burlan-presidente-colombiano-capitulo-ultima-temporada/,Los Simpsons se burlan de presidente colombiano en capítulo de su última temporada - Actualidad Panamericana,"La serie animada más popular de la televisión, que ya superó los 600 capítulos desde su estreno, en 1989, hace...",strong_political_signal
https://actualidadpanamericana.com/centro-democratico-pide-fifa-quitarle-los-ultimos-seis-puntos-colombia/,Centro Democrático pide a Fifa quitarle los últimos seis puntos a Colombia - Actualidad Panamericana,El propio presidente Juan Manuel Santos denunció esta noche la existencia de una misiva firmada por varios congresistas del Centro...,strong_political_signal
https://actualidadpanamericana.com/ya-se-robaron-hueco-gigante-la-avenida-boyaca/,Ya se robaron hueco gigante de la Avenida Boyacá - Actualidad Panamericana,Ningún rastro del hueco gigante que anoche literalmente se ‘tragó’ un vehículo queda en la intersección de la Avenida Boyacá...,strong_political_signal
https://actualidadpanamericana.com/provocar-incidente-nicolas-maduro-no-deja-pedir-pizzas-la-casa-narino/,"Para provocar incidente, Nicolás Maduro no deja de pedir pizzas a la Casa de Nariño - Actualidad Panamericana",Cansados pero firmes en su compromiso de defensa de la soberanía se declararon hoy los funcionarios de la Casa de...,strong_political_signal
https://actualidadpanamericana.com/colombia-ya-autosuficiente-pronto-comenzara-exportar-odio/,Colombia ya es autosuficiente y pronto comenzará a exportar odio - Actualidad Panamericana,El sector de los bienes primarios no deja de reportarle buenas noticias al país. Después de décadas en las que...,strong_political_signal
https://actualidadpanamericana.com/expulsan-pasajero-ruta-sobrevendida-transmilenio/,Expulsan a pasajero de ruta sobrevendida de Transmilenio. - Actualidad Panamericana,Un video ronda por las redes sociales donde personas disfrazadas de patos expulsan a la fuerza a un pasajero de la...,strong_political_signal
https://actualidadpanamericana.com/mascota-expresidente-samper-seria-responsable-retraso-vuelo/,Mascota de expresidente Samper sería responsable de retraso en vuelo - Actualidad Panamericana,Varios pasajeros del vuelo 9843 con destino a Armenia se quejaron  por haber sido reacomodados a la última fila del...,strong_political_signal
https://actualidadpanamericana.com/algo-leyo-internet-petro-ordena-botar-arroz-casa/,"""Por algo que le mandaron por el whatsapp"", Petro ordena botar todo el arroz de su casa - Actualidad Panamericana",Sorprendido se vio el servicio doméstico de la familia Petro-Alcocer con la orden de Gustavo de deshacerse de todas las...,strong_political_signal
https://actualidadpanamericana.com/exclusivo-valeriana-adulterada-seria-causa-autoenganos-uribe/,Exclusivo: Valeriana adulterada sería causa de autoengaños de Uribe - Actualidad Panamericana,"Luego de las declaraciones del expresidente Álvaro Uribe vía twitter, donde habla acerca de haberse autoengañado  al haber nombrado a...",strong_political_signal
https://actualidadpanamericana.com/traductores-lenguaje-senas-piden-medio-tiempo-senado/,Intérpretes de lenguaje de señas piden medio tiempo en Senado - Actualidad Panamericana,"“Es inhumano el ritmo que nos ponen los Senadores. Póngase usted a traducir a Robledo o a Claudia López, no...",strong_political_signal
https://actualidadpanamericana.com/trump-olvido-visita-santos-se-fue-viaje/,Trump olvidó visita de Santos y se fue de viaje - Actualidad Panamericana,Una tras otra vienen ocurriendo las salidas en falso del presidente de Estados Unidos. Tras revelarle información ultrasecreta de inteligencia...,strong_political_signal
https://actualidadpanamericana.com/colombiano-se-sorprende-diciendo-conchale-vale/,"Colombiano se sorprende a sí mismo diciendo ""cónchale, vale"" - Actualidad Panamericana","Fernando Ruiz, bogotano de nacimiento, se declaró sorprendido al empezar, de un momento para otro, a hablar con acento venezolano....",strong_political_signal
https://actualidadpanamericana.com/83-los-colados-transmilenio-estan-hastiados-tanta-corrupcion/,83% de los colados de Transmilenio están hastiados de tanta corrupción - Actualidad Panamericana,Este es el principal dato que arroja una investigación adelantada en el último mes y que busca conocer mejor a los...,place+political_context
https://actualidadpanamericana.com/antioquia-ofrece-maluma-cambio-belen-bajira/,Antioquia ofrece a Maluma a cambio de Belén de Bajirá - Actualidad Panamericana,"El gobernador de Antioquia, Luis Pérez Gutiérrez, ha hecho oficial esta tarde el ofrecimiento del intérprete del género urbano alias...",place+political_context
https://actualidadpanamericana.com/abren-medellin-la-primera-iglesia-uribista/,Abren en Medellín la primera iglesia uribista - Actualidad Panamericana,"Con una procesión de efigies del senador Álvaro Uribe, 40 monaguillos vestidos de camuflado y una homilía de Alejandro Ordóñez, se...",strong_political_signal
https://actualidadpanamericana.com/santos-le-sigue-saliendo-uribe-personas-tal-vez-conozcas/,"Santos le sigue saliendo a Uribe en ""Personas que tal vez conozcas"" - Actualidad Panamericana",El algoritmo de Mark Zuckerberg le sigue amargando la vida al expresidente Álvaro Uribe. Y es que cada vez con...,strong_political_signal
https://actualidadpanamericana.com/antioquia-reclama-soberania-restaurantes-paisas-pais/,Antioquia reclama soberanía sobre restaurantes paisas de todo el país - Actualidad Panamericana,"El gobernador de Antioquia, Luis Pérez Gutiérrez, anunció hoy que respaldado en el resultado de una consulta popular reclamará soberanía...",strong_political_signal
https://actualidadpanamericana.com/santos-pregunta-puede-presidente-honoris-causa-tiempo-le-queda/,Santos pregunta si puede ser presidente honoris causa el tiempo que le queda - Actualidad Panamericana,Cada vez son más largos los días del presidente Juan Manuel Santos. La cuenta regresiva para hacer realidad su anhelo...,strong_political_signal
https://actualidadpanamericana.com/senador-uribe-se-autobloquea-twitter/,Senador Uribe se autobloquea en Twitter - Actualidad Panamericana,"En la mañana de hoy fuentes cercanas al líder del Centro Democrático informaron sobre el hecho, que prefirieron llamar un «percance de...",strong_political_signal
https://actualidadpanamericana.com/vendedores-votos-ya-invaden-zonas-concentracion-las-farc/,Vendedores de votos ya invaden zonas de concentración de las Farc - Actualidad Panamericana,"Alertados por la transición de movimiento armado a partido político, numerosos vendedores de votos han llegado a los 26 puntos...",strong_political_signal
https://actualidadpanamericana.com/esmad-lanzo-gas-lacrimogeno-personas-ya-estaban-llorando/,ESMAD lanzó gas lacrimógeno a personas que ya estaban llorando. - Actualidad Panamericana,Un nuevo acto de abuso de la fuerza por parte del Escuadrón Móvil Anti Disturbios (ESMAD) se conoció esta mañana....,strong_political_signal
https://actualidadpanamericana.com/tapahuecos-voluntarios-colombianos-paralizaron-esta-manana-los-campos-eliseos/,Tapahuecos voluntarios colombianos paralizaron esta mañana los Campos Elíseos - Actualidad Panamericana,Sorprendidos se vieron miles de parisinos esta mañana al ver que un grupo de individuos de nacionalidad colombiana taparon por...,place+political_context
https://actualidadpanamericana.com/donde-estan-las-pistolas-silicona-la-far-pregunta-ahora-alvaro-uribe/,"""¿Dónde están las pistolas de silicona de la Far?"" pregunta ahora Álvaro Uribe - Actualidad Panamericana","Iracundo, el expresidente lanzó hoy la pregunta por la ubicación actual de las pistolas de silicona de las Farc a...",strong_political_signal
https://actualidadpanamericana.com/miembros-las-farc-ya-comenzaron-azotados-asesores-comerciales-del-citibank/,Miembros de las Farc ya comenzaron a ser azotados por asesores comerciales del Citibank - Actualidad Panamericana,Continuas llamadas a sus celulares en las que asesores comerciales del Citibank les anuncian que han sido seleccionados como titulares...,strong_political_signal
https://actualidadpanamericana.com/ojear-pantallas-ajenas-transmilenio-ya-una-adiccion/,Ojear pantallas ajenas en Transmilenio ya es una adicción - Actualidad Panamericana,Muy preocupada se declaró la Secretaría de Salud de Bogotá ante el resultado de un estudio que sienta las bases...,place+political_context
https://actualidadpanamericana.com/senador-uribe-arremete-twitter/,Senador Uribe arremete contra sí mismo en Twitter - Actualidad Panamericana,Hoy en horas de la madrugada se libró la que expertos consideran la batalla más épica jamás librada en una...,strong_political_signal
https://actualidadpanamericana.com/tras-comprobar-sospechaba-una-conspiracion-colombiano-siente-profundo-alivio-paz-interior/,"Tras comprobar que, como sospechaba, todo es una conspiración, colombiano siente profundo alivio y paz interior - Actualidad Panamericana",‘Una luz que invadió cada rincón de mi alma. Una calma indescriptible’. Así describió William Torres su experiencia mística inmediatamente...,place+political_context
https://actualidadpanamericana.com/flota-los-libertadores-rompe-sin-querer-barrera-del-sonido-via-tunja-bogota/,Flota los Libertadores rompe sin querer barrera del sonido en vía Bogotá-Tunja - Actualidad Panamericana,"Un fuerte estruendo rompió la habitual tranquilidad de los habitantes de Villapinzón, Cundinamarca, esta mañana. Aunque al comienzo todos creyeron...",strong_political_signal
https://actualidadpanamericana.com/acabar-transmilenio-dejaria-miles-cucarachas-sin-hogar-azul-bogota/,Acabar con Transmilenio dejaría miles de cucarachas sin hogar: Azul Bogotá - Actualidad Panamericana,"La fundación Azul Bogotá, famosa por defender las políticas del Alcalde Peñalosa al mejor estilo de los simpatizantes del ex-alcalde...",strong_political_signal
https://actualidadpanamericana.com/kim-jong-quiere-la-bomba-pensional-colombiana-asustar-trump/,Kim Jong Un quiere la bomba pensional colombiana para asustar a Trump - Actualidad Panamericana,El clima de tensión entre Estados Unidos y Corea del Norte se hizo aún más agudo hoy tras conocerse el...,place+political_context
https://actualidadpanamericana.com/montar-taxi-pikachu-colombiano-altas-velocidades-nuevo-atractivo-extremo-jovenes-turistas/,Montar en taxi 'Pikachu' colombiano a altas velocidades: nuevo atractivo extremo para jóvenes turistas - Actualidad Panamericana,"Cada vez son más los jóvenes de todo el mundo que aterrizan en el país, sobre todo en Bogotá atraídos...",place+political_context
https://actualidadpanamericana.com/vargas-lleras-asegura-las-escrituras-colombia-estan-nombre/,Vargas Lleras asegura que las escrituras de Colombia están a nombre de él - Actualidad Panamericana,"Gracias a nuestro equipo de investigación pudimos confirmar que  el exvicepresidente y ahora precandidato presidencial,  Germán Vargas Lleras, anunciará esta...",strong_political_signal
https://actualidadpanamericana.com/especiales-ap-historia-la-fallida-agencia-aeroespacial-colombiana/,Especiales AP Historia: La fallida Agencia Aeroespacial Colombiana - Actualidad Panamericana,"La imagen corresponde al recordado “Coronel Plazas 001” cohete prototipo del proyecto piloto de la fallida Agencia Aeroespacial Colombiana, AAC,...",place+political_context
https://actualidadpanamericana.com/santos-invita-todos-los-colombianos-trabajar-la-paz-prestacion-servicios/,Santos invita a todos los colombianos a trabajar por la paz (por prestación de servicios) - Actualidad Panamericana,"Un emotivo llamado hizo esta mañana el presidente, Juan Manuel Santos, para que «todos los colombianos sin distingo de nada...",strong_political_signal
https://actualidadpanamericana.com/56-7-colombianos-recibirian-correazo-se-los-da-doctor-uribe/,56.7% de colombianos recibirían un correazo si se los da el Doctor Uribe - Actualidad Panamericana,La más reciente encuesta bianual de comportamiento y salud intrafamiliar a cargo de la reconocida ONG ‘Better Homes International’ arrojó...,strong_political_signal
https://actualidadpanamericana.com/tras-escuchar-condena-exmagistrado-colombiano-bebe-whisky/,"Tras escuchar su condena, exmagistrado colombiano bebe un whisky - Actualidad Panamericana",Al mismo tiempo que el criminal de guerra croata Slobodan Praljak bebía una botella de veneno mientras conocía la sentencia...,strong_political_signal
https://actualidadpanamericana.com/desmienten-santos-haya-usado-papamovil-ir-anapoima-pasado-fin-semana/,Desmienten que Santos haya usado el papamóvil para ir a Anapoima el pasado fin de semana - Actualidad Panamericana,Punto final a los rumores sobre un supuesto uso si no ilegal por lo menos inapropiado del papamóvil por parte...,strong_political_signal
https://actualidadpanamericana.com/adolescentes-colombianos-pierden-los-dientes-jabon-rey-challenge/,Adolescentes colombianos pierden los dientes por el Jabón Rey Challenge. - Actualidad Panamericana,"Despues de que Youtubers de Estados Unidos popularizaran el Tide Pod Challenge, un reto en que adolescentes consumen almohadillas de...",place+political_context
https://actualidadpanamericana.com/alcaldia-bogota-recomienda-no-salir-mujeres-parrilleritos/,"Alcaldía de Bogotá recomienda no salir con mujeres con ""parrilleritos"" - Actualidad Panamericana","Adicional a la polémica medida de prohibir el parrillero hombre en moto, la Alcaldía de Bogotá adicionó la recomendación de...",strong_political_signal
https://actualidadpanamericana.com/atracadores-transmilenio-agradecen-instalacion-wifi-estaciones/,Atracadores de TransMilenio agradecen instalación de WiFi en estaciones - Actualidad Panamericana,"Muy complacida se mostró la cooperativa de ladrones, carteristas y raponeros (lacracoop) ante el anuncio de la instalación de WiFi...",place+political_context
https://actualidadpanamericana.com/cuando-fui-vicepresidente-santos-los-aliens-me-controlaban-german-vargas/,"“Cuando fui vicepresidente de Santos, los Aliens me controlaban”, Germán Vargas - Actualidad Panamericana",Luego de gambetear en numerosas ocasiones la pregunta por su cuota de responsabilidad en la pésima imagen del Gobierno del...,strong_political_signal
https://actualidadpanamericana.com/fiesta-alcaldia-bogota-celebrara-3-anos-sitp-provisional/,Con fiesta alcaldía de Bogotá celebrará 3 años de SITP provisional - Actualidad Panamericana,"Una gran celebración prepara la alcaldía de Bogotá para cantarle el happy birthday al SITP provisional, el ambicioso plan para...",strong_political_signal
https://actualidadpanamericana.com/reina-letizia-le-pide-ivan-duque-llevar-encomienda-amigos-calenos/,Reina Letizia le pide a Iván Duque llevar encomienda a amigos caleños - Actualidad Panamericana,"La reina consorte de España de España, Letizia Ortiz Rocasolano, aprovechó la visita del presidente electo de Colombia, Iván Duque...",strong_political_signal
https://actualidadpanamericana.com/volvimos-eliminados-trajimos-pollo-asado-federacion-colombiana-futbol/,"""Volvimos eliminados, pero trajimos un pollo asado"": Federación Colombiana de Fútbol - Actualidad Panamericana","Tras la eliminación del seleccionado nacional del mundial de Rusia, los directivos finalmente dieron declaraciones sobre el estado del proceso...",place+political_context
https://actualidadpanamericana.com/encontramos-ivan-duque-comprando-pilas/,Encuentran a Iván Duque comprando pilas para sí mismo - Actualidad Panamericana,El presidente electo Iván Duque fue encontrado el pasado sábado en una reconocida tienda de electrónicos comprando pilas para sí...,strong_political_signal
https://actualidadpanamericana.com/buses-nuevos-transmilenio-tendran-karaoke-maquinitas/,Buses nuevos de Transmilenio tendrán karaoke y maquinitas - Actualidad Panamericana,"Los 1.400 buses que renovará Transmilenio a finales de este año, contarán con un moderno sistema de karaoke y maquinitas...",strong_political_signal
https://actualidadpanamericana.com/los-91-mil-millones-publicidad-penalosa-bogota-ya-tendria-disney-world/,"Con los 91 mil millones de publicidad de Peñalosa, Bogotá ya tendría un Disney World - Actualidad Panamericana",A partir de los resultados de una investigación de la Fundación para la Libertad de Prensa  se pudo concluir que Bogotá tendría hoy su propio parque de diversiones de...,strong_political_signal
https://actualidadpanamericana.com/alvaro-uribe-seria-reemplazo-diana-uribe-programa-historia/,Álvaro Uribe sería reemplazo de Diana Uribe en programa de historia - Actualidad Panamericana,Tras confirmar que  Caracol Radio pondría fin al programa «Historia del mundo» de Diana Uribe. Fuentes cercanas al medio indican...,strong_political_signal
https://actualidadpanamericana.com/presidente-duque-preocupado-canas-pintadas-se-estan-volviendo-verdaderas/,Presidente Duque preocupado porque canas pintadas se están volviendo verdaderas. - Actualidad Panamericana,Muy preocupado se ha visto al presidente Iván Duque en los últimos días. Una sorpresa sin duda para todos quienes lo rodean dado...,strong_political_signal
https://actualidadpanamericana.com/escasez-chontaduro-baja-la-tasa-natalidad-valle-del-cauca/,"Por escasez de chontaduro, baja la tasa de natalidad en el Valle del Cauca - Actualidad Panamericana","Muy preocupado se encuentra el alcalde Maurice Armitage por la escasez del tradicional fruto afrodisiaco en las calles de la Sultana del Valle,...",strong_political_signal
https://actualidadpanamericana.com/se-sacude-hollywood-jefe-las-farc-acusado-reclutar-abusar-menores/,Se sacude Hollywood: Jefe de las Farc acusado de reclutar y abusar menores - Actualidad Panamericana,En pausa quedó la producción de una película sobre el proceso de paz colombiano al conocerse hoy el testimonio de...,strong_political_signal
https://actualidadpanamericana.com/eln-anuncia-se-van-vacaciones-fin-ano-no/,ELN anuncia que ellos sí se van de vacaciones de fin de año mientras tú no - Actualidad Panamericana,"En la mañana de hoy, el ELN anunció a través de su cuenta de twitter, y en Instagram a través...",strong_political_signal
https://actualidadpanamericana.com/mayoria-actuales-combatientes-del-eln-creen-camilo-torres-fue-capo-los-60/,Mayoría de actuales combatientes del ELN creen que Camilo Torres fue un capo de los 60 - Actualidad Panamericana,Una encuesta de la firma Gallup que pretendía indagar sobre perfiles socioculturales de integrantes de grupos armados ilegales arrojó un...,strong_political_signal
https://actualidadpanamericana.com/pandi-cundinamarca-compro-segunda-eslogan-mejor-todos/,Pandi (Cundinamarca) compró de segunda el eslogan Mejor para todos - Actualidad Panamericana,"El conocido eslogan ‘Mejor para todos’ utilizado -según dictamen de expertos noruegos, de manera inmisericorde- por la administración de Enrique...",strong_political_signal
https://actualidadpanamericana.com/escasea-la-tinta-azul-bogota-pasacalles-penalosa/,Escasea la tinta azul en Bogotá por pasacalles de Peñalosa - Actualidad Panamericana,En serios problemas se encuentra la industria de las artes gráficas en Bogotá debido a una escasez casi total de...,strong_political_signal
https://actualidadpanamericana.com/bares-oxigeno-causan-sensacion-bogota/,Bares de oxígeno causan sensación en Bogotá - Actualidad Panamericana,"La emergencia ambiental por contaminación que padece Bogotá no solo trae ojos irritados, enfermedades respiratorias y cardiovasculares. La innovación y...",strong_political_signal
https://actualidadpanamericana.com/mark-zuckerberg-se-disculpa-no-poder-venir-colombia-cumplir-requerimiento/,Mark Zuckerberg se disculpa por no poder venir a Colombia a cumplir requerimiento - Actualidad Panamericana,"Mediante una entrada añadida en el Wall de su cuenta de Facebook, el joven Mark Elliot Zuckerberg, creador de la...",place+political_context
https://actualidadpanamericana.com/trump-lleva-tres-dias-llamando-duque-colgar/,Trump lleva tres días llamando a Duque a colgar - Actualidad Panamericana,Bastante agobio se siente por estos días en el círculo cercano del presidente Iván Duque. Todo por las reiteradas llamadas...,strong_political_signal
https://actualidadpanamericana.com/bogota-se-llevara-cabo-reinado-internacional-del-diesel/,En Bogotá se llevará a cabo el Reinado Internacional del Diesel - Actualidad Panamericana,Con orgullo anunció esta mañana la alcaldía de la capital  el triunfo en el concurso para escoger la sede del...,strong_political_signal
https://actualidadpanamericana.com/se-embolataron-dos-anos-bogota-la-ciudad-debera-cumplir-478/,Se embolataron dos años de Bogotá: la ciudad deberá cumplir 478 - Actualidad Panamericana,Reina el desconcierto entre los responsables de los festejos que iban a tener lugar el próximo lunes con motivo de...,strong_political_signal
https://actualidadpanamericana.com/la-copa-champana-egan-bernal-ya-registra-fotomulta-colombia/,"Por la copa de champaña, Egan Bernal ya registra fotomulta en Colombia - Actualidad Panamericana",A la alegría del ídolo colombiano no le podía faltar una gota amarga. Tras una consulta por número de cédula en...,strong_political_signal
https://actualidadpanamericana.com/estarian-vendiendo-figuritas-del-esmad-para-cuidar-pesebres/,Estarían vendiendo figuritas del Esmad para cuidar pesebres - Actualidad Panamericana,Gran preocupación han expresado algunos ciudadanos que han descubierto la presencia de figuritas del Esmad en los pesebres de sus...,strong_political_signal
https://actualidadpanamericana.com/linkedin-colombia-ya-incluye-lugar-de-parto/,LinkedIn Colombia ya incluye lugar de parto - Actualidad Panamericana,El escenario laboral pandémico no deja de reinventarse. Ahora la reconocida red social de contactos profesionales LinkedIn ha tomado la...,place+political_context
https://actualidadpanamericana.com/festival-independiente-de-comic-colombiano-ficco-sera-este-ano-el-pettro/,Festival Independiente de Cómic Colombiano -FICCO- será este año el PETTRO - Actualidad Panamericana,Los organizadores estaban cansados de las confusiones entre el evento y el candidato paisa a la presidencia.,place+political_context
https://actualidadpanamericana.com/instalaran-timbre-de-colegio-en-monserrate-que-se-escuchara-en-toda-bogota/,Instalarán timbre de colegio en Monserrate que se escuchará en toda Bogotá - Actualidad Panamericana,La cada vez más frecuente necesidad de ordenarle a todos los habitantes de la capital que regresen a sus hogares...,strong_political_signal
https://www.elchiguirebipolar.net/24-05-2008/farc-y-telesur-haran-un-reality-show-para-buscar-sucesor-de-marulanda/,FARC Y TELESUR HARÁN UN REALITY SHOW PARA BUSCAR SUCESOR DE MARULANDA | El Chigüire Bipolar,"Las FARC buscan reponerse rápidamente del duro golpe que supuso la muerte de su líder Manuel Marulanda. Para ello, en asociación estratégica […]",strong_political_signal
https://www.elchiguirebipolar.net/29-05-2008/venezuela-desarrolla-muro-para-desviar-tsunamis-a-colombia/,Venezuela desarrolla muro para desviar tsunamis a Colombia | El Chigüire Bipolar,"«El sistema que estamos desarrollando junto con la Armada Nacional, la Fundación Venezolana de Investigaciones Sismológicas y el centro de Experimentación Avanzada […]",place+political_context
https://www.elchiguirebipolar.net/03-07-2008/piedad-cordoba-pide-que-se-apiaden-de-ella-y-la-secuestren/,Piedad Córdoba pide que se apiaden de ella y la secuestren | El Chigüire Bipolar,La Senadora Piedad Córdoba envió un comunicado a al secretariado de las FARC donde solicitó que la secuestren a la brevedad. Esta […],strong_political_signal
https://www.elchiguirebipolar.net/11-07-2008/itinerario-de-la-visita-oficial-despierta-sospechas-en-el-gobierno-colombiano/,Itinerario de la visita oficial despierta sospechas en el Gobierno Colombiano | El Chigüire Bipolar,"Después de la llegada a Venezuela del mandatario colombiano, Alvaro Uribe, el gobierno neo granadino se ha mostrado sumamente preocupado sobre el […]",strong_political_signal
https://www.elchiguirebipolar.net/14-07-2008/gobierno-venezolano-celebra-victoria-sobre-colombia-y-la-caida-del-imperio/,Gobierno Venezolano celebra victoria sobre Colombia y la caída del imperio | El Chigüire Bipolar,Las principales ciudades del país amanecieron con miles de vallas celebrando la contundente victoria del gobierno del comandante Hugo Chávez Frías sobre […],place+political_context
https://www.elchiguirebipolar.net/22-07-2008/aristobulo-isturiz-sera-nuevo-vocero-del-farc-spa/,Aristóbulo Istúriz será nuevo vocero del FARC-Spa | El Chigüire Bipolar,"Después de sus contundentes declaraciones donde aseguró que los retenidos por las FARC deberían agradecer a sus captores que los alimentaron, los […]",strong_political_signal
https://www.elchiguirebipolar.net/24-09-2008/uribe-no-pudo-disimular-que-le-gusto-palin/,Uribe no pudo disimular que le gustó Palin | El Chigüire Bipolar,"Reporteros gráficos que cubrieron el encuentro Uribe-Palin aseguran que el Presidente colombiano no pudo ocultar su atracción a la Gobernadora de Alaska, […]",strong_political_signal
https://www.elchiguirebipolar.net/03-10-2008/colombianos-indignados-por-homenaje-al-chiguire-bipolar/,Mi inversión | El Chigüire Bipolar,,place+political_context
https://www.elchiguirebipolar.net/08-04-2009/uribe-explica-como-funciona-su-limpia-parabrisa/,Uribe explica cómo funciona su limpia parabrisa | El Chigüire Bipolar,,strong_political_signal
https://www.elchiguirebipolar.net/19-04-2009/error-en-agenda-presidencial-lo-lleva-a-un-barranco-y-no-a-barranquilla-como-estaba-estipulado/,"Error en agenda presidencial lo lleva a un barranco y no a Barranquilla, como estaba estipulado | El Chigüire Bipolar","El día de ayer el secretario de prensa de la presidencia de Colombia, César Mauricio Velásquez, se hizo responsable por llevar al […]",strong_political_signal
https://www.elchiguirebipolar.net/10-05-2009/santos-sera-el-sustituto-de-lalo/,Santos será el sustituto de Lalo | El Chigüire Bipolar,"El Ministro de Defensa Colombiano, Juan Manuel Santos, presentó su renuncia al Presidente Uribe y anunció que ahora sustituirá a Lalo en […]",strong_political_signal
https://www.elchiguirebipolar.net/24-06-2009/obama-y-uribe-se-reunen-y-juegan-boggle/,Obama y Uribe se reúnen y juegan Boggle | El Chigüire Bipolar,"El día de ayer fue ajetreado en la Casa Blanca. El presidente Barack Obama recibió a su homólogo colombiano Álvaro Uribe, en […]",strong_political_signal
https://www.elchiguirebipolar.net/27-07-2009/venezuela-niega-haber-adquirido-revistas-pornograficas-incautadas-a-las-farc/,Venezuela niega haber adquirido revistas pornográficas incautadas a las FARC | El Chigüire Bipolar,"El Ejército de Colombia asestó ayer un terrible golpe a las FARC, al incautarles un lote de revistas pornográficas presuntamente adquiridas por […]",strong_political_signal
https://www.elchiguirebipolar.net/30-07-2009/enfriamiento-de-relaciones-con-colombia-obliga-a-reorganizar-congelador-presidencial/,Enfriamiento de relaciones con Colombia obliga a reorganizar congelador presidencial | El Chigüire Bipolar,"Hace pocos días el presidente anunció que metió las relaciones con Colombia en el congelador, aprovechando así para hacer limpieza. “Boté un […]",place+political_context
https://www.elchiguirebipolar.net/03-08-2009/%e2%80%9cinvadiremos-ondas-hertzianas-colombianas-con-neofolklore-venezolano%e2%80%9d/,“Invadiremos ondas hertzianas colombianas con neofolklore venezolano” | El Chigüire Bipolar,"“¿Qué nos van a cortar el suministro de Vallenato?, pues prepárense para el contraataque, porque vamos con todo Uriobama” Así abrió su […]",place+political_context
https://www.elchiguirebipolar.net/10-08-2009/uribe-amenaza-con-cortar-el-suministro-de-discos-de-vallenato-a-venezuela/,Uribe amenaza con cortar el suministro de discos de vallenato a Venezuela | El Chigüire Bipolar,"Las recientes declaraciones del presidente colombiano, Álvaro Uribe, parecen echarle más leña al fuego en la actual escalada de tensiones entre Venezuela y Colombia: “Si se cumple la amenaza del Gobierno Venezolano de congelar las relaciones y detener las exportaciones de combustible a Colombia, me veré en la terrible necesidad de cortar el suministro de música y discos de vallenato a Venezuela… a ver cómo hacen ahora” Afirmó el mandatario neogranadino.",strong_political_signal
https://www.elchiguirebipolar.net/11-08-2009/venezuela-sustituira-importaciones-de-senoras-de-servicio-colombianas-por-argentinas/,Venezuela sustituirá importaciones de señoras de servicio colombianas por argentinas | El Chigüire Bipolar,"La ministro de Comercio, Edmee Betancourt, aseguró que Argentina sustituirá a Colombia como principal proveedor de señoras de servicio. “Nosotros creemos que […]",place+political_context
https://www.elchiguirebipolar.net/13-08-2009/suministro-de-goles-hacia-colombia-no-ha-sido-suspendido/,Suministro de goles hacia Colombia no ha sido suspendido | El Chigüire Bipolar,"La selección venezolana de fútbol confirmó anoche en el Giant Stadium de la ciudad de New Jersey EEUU la información dada a conocer el día lunes por el ministerio de relaciones exteriores sobre la no suspensión de suministro de algunos bienes y servicios hacia el hermano país colombiano. El ministro Nicolás Maduro afirmó que tanto los vehículos robados, secuestrados, armas, harina pan y los goles continuarían su normal transito hacia la nación neogranadina.",place+political_context
https://www.elchiguirebipolar.net/31-08-2009/presidente-chavez-condecora-al-virus-ah1n1-por-haber-contagiado-a-uribe/,Presidente Chávez condecora al Virus AH1N1 por haber contagiado a Uribe | El Chigüire Bipolar,"Tras conocerse que el Presidente Álvaro Uribe fue contagiado con el virus AH1N1, el presidente de Venezuela, Hugo Chávez, condecoró ayer a […]",strong_political_signal
https://www.elchiguirebipolar.net/11-09-2009/uribe-se-aburre-de-clavarle-agujas-a-muneco-vudu-de-chavez/,Uribe se aburre de clavarle agujas a muñeco vudú de Chávez | El Chigüire Bipolar,"El aislamiento del Presidente Álvaro Uribe a causa de la gripe AH1N1 ha obligado al mandatario a distraerse realizando distintas actividades: juega solitario, tetris, se unta pega elefante en la palma de la mano para después desconcharla y le clava agujas a un muñeco vudú del Presidente Chávez.",strong_political_signal
https://www.elchiguirebipolar.net/09-10-2009/chavez-interrumpe-a-obama-para-decir-que-cordoba-ha-debido-ganar-el-premio-nobel/,Chávez interrumpe a Obama para decir que Córdoba ha debido ganar el Premio Nobel | El Chigüire Bipolar,"El Presidente Hugo Chávez arruinó el gran momento de Barack Obama cuando, en plena ceremonia, expresó su inconformidad con la elección del Mandatario norteamericano como Premio Nobel de la Paz 2009. Cuando Obama se disponía a aceptar el galardón, Chávez le arrebató el micrófono y dijo: “Barack estoy muy contento por ti y te voy a dejar terminar tu discurso, pero Piedad ha debido ganar este premio pues tiene uno de los mejores turbantes de todos los tiempos”.",place+political_context
https://www.elchiguirebipolar.net/25-10-2009/lula-intenta-reconciliar-a-venezuela-y-colombia-con-una-serenata/,Lula intenta reconciliar a Venezuela y Colombia con una serenata | El Chigüire Bipolar,"En su intento por mediar entre las tensiones diplomáticas Colombo-Venezolanas, el Presidente de Brasil, Luiz Inácio Lula da Silva, ofreció en la […]",strong_political_signal
https://www.elchiguirebipolar.net/09-11-2009/presidente-chavez-amenaza-a-colombia-con-la-%e2%80%9cguerra-de-los-cien-banos%e2%80%9d/,Presidente Chávez amenaza a Colombia con la “Guerra de los Cien Baños” | El Chigüire Bipolar,"En su Aló Presidente de ayer, el Presidente Hugo Chávez advirtió a los gobiernos de Colombia y Estaos Unidos que no intentaran […]",strong_political_signal
https://www.elchiguirebipolar.net/12-11-2009/ordenar-cd%c2%b4s-hacerle-servicio-al-carro-y-guerra-con-colombia-entre-las-cosas-por-hacer-del-presidente/,"Ordenar CD´s, hacerle servicio al carro y guerra con Colombia entre las cosas por hacer del Presidente | El Chigüire Bipolar","El Presidente Chávez admitió que la guerra contra Colombia es una de esas cosas que siempre está a punto de hacer, pero por alguna razón siempre algo lo hace retardarla. A continuación, la extensa lista de cosas “por hacer” del Mandatario obtenida por el Chigüire Bipolar:",place+political_context
https://www.elchiguirebipolar.net/14-11-2009/hijo-de-piedad-cordoba-y-chewbacca-se-reune-con-obama/,Hijo de Piedad Córdoba y Chewbacca se reúne con Obama | El Chigüire Bipolar,"Foto de la rueda de prensa del presidente Norteamericano, Barack Obama, junto al hijo de la senadora colombiana Piedad Córdoba y Chewbacca.",place+political_context
https://www.elchiguirebipolar.net/18-02-2010/chavez-rechaza-cables-colombianos-para-auxiliar-los-5-motores-de-la-revolucion/,Chávez rechaza cables colombianos para auxiliar los 5 motores de la Revolución | El Chigüire Bipolar,El Presidente de la República criticó que las autoridades colombianas hayan ofrecido dos cables de batería para el suministro de electricidad a […],strong_political_signal
https://www.elchiguirebipolar.net/22-02-2010/develan-transcripcion-de-la-pelea-chavez-uribe/,Develan transcripción de la pelea Chávez-Uribe | El Chigüire Bipolar,"Una fuente anónima envío hoy a nuestra sala de redacción la transcripción de pelea entre Álvaro Uribe y el Presidente Chávez, a continuación, el texto:",strong_political_signal
https://www.elchiguirebipolar.net/30-04-2010/santos-se-deja-barba-para-repuntar-en-encuestas/,Santos se deja barba para repuntar en encuestas | El Chigüire Bipolar,"Con motivo del repunte en las encuestas de la llamada marea verde de Antanas Mockus, el candidato uribista, Juan Manuel Santos, decidió dejarse una peculiar barba que emula a la de su contrincante, “no entiendo porque soy juzgado por dejarme la barba,  simplemente quise un cambio en mi imagen, además siempre me ha fastidiado afeitarme, mi barba no tiene nada que ver con la de Mockus” aseguró Santos mientras resolvía una ecuación sobre una pizarra con los pantalones abajo.",strong_political_signal
https://www.elchiguirebipolar.net/01-05-2010/santos-bota-a-su-jefe-de-campana-y-contrata-a-chavez/,Santos bota a su jefe de campaña y contrata a Chávez | El Chigüire Bipolar,"Ante el acelerado  e inesperado crecimiento de la candidatura del ex alcalde de Bogotá, Antanas Mockus, el candidato Presidencial Colombiano Juan Manuel Santos tomó una arriesgada movida política: anunció el despido de su anterior jefe de campaña y la contratación del Presidente Hugo Chávez para que asuma ese cargo. “El Presidente Chávez es un gran estratega y tiene mucha experiencia, así como ayudó al presidente Uribe para su reelección, ahora me ayudará a mi” comentó Santos.",strong_political_signal
https://www.elchiguirebipolar.net/30-05-2010/descubren-a-girasol-de-mockus-votando-por-santos/,Descubren a Girasol de Mockus votando por Santos | El Chigüire Bipolar,El Girasol bogotano que ha acompañado al candidato Antanas Mockus durante su campaña por la presidencia de Colombia fue descubierto en su intención de voto.,strong_political_signal
https://www.elchiguirebipolar.net/20-06-2010/victoria-de-santos-mantiene-en-equilibrio-el-desequilibrio-de-la-region/,Santos mantiene en equilibrio el desequilibrio de la región | El Chigüire Bipolar,"La tarde de hoy el candidato del Partido de la U, Juan Manuel Santos, ganó en segunda vuelta la presidencia de Colombia con una gran mayoría de votos, derrotando a su rival Antanas Mockus.",strong_political_signal
https://www.elchiguirebipolar.net/07-07-2010/gobierno-designa-a-jacqueline-faria-como-autoridad-unica-de-colombia/,Gobierno designa a Jacqueline Faría como autoridad única de Colombia | El Chigüire Bipolar,"El día de hoy fue juramentada Jacqueline Faría en su nuevo cargo como autoridad única de Colombia. En un emotivo evento en la Casa Nariño, Bogotá, la nueva gobernante de Colombia explicó que la elección democrática de un presidente era una temporalidad que debía ser corregida",strong_political_signal
https://www.elchiguirebipolar.net/22-07-2010/gobierno-sanciona-a-campamento-de-las-farc-por-alto-consumo-electrico/,Gobierno sanciona a campamento de las FARC por alto consumo eléctrico | El Chigüire Bipolar,"En una nueva muestra de rechazo a las FARC, el Gobierno Nacional multó  el día de ayer por alto consumo eléctrico al campamento de la mencionada  guerrilla, ubicado a las orillas del Río Arauca en el Estado  Apure.",strong_political_signal
https://www.elchiguirebipolar.net/19-07-2010/las-farc-exigen-indemnizacion-por-aguantarse-a-ingrid-betancourt-por-9-anos/,Las FARC exigen indemnización por calarse a Ingrid Betancourt por 6 años | El Chigüire Bipolar,"Impulsados por las constantes peticiones de indemnización solicitadas  por Ingrid Betancourt a todo el que le pueda dar algo de dinero, las  FARC exigirán un pago al Gobierno colombiano por haberla mantenido  alejada de la población por más de 6 años.",strong_political_signal
https://www.elchiguirebipolar.net/22-07-2010/uribe-respondio-a-declaraciones-de-chavez-acompanado-de-pele/,Uribe respondió a declaraciones de Chávez acompañado de Pelé | El Chigüire Bipolar,"Luego de la alocución que hiciera hoy el presidente de Venezuela, Hugo  Chávez, acompañado de Diego Armando Maradona, en el cual anunciara la  ruptura de relaciones diplomáticas entre Colombia y Venezuela, el  presidente de Colombia, Álvaro Uribe Veléz no quiso quedarse atrás y  ofreció sus declaraciones acompañado del famoso futbolista Pelé.",strong_political_signal
https://www.elchiguirebipolar.net/07-08-2010/uribe-le-dice-a-santos-que-diga-que-santos-no-es-un-titere-de-uribe/,Uribe le dice a Santos que diga que Santos no es un títere de Uribe | El Chigüire Bipolar,"Al momento de transferirle la banda presidencial, el presidente saliente de Colombia, Álvaro Uribe Vélez, le dijo al nuevo mandatario que repitiera siempre “que no ha sido, no es y no será nunca un títere de Uribe”.",strong_political_signal
https://www.elchiguirebipolar.net/10-08-2010/chavez-y-santos-acuerdan-pelearse-de-nuevo-en-un-mes/,Chávez y Santos acuerdan pelearse de nuevo en un mes | El Chigüire Bipolar,"En su primer encuentro como presidentes en ejercicio, los mandatarios de Colombia y Venezuela firmaron varios acuerdos. A continuación el texto completo:",strong_political_signal
https://www.elchiguirebipolar.net/11-08-2010/editor-de-vtv-ahora-no-sabe-que-hacer-con-reportaje-colombia-es-satan/,Editor de VTV ahora no sabe qué hacer con reportaje “Colombia es Satán” | El Chigüire Bipolar,"El restablecimiento de las relaciones entre Venezuela y Colombia tuvo fuertes consecuencias en la sede de VTV, canal que ha tenido que reajustar su programación, micros y noticieros.",strong_political_signal
https://www.elchiguirebipolar.net/24-09-2010/anuncio-clasificado-de-las-farc-buscando-nuevo-jefe/,Anuncio clasificado de las FARC buscando nuevo jefe | El Chigüire Bipolar,"Joven colombiano, latinoamericano. ¿Estás cansado de trabajar para los demás? ¡Sé tu propio jefe! Te ofrecemos la oportunidad de tu vida: si ya no quieres ser explotado por tus patrones, te llegó la hora de explotarlos a ellos.",strong_political_signal
https://www.elchiguirebipolar.net/10-09-2010/uribe-acusa-ante-la-haya-a-estudiantes-que-le-lanzaron-avioncito-de-papel/,Uribe acusa ante La Haya a estudiantes que le lanzaron avioncito | El Chigüire Bipolar,"El ex-presidente colombiano -y ahora flamante profesor universitario- Álvaro Uribe Vélez denunció en la tarde de hoy frente a la Corte Internacional de La Haya a un grupo de estudiantes que comandaron un ataque “terrorista” en su contra, luego que le pegaran en la cabeza un avioncito de papel.",strong_political_signal
https://www.elchiguirebipolar.net/28-09-2010/senador-que-se-sienta-justo-atras-de-piedad-cordoba-celebra-su-destitucion/,Senador que se sienta justo atrás de Piedad Córdoba celebra su destitución | El Chigüire Bipolar,"Las reacciones a la destitución de la senadora Piedad Córdoba no se han hecho esperar, tal y como lo recogen muchos de los medios de comunicación de Colombia. Ramón Osorio, senador del Partido Liberal, no ocultó su alegría al enterarse que ya no tendría más nunca que sentarse detrás de la ex-senadora Córdoba.",strong_political_signal
https://www.elchiguirebipolar.net/08-11-2010/chavez-y-santos-inauguran-el-nuevo-tv-de-plasma-de-miraflores/,Chávez y Santos inauguran el nuevo TV de plasma de Miraflores | El Chigüire Bipolar,"El Primer Mandatario de Venezuela, Hugo Chávez, aprovechó la visita a Caracas del Presidente de Colombia, Juan Manuel Santos, para inaugurar el nuevo televisor de plasma de 65” de Miraflores.",strong_political_signal
https://www.elchiguirebipolar.net/02-04-2011/chavez-%e2%80%9cla-gran-colombia-es-autosuficiente-en-materia-energetica%e2%80%9d/,Chávez: “La Gran Colombia es autosuficiente en materia energética” | El Chigüire Bipolar,"La crítica interna sobre la  reciente decisión del gobierno venezolano de comprar energía eléctrica a Colombia ha sido acallada hoy por el Presidente Chávez. “No se puede hablar de importación cuando se trata de un mismo país, el país que Bolívar soñó: la Gran Colombia”.",strong_political_signal
https://www.elchiguirebipolar.net/09-08-2011/uribe-le-dice-santos-sit-sit-sit-pero-santos-desobece-y-se-lame-los-genitales/,Uribe le dice a Santos,"El ex-presidente colombiano, Álvaro Uribe, afirmó el día de hoy sentirse muy desilusionado por el giro que ha tomado el gobierno de su sucesor, Juan Manuel Santos. Según sus propias palabras, el presidente Santos estaría siendo",strong_political_signal
https://www.elchiguirebipolar.net/22-05-2012/veterinarios-recomiendan-poner-a-dormir-a-uribe/,Veterinarios recomiendan “poner a dormir” a Uribe | El Chigüire Bipolar,La Asociación Colombiana de Médicos Veterinarios y Zootecnistas (ACOVEZ) emitió en el día de hoy un comunicado en el que recomiendan a los familiares del Ex Presidente Álvaro Uribe Vélez tomar una difícil decisión: poner a dormir al mandatario para que deje de Twittear y pronunciar declaraciones embarazosas.,strong_political_signal
https://www.elchiguirebipolar.net/05-04-2012/cabello-y-cisneros-se-unen-para-comprar-colombia/,Cabello y Cisneros se unen para comprar Colombia | El Chigüire Bipolar,"Los acaudalados empresarios Diosdado Cabello y Gustavo Cisneros anunciaron hoy, desde la sala de prensa del Hotel Orgullo Carmoniano, la compra del país Colombia como parte de sus intenciones de expansión regional.",place+political_context
https://actualidadpanamericana.com/peticion-online-incluir-uribe-los-avengers-ya-va-500-000-firmas/,Petición Online para incluir a Uribe en los Avengers ya va en 500.000 firmas - Actualidad Panamericana,"Despues del lucrativo debut de la película Avengers:Endgame que diera por terminada la fase 3 del universo Marvel en el cine,...",strong_political_signal
https://www.elchiguirebipolar.net/13-08-2012/chavez-regala-a-fidel-un-tupperware-gigante-para-que-duerma-por-las-noches-y-no-se-dane/,Chávez regala a Fidel un Tupperware gigante para que duerma y no se dañe | El Chigüire Bipolar,"El día de hoy el presidente Hugo Chávez Frías anunció que el gobierno de nuestro país regalará a Fidel Castro, con motivo de su octogésimosexto cumpleaños, un Tupperware tamaño King Size, para que el anciano mandatario cubano pueda dormir en las noches y mantenerse fresco por mucho más tiempo.",place+political_context
https://www.elchiguirebipolar.net/31-05-2013/maduro-convoca-a-santos-a-la-bajadita-y-le-da-una-abrazo-fuertezote/,Maduro convoca a Santos a la bajadita y le da una abrazo fuertezote | El Chigüire Bipolar,"El día jueves, el Presidente de la República Nicolás Maduro, aseguró que su homónimo colombiano, Juan Manuel Santos,",strong_political_signal
https://www.elchiguirebipolar.net/19-08-2012/carmona-estanga-usa-mascara-de-santos-para-reunirse-con-capriles/,Carmona Estanga usa máscara de Santos para reunirse con Capriles | El Chigüire Bipolar,"Fuentes de inteligencia del Gobierno nacional han descubierto que la supuesta reunión entre el Majunche candidato de la oposición y el presidente de la hermana República de Colombia, Juan Manuel Santos, nunca llegará a efectuarse. En realidad se trata de una fachada: el ex dictador y líder de la Derecha Venezolana, Pedro Carmona Estanga, usará una máscara del presidente Juan Manuel Santos para poder reunirse con el candidato de la derecha Capriles Radonski sin despertar sospechas.",strong_political_signal
https://www.elchiguirebipolar.net/02-10-2012/vtv-el-presidente-santos-revela-que-tiene-de/,VTV:,"Acorde con su política informativa transparente, veraz e imparcial, el canal estatal Venezolana de Televisión (VTV) reveló en primicia absoluta la mañana de hoy (como siempre lo hace cuando se trata de enfermedades presidenciales) que el presidente colombiano Juan Manuel Santos será operado esta noche de un ******* de ********.",strong_political_signal
https://www.elchiguirebipolar.net/11-06-2013/maduro-la-oposicion-compro-18-de-inflacion-en-colombia-para-atacarme/,Maduro:,"El presidente de la República, Nicolás Maduro, acusó a la oposición venezolana de estar creando un complot junto a Colombia tras la supuesta compra de 18% de inflación para atacar al Gobierno Nacional. El anuncio fue realizado el día de ayer, en un encuentro con la prensa internacional efectuado en el Palacio de Miraflores en el que no hubo cachitos ni café ni jugo de naranja.",place+political_context
https://www.elchiguirebipolar.net/23-07-2013/maduro-y-santos-rompen-y-restablecen-relaciones-diplomaticas-5-veces-durante-cena/,Maduro y Santos rompen y restablecen relaciones diplomáticas 5 veces durante cena | El Chigüire Bipolar,"Los presidentes de Venezuela y Colombia sostuvieron una reunión bilateral en la ciudad de Puerto Ayacucho, con el fin de reparar la maltrecha relación entre ambos países hermanos. Luego, ambos mandatarios mantuvieron una cena privada, durante la cual rompieron y restablecieron las relaciones diplomáticas al menos cinco veces.",strong_political_signal
https://www.elchiguirebipolar.net/29-07-2013/cochez-patricia-poleo-el-doctor-marquina-y-reinaldo-dos-santos-se-unen-para-demostrar-que-maduro-es-un-extraterrestre-nazi/,"Cochez, Patricia Poleo, Dr Marquina y Reinaldo Dos Santos se unen para demostrar que Maduro es un extraterrestre nazi | El Chigüire Bipolar","En una colaboración sin precedentes, el diplomático panameño Guillermo Cochez, la periodista Patricia Poleo, el Doctor Marquina y el astrólogo Reinaldo Dos Santos unieron esfuerzos para demostrar que el Presidente Nicolás Maduro es un extraterrestre nazi.",strong_political_signal
https://www.elchiguirebipolar.net/09-12-2013/senora-reza-para-que-su-lavadora-no-se-dane-hasta-las-elecciones-de-2015/,Señora reza para que su lavadora no se dañe hasta las elecciones de 2015 | El Chigüire Bipolar,"Eloisa Ferreira, una habitante de Flor Amarillo (Edo. Carabobo), encomienda diariamente su lavadora en las misas que se realizan en la iglesia local, para que permanezca en buen estado hasta el 2015, año en el que se realizarán las próximas elecciones.",place+political_context
https://www.elchiguirebipolar.net/27-09-2013/oposicion-demuestra-que-maduro-es-colombiano-porque-se-la-pasa-viendo-betty-la-fea/,Oposición demuestra que Maduro es colombiano porque se la pasa viendo Betty la fea | El Chigüire Bipolar,"El diputado opositor Walter Márquez, anunció en el webshow capriles.tv, que luego de una exhaustiva investigación demostró que el Presidente Nicolás Maduro es colombiano porque “se la pasa viendo Betty la fea”.",strong_political_signal
https://www.elchiguirebipolar.net/03-01-2014/ministra-rodriguez-funcionarios-chavistas-no-viajaron-al-exterior-porque-lo-hicieron-dentro-de-la-gran-colombia/,Ministra Rodríguez: “Chavistas no viajaron al exterior porque lo hicieron dentro de la Gran Colombia” | El Chigüire Bipolar,"La ministra de Comunicación e Información, Delcy Rodríguez, comentó en exclusiva para El Chigüire Bipolar la razón por las que ningún dirigente chavista salió en su famosa lista de políticos que viajaron fuera del país en navidad: “Los funcionarios chavistas no viajaron al exterior porque lo hicieron dentro de la Gran Colombia”.",place+political_context
https://www.elchiguirebipolar.net/25-05-2014/colombia-celebra-elecciones-mariquitas-sin-motorizados-ni-fraude-ni-nada/,Colombia celebra elecciones mariquitas sin motorizados ni fraude ni nada | El Chigüire Bipolar,"Este domingo, Colombia celebró la primera vuelta de sus elecciones mariquitas. Según reportes desde Bogotá, no hubo ni motorizados, ni colectivos, ni llamados de fraude ni nada.",place+political_context
https://www.elchiguirebipolar.net/24-05-2014/reporte-semanal-a-proposito-de-las-elecciones-en-colombia/,Reporte Semanal - A propósito de las elecciones en Colombia | El Chigüire Bipolar,"En este segmento del noticiero de Reporte Semanal, Briceño nos habla sobre las elecciones en Colombia y sus similitudes, si es que las hay, con las de Venezuela.",place+political_context
https://www.elchiguirebipolar.net/01-08-2014/gobierno-contrata-a-romeo-santos-para-anuncio-de-aumento-de-la-gasolina/,Gobierno contrata a Romeo Santos para anuncio de aumento de la gasolina   | El Chigüire Bipolar,"El Gobierno Nacional, a través del Ministerio del Poder Popular para la Cultura y en conjunto con Petróleos de Venezuela (PDVSA) anunciaron […]",strong_political_signal
https://www.elchiguirebipolar.net/27-10-2014/conozcan-al-bachaquero-opositor-colombiano-cicpc-empresario-tuitero-imperialista-criticon-persona-culpable-de-todo/,Conozcan al bachaquero-opositor-colombiano-CICPC-empresario-tuitero-imperialista-criticón-persona culpable de todo | El Chigüire Bipolar,"Inflación, escasez, inseguridad, crisis aérea, falta de divisas, inestabilidad política, contrabando y caída de los precios del petróleo. Aunque pareciera una idea descabellada, todos estos problemas tienen un mismo culpable: el bachaquero-opositor-colombiano-CICPC-empresario-tuitero-imperialista-criticón.",place+political_context
https://www.elchiguirebipolar.net/05-11-2014/nuevo-avion-sin-alas-hace-traslados-de-caracas-a-colombia-en-14-horas/,Nuevo avión sin alas hace traslados de Caracas a Colombia en 14 Horas | El Chigüire Bipolar,"Un nuevo avión que no tiene alas es la más reciente adquisición de las aerolíneas internacionales, como respuesta a la crisis del […]",place+political_context
https://www.elchiguirebipolar.net/26-01-2015/gobierno-ofrece-a-pinera-y-pastrana-otros-30-millones-de-presos-a-los-que-pueden-visitar/,Gobierno ofrece a Piñera y Pastrana otros 30 millones de presos a los que pueden visitar | El Chigüire Bipolar,"El Vicepresidente de la República, Jorge Arreaza, invitó a los expresidentes Sebastián Piñera y Andrés Pastrana a visitar a otros 30.000.000 de […]",strong_political_signal
https://www.elchiguirebipolar.net/04-02-2015/reporte-semanal-aportes-de-miss-universo-a-la-paz-en-colombia/,Reporte Semanal - Aportes de Miss Universo a la paz en Colombia | El Chigüire Bipolar,La nueva Miss Universo participará en las negociaciones de paz de las FARC. ¿Cuáles podrían ser los aportes de una Miss en […],strong_political_signal
https://www.elchiguirebipolar.net/26-08-2015/vielma-mora-pide-a-colombia-que-se-separe-de-america-latina/,Vielma Mora pide a Colombia que se separe de América Latina | El Chigüire Bipolar,"El gobernador del estado Táchira, José Gregorio Vielma Mora, quién fuera calificado hace algunos años como",place+political_context
https://www.elchiguirebipolar.net/08-09-2015/maduro-ordena-cierre-de-la-frontera-del-estado-nueva-esparta-con-colombia/,Maduro ordena cierre de la frontera del estado Nueva Esparta con Colombia | El Chigüire Bipolar,Como continuación de sus políticas en contra de la,place+political_context
https://www.elchiguirebipolar.net/14-09-2015/maduro-acusa-a-colombia-de-tener-plan-de-prosperidad-para-darle-envidia-a-venezuela/,Maduro acusa a Colombia de tener plan de prosperidad para darle envidia a Venezuela | El Chigüire Bipolar,"El presidente Nicolás Maduro volvió a atacar al presidente colombiano Juan Manuel Santos, luego de aucusarlo de tener un plan de prosperidad en Colombia para darle envidia a Venezuela.",strong_political_signal
https://www.elchiguirebipolar.net/21-09-2015/correa-amarra-barriga-con-barriga-a-santos-y-maduro-para-que-dejen-la-peleadera/,Correa amarra barriga con barriga a Santos y Maduro para que dejen la peleadera | El Chigüire Bipolar,"El Presidente ecuatoriano Rafael Correa, aprovechó la reunión de sus similares, Juan Manuel Santos y Nicolás Maduro, para probar un método conciliatorio entre ambos, amarrándolos barriga con barriga hasta que dejen de pelear.",strong_political_signal
https://www.elchiguirebipolar.net/23-09-2015/maduro-ordena-disolver-la-gran-colombia/,Maduro ordena disolver la Gran Colombia | El Chigüire Bipolar,"El Presidente de la República, Nicolás Maduro, ordenó tras una larga deliberación con la almohada, la disolución inmediata de la República de la Gran Colombia, además del decreto de excepción en todo el continente americano.",place+political_context
https://www.elchiguirebipolar.net/24-09-2015/santos-ya-puedo-buscar-mi-nobel-o-mas-tarde-cero-estres-ya-puedo/,Santos:,"Inmediatamente después de firmar ayer un acuerdo de paz con las Fuerzas Armadas Revolucionarias de Colombia (FARC), el presidente de Colombia, Juan Manuel Santos preguntó si ya podía ir a Estocolmo a buscar su premio Nobel de la Paz, o si tenía que esperar un poco más.",strong_political_signal
https://www.elchiguirebipolar.net/29-05-2016/dominguire-no-128-romeo-santos/,Domingüire No.128: Romeo Santos | El Chigüire Bipolar,,strong_political_signal
https://www.elchiguirebipolar.net/13-06-2016/tarjeta-amarilla-contenta-de-ver-de-cerca-a-christian-santos/,Tarjeta amarilla contenta de ver de cerca a Christian Santos | El Chigüire Bipolar,La tarjeta amarilla del árbitro cubano Yadiel Martínez en el juego Venezuela - México afirmó haberse sentido muy contenta al ver de cerca al delantero vinotinto Christian Santos.,strong_political_signal
https://www.elchiguirebipolar.net/11-07-2016/vielma-mora-senoras-cruzaron-frontera-para-restregarle-a-colombianos-la-belleza-de-la-mujer-venezolana/,Vielma Mora:,"El Gobernador del estado Táchira, Vielma Mora, ofreció declaraciones sobre la apertura de la frontera entre Venezuela y Colombia por 12 horas en la que aseguró que",place+political_context
https://www.elchiguirebipolar.net/03-10-2016/colombia-finge-tener-la-regla-para-no-acostarse-con-las-farc/,Colombia finge tener la regla para no acostarse con las FARC | El Chigüire Bipolar,"Una semana después de firmar el acuerdo para tener relaciones entre el presidente Santos y líder de las Fuerzas Armadas Revolucionarias de Colombia (FARC), Timochenko, el pueblo colombiano fingió tener la regla para no acostarse con las FARC.",strong_political_signal
https://www.elchiguirebipolar.net/25-08-2016/paz-en-colombia-deja-a-venezolano-sin-argumentos-para-justificar-falsa-superioridad/,Paz en Colombia deja a venezolano sin argumentos para justificar falsa superioridad | El Chigüire Bipolar,"Manuel López, un joven venezolano de 27 años, se despertó el jueves con la noticia que tras casi cuatro años de conversaciones, el Gobierno colombiano y las Fuerzas Armadas Revolucionarias de Colombia (FARC) finalmente lograron un acuerdo definitivo de paz. Así que Manuel también se quedó sin argumentos para justificar la falsa superioridad de Venezuela sobre Colombia.",strong_political_signal
https://www.elchiguirebipolar.net/07-04-2017/mudan-defensoria-del-pueblo-a-tocoron-para-que-marcha-opositora-no-llegue/,Mudan Defensoría del Pueblo a Tocorón para que marcha opositora no llegue | El Chigüire Bipolar,"El defensor del pueblo, Tarek William Saab, informó hoy en rueda de prensa ante los medios de comunicación que a partir de este día su despacho se muda a la cárcel de Tocorón, para que la marcha opositora no llegue.",strong_political_signal
https://actualidadpanamericana.com/pareja-progresista-llama-petro-les-diga-color-tapizar-muebles/,Pareja progresista llama a Petro a que les diga de qué color tapizar muebles - Actualidad Panamericana,"El arraigo de las ideas y el carisma del exalcalde de Bogotá, Gustavo Petro, entre sus devotos no parece tener...",strong_political_signal
https://www.elchiguirebipolar.net/20-10-2017/asamblea-nacional-inicia-debate-sobre-si-la-arepa-es-colombiana-o-no/,Asamblea Nacional inicia debate sobre si la arepa es colombiana o no | El Chigüire Bipolar,La Asamblea Nacional en su orden del día inició un importantísimo debate para la crisis política venezolana luego de los comicios regionales del pasado domingo donde destacó la discusión sobre si la arepa es colombiana o no.,strong_political_signal
https://www.elchiguirebipolar.net/29-01-2018/emigrante-venezolana-abusadora-pide-vivienda-carro-bono-de-embarazada-reunion-con-santos-y-una-colonia-tovar-en-colombia/,"Emigrante venezolana abusadora pide vivienda, carro, bono de embarazada, reunión con Santos y una Colonia Tovar en Colombia | El Chigüire Bipolar","Yenderly Suárez, una mujer de 31 años, logró emigrar por la frontera colombo-venezolana al vecino país, sin embargo al hablar con las autoridades, pidió una vivienda, bono de embarazada, reunión con Santos y una Colonia Tovar en Colombia.",strong_political_signal
https://www.elchiguirebipolar.net/01-11-2017/venezolano-envidioso-ve-candidatura-de-timochenko-a-presidencia-de-colombia-y-sonrie/,Venezolano envidioso ve candidatura de Timochenko a presidencia de Colombia y sonríe | El Chigüire Bipolar,"Daniel Rondón, un venezolano envidioso de 28 años, no pudo evitar hoy sonreír al enterarse que el ex guerrillero Rodrigo Londoño, mejor conocido como Timochenko, presentó su candidatura a la presidencia de Colombia.",strong_political_signal
https://www.elchiguirebipolar.net/18-02-2018/5-razones-por-la-que-el-petro-es-un-exito/,5 Razones por las que el Petro es un éxito | El Chigüire Bipolar,"En el primer día del lanzamiento de la criptomoneda del Gobierno de Venezuela llamada Petro, el Presidente de la República y poseedor de una colección envidiable de bóxers de Animal Print, Nicolás Maduro, anunció que en su primer día se recogieron ventas de $445.
Esto a simple vista podrá parecer un fracaso, sin embargo, en El Chigüire Bipolar nos parece que es un éxito por las siguientes razones:",strong_political_signal
https://www.elchiguirebipolar.net/17-06-2018/uribe-felicita-a-duque-y-le-pide-que-lo-traicione-rapido-para-poder-seguir-quejandose/,Uribe felicita a Duque y le pide que lo traicione rápido para poder seguir quejándose | El Chigüire Bipolar,"El candidato del partido Centro Democrático Iván Duque fue electo hoy en segunda vuelta presidente de Colombia, con más de diez millones de votos a su favor. Luego de 12 minutos de felicitar a su propio candidato, el ex presidente Uribe sintió el repentino impulso de declarar que Colombia se destina a un precipicio y pidió encarecidamente a Duque que declarara a favor del Acuerdo de Paz o que confesara que desea el fracaso de la selección Colombia en el Mundial, con el objetivo de poder contradecirlo y seguir con su quejadera eterna.",strong_political_signal
https://www.elchiguirebipolar.net/14-06-2018/reporte-semanal-los-12-mandamientos-de-petro/,Reporte Semanal - Los 12 mandamientos de Petro | El Chigüire Bipolar,"En este nuevo episodio de Reporte Semanal, Briceño nos explica por que Petro no tiene 10, sino 12 mandamientos. Episodio completo disponible […]",strong_political_signal
https://www.elchiguirebipolar.net/17-06-2018/suspiro-de-alivio-de-colombianos-mueve-2-centimetros-eje-de-rotacion-de-la-tierra/,Suspiro de alivio de colombianos mueve 2 centímetros eje de rotación de la Tierra | El Chigüire Bipolar,"Un conjunto de datos teóricos provenientes del Laboratorio de Monitoreo del Planeta Tierra de la NASA, ubicado en Pasadena, California, estuvieron a punto de desatar hoy una emergencia mundial; pero lo que al principio se temió que fuera un cataclismo de proporciones globales no fue más que el suspiro de alivio dejado salir hoy por los colombianos, luego de anunciados los resultados de la segunda vuelta electoral de ese país, en la que Iván Duque derrotó al candidato izquierdista Gustavo Petro.",strong_political_signal
https://www.elchiguirebipolar.net/09-08-2018/senado-argentino-pasara-a-discutir-si-la-mujer-esta-en-condiciones-de-manejar-un-carruaje/,Senado argentino pasará a discutir si la mujer está en condiciones de manejar un carruaje | El Chigüire Bipolar,"Luego de rechazar la propuesta para legalizar el aborto –con 38 votos en contra y 31 a favor–, el Senado argentino continuó hoy con su benevolente agenda y pasaron a discutir si las",strong_political_signal
https://www.elchiguirebipolar.net/03-07-2018/para-superar-depresion-por-eliminacion-de-colombia-maluma-se-mira-al-espejo/,"Para superar depresión por eliminación de Colombia, Maluma se mira al espejo | El Chigüire Bipolar","Hoy, la selección colombiana de fútbol quedó eliminada tras caer derrotada en penales a manos de la selección de Inglaterra. Esto dejó a muchos colombianos tan despechados que han buscado cualquier cosa para ahogar sus penas, como un buen antioqueño oyendo al Binomio de Oro haciendo un cover de Adele. Sin embargo, ningún remedio para el guayabo llamó tanto la atención como el que uso el artista urbano Juan Luis Londoño, mejor conocido como",strong_political_signal
https://www.elchiguirebipolar.net/14-08-2018/reporte-semanal-editorial-mami-que-sera-lo-que-quiere-el-petro/,"Reporte Semanal - Editorial: ¿Mami, qué será lo que quiere el Petro? | El Chigüire Bipolar","En el editorial de esta semana, el Profesor Briceño nos habla del apocalipsis de las nuevas reformas económicas, de la crisis migratoria […]",strong_political_signal
https://www.elchiguirebipolar.net/11-09-2018/para-evitar-flujo-de-emigrantes-venezolanos-colombia-construye-vuelta-en-u-en-puente-simon-bolivar/,"Para evitar flujo de emigrantes venezolanos, Colombia construye vuelta en U en puente Simón Bolívar | El Chigüire Bipolar","El principal culpable de todos los problemas de Venezuela –según el gobierno venezolano–, Colombia, se pronunció hoy acerca de la fuerte situación migratoria que existe entre los vecinos países y afirmó no tener la capacidad de soportar la llegada de tantos venezolanos. Todo esto dentro del marco de la inauguración de la nueva vuelta en U en el puente Simón Bolívar que hará que los venezolanos que van a Cúcuta se regresen a San Antonio del Táchira sin ni siquiera darse cuenta.",strong_political_signal
https://www.elchiguirebipolar.net/29-09-2018/9-monedas-que-tienen-mas-credibilidad-que-el-petro/,9 monedas que tienen más credibilidad que el Petro | El Chigüire Bipolar,"Nicolás Maduro, el culpable de que todas las paredes de Miraflores estén llenas de pintadedos, ha insistido en los últimos días en que el Petro es la moneda comercial de Venezuela; tanto así que ha impuesto a la misma como la única forma de pago para algunas rubros como la venta de bienes inmuebles, la compra de combustible por parte de aerolíneas extranjeras y hasta para pagar hoteles. (Ok, esa última es mentira... ¡pero te asustaste, sinvergüenza!)",strong_political_signal
https://www.elchiguirebipolar.net/04-10-2018/miss-colombia-molesta-porque-haya-una-candidata-mas-operada-que-ella-en-certamen-de-miss-universo/,Miss Colombia molesta porque haya una candidata mas operada que ella en certamen de Miss Universo | El Chigüire Bipolar,"La elección de Ángela Ponce, una mujer trans, como la representante española al Miss Universo sigue generando polémica estas semanas. La más reciente ha llegado a raíz de las declaraciones de la representante de Colombia, Valeria Morales, quien criticó que existan participantes más retocadas quirúrgicamente que ella en el concurso.",place+political_context
https://www.elchiguirebipolar.net/06-11-2018/gobierno-pone-el-alma-llanera-en-altavoz-gigante-para-que-el-eln-se-vaya/,Gobierno pone el Alma Llanera en altavoz gigante para que el ELN se vaya | El Chigüire Bipolar,"Tras los altercados ocurridos entre la Guardia Nacional Bolivariana (GNB) y el Ejército de Liberación Nacional (ELN) en la frontera con el estado Amazonas, el Alto Mando Militar, comandado por el ministro de la Defensa de la gaveta de las chucherías de Maduro, Vladimir Padrino López, se planteó la estrategia de reproducir la canción “Alma Llanera” en un parlante gigante para hacerles saber que ya es hora de irse a casa.",strong_political_signal
https://www.elchiguirebipolar.net/28-11-2018/olor-a-peligro-hace-que-romeo-santos-venga-a-venezuela-en-busca-de-aventuras/,Olor a peligro hace que Romeo Santos venga a Venezuela en busca de aventuras | El Chigüire Bipolar,"“Una aventura es mas divertida si huele a peligro”, afirmó el cantante dominicano Romeo Santos, en exclusiva para el Chigüire Bipolar, a su llegada a Maiquetía. Santos arribó a nuestro país este miércoles, en búsqueda de aventuras, mujeres comprometidas y mucho peligro, luego de conocer la noticia de que Venezuela lidera la lista de los países más peligrosos del mundo.",strong_political_signal
https://www.elchiguirebipolar.net/19-12-2018/gobierno-paga-pension-en-fotos-de-gustavo-petro/,Gobierno paga pensión en fotos de Gustavo Petro | El Chigüire Bipolar,"Por órdenes del responsable de que la cama presidencial amanezca llena de manchas de pollo en brasa, Nicolás Maduro, hoy los pensionados de la tercera edad recibieron el pago de su pensión con fotos del ex candidato presidencial colombiano, Gustavo Petro.",strong_political_signal
https://www.elchiguirebipolar.net/30-01-2019/tras-ver-ejercicios-militares-de-venezuela-ee-uu-decide-solo-enviar-un-soldado-a-colombia/,"Tras ver ejercicios militares de Venezuela, EE.UU. decide sólo enviar un soldado a Colombia | El Chigüire Bipolar","La administración del primer presidente anaranjado de los Estados Unidos, Donald Trump, decidió la tarde de este martes enviar a la frontera entre Colombia y Venezuela una tropa de un solo soldado luego de ver, en su sala situacional, los ejercicios militares realizados por la Fuerza Armada Nacional Bolivariana (FANB).",place+political_context
https://www.elchiguirebipolar.net/27-02-2019/guaido-se-disfraza-de-guerrillero-del-eln-para-poder-entrar-sin-problemas-a-venezuela/,Guaidó se disfraza de guerrillero del ELN para poder entrar sin problemas a Venezuela | El Chigüire Bipolar,"El presidente encargado —y marido de todas las señoras de El Cafetal—, Juan Guaidó, anunció que se se disfrazará de guerrillero del Ejército de Liberación Nacional (ELN) para poder entrar al país por la frontera sin ninguna restricción ni problemas.",strong_political_signal
https://www.elchiguirebipolar.net/06-05-2019/maduro-pide-consejos-a-romeo-santos-tras-ser-traicionado-por-maikel-moreno/,Maduro pide consejos a Romeo Santos tras ser traicionado por Maikel Moreno | El Chigüire Bipolar,"El señor que usa hojas de la constitución para agarrar las empanadas calientes, Nicolás Maduro, solicitó la ayuda del único experto en corazones rotos y traiciones capaz de contestar el teléfono a las 5 am, Romeo Santos, luego de haber sido presuntamente traicionado por uno de sus hombres de confianza, el presidente del TSJ, Maikel Moreno.",strong_political_signal
https://www.elchiguirebipolar.net/30-08-2019/farc-vuelve-a-las-armas-tras-darse-cuenta-que-hacer-dinero-trabajando-es-dificil/,FARC vuelve a las armas tras darse cuenta que hacer dinero trabajando es difícil | El Chigüire Bipolar,"El número dos del grupo guerrillero colombiana de las FARC, Luciano Marín Arango alias “Iván Márquez”, declaró este jueves, luego de estar desaparecido desde hace más de un año en un video junto con otros ex líderes guerrilleros que retomarán las armas como  “una nueva etapa de lucha” tras darse cuenta que hacer dinero por la vía legal es más difícil porque básicamente hay que trabajar.",strong_political_signal
https://www.elchiguirebipolar.net/08-11-2019/banco-de-venezuela-pone-muneca-inflable-detras-de-taquilla-del-petro-y-nadie-se-da-cuenta/,Banco de Venezuela pone muñeca inflable detrás de taquilla del Petro y nadie se da cuenta | El Chigüire Bipolar,"El Banco de Venezuela, institución bancaria cuya plataforma se cae más que Neymar Jr, inauguró una taquilla para hacer transacciones con Petros en sus oficinas comerciales. En la ventanilla, una muñeca inflable fue la encargada de las operaciones y ninguno de los clientes se dio cuenta.",strong_political_signal
https://www.elchiguirebipolar.net/30-11-2020/eln-en-territorio-venezolano-hace-el-jerusalema-challenge/,ELN en territorio venezolano hace el Jerusalema Challenge | El Chigüire Bipolar,"Un sorprendente evento sucedió este lunes en el estado Táchira, en las inmediaciones de las trochas que están en territorio venezolano, cuando el Ejército de Liberación Nacional (ELN) hizo el Jerusalema Challenge haciendo que el CICPC, el FAES y el ISIS quedaran pulverizados con los sensuales pasos de baile de la organización terrorista colombiana.",strong_political_signal
https://www.elchiguirebipolar.net/11-03-2021/alcaldesa-de-bogota-exigira-visa-para-robar-colombianos/,Alcaldesa de Bogotá exigirá visa a venezolanos para robar colombianos | El Chigüire Bipolar,"En horas de la tarde de hoy, Claudia López, alcaldesa de Bogotá, anunció en una rueda de prensa que fue vista por 10 personas nada más, una nueva medida que deben cumplir los venezolanos extranjeros que migren a Bogotá: deberán obtener la visa R0B0G, una visa que los autoriza para robar a los colombianos y con la que espera regular fuertemente esta situación.",strong_political_signal
https://www.elchiguirebipolar.net/24-03-2021/farc-anuncia-que-no-se-va-de-venezuela-porque-la-pagina-del-saime-esta-caida/,Farc anuncia que no se va de Venezuela porque la página del Saime está caída | El Chigüire Bipolar,Miembros de las Fuerzas Armadas Revolucionarias de Colombia (Farc) anunciaron esta tarde —mediante un megáfono hecho con balas— que la verdadera razón por la cual siguen en Apure es porque la página del Saime está caída; lo que les ha impedido tramitar las prórrogas de pasaporte para regresar a Colombia.,strong_political_signal
https://www.elchiguirebipolar.net/26-03-2021/faes-destruye-un-pueblo-para-que-la-farc-no-lo-haga-primero/,FAES destruye un pueblo para que la FARC no lo haga primero | El Chigüire Bipolar,"A la luz de los enfrentamientos que han ocurrido esta semana en Apure entre las FARC y la FANB, la FAES decidió acudir a ese estado fronterizo a darle apoyo a nuestra Fuerza Armada. Y su acción no pudo ser más rápida: el grupo policial ha tomado un enfoque más nacionalista destruyendo pueblos venezolanos para evitar que la guerrilla colombiana lo haga antes.",strong_political_signal
https://www.elchiguirebipolar.net/05-05-2021/gnb-envia-mensaje-de-solidaridad-a-policias-colombianos/,GNB envía mensaje de solidaridad a policías colombianos | El Chigüire Bipolar,"Un grupo de miembros de la Guardia Nacional Bolivariana (GNB) publicaron esta tarde un video en las redes sociales en el que expresan su solidaridad con los policías colombianos que se encuentran reprimiendo fuertemente las protestas en el país vecino, mandando un mensaje inequívoco de “fortaleza” y “ánimo”.",place+political_context
https://www.elchiguirebipolar.net/19-08-2021/alcaldesa-de-bogota-asegura-que-betty-dejo-a-don-armando-por-culpa-de-un-venezolano/,Alcaldesa de Bogotá asegura que Betty dejó a Don Armando por culpa de un venezolano | El Chigüire Bipolar,"Este jueves, Claudia López, alcaldesa de Bogotá, volvió a acusar a los venezolanos de ser los responsables de todos los problemas que ocurren en Colombia. Como ejemplo de esta afirmación, reveló que la popular telenovela colombiana “Yo soy Betty, la fea”, dejó de producirse porque la protagonista del programa, Betty, dejó a Don Armando por un venezolano, causando una desgracia indescriptible para su país.",strong_political_signal
https://www.elchiguirebipolar.net/04-08-2021/venezolano-en-colombia-sufre-infarto-al-descubrir-que-su-rappi-es-el-koki/,Venezolano en Colombia sufre infarto al descubrir que su Rappi es el Koki | El Chigüire Bipolar,"En la mañana de este miércoles, Joel Tovar, un joven emigrante venezolano residenciado en Colombia, sufrió un doble infarto luego de recibir un pedido que había hecho por la aplicación Rappi; el primero cuando notó que su empanada de queso no venía acompañada con salsa de ajo, y el segundo al descubrir que su repartidor era Carlos Luis Revette, mejor conocido como el Koki, delincuente que logró escabullirse de las alcabalas venezolanas hasta llegar a Cúcuta gracias a que los policías estaban muy ocupados jugando Candy Crush.",place+political_context
https://www.elchiguirebipolar.net/02-02-2022/eln-denuncia-que-desde-hace-meses-no-llega-el-gas-en-apure/,ELN denuncia que desde hace meses no llega el gas en Apure | El Chigüire Bipolar,"La organización guerrillera colombiana “Ejército de Liberación Nacional” (ELN), denunció este martes su inconformidad con su estadía en el estado Apure debido a que el gas no ha llegado ni una sola vez desde que están ahí. Demostrando su molestia, el cabecilla de la organización, alias Jairo Jairo, exigió con firmeza al gobierno de Nicolás Maduro tomar cartas en el asunto: “¿cómo es posible que con todo el tiempo que tenemos acá todavía no nos haya llegado ni una vez el gas? ¡Qué manera de vivir es esa!”",strong_political_signal
https://www.elchiguirebipolar.net/10-03-2022/biden-le-regala-pin-y-tote-bag-de-la-otan-a-duque/,Biden le regala Pin y Tote Bag de la OTAN a Duque | El Chigüire Bipolar,"El mandatario Joe Biden, primer presidente de Estados Unidos que cobra pensión mientras todavía está en la Casa Blanca, sostuvo hoy una reunión con su homólogo colombiano, Iván Duque, donde le entregó a este un pin, un tote bag y otros artículos de material POP de la Organización del Tratado del Atlántico Norte (OTAN). Según información extraoficial, estos obsequios serían una estrategia del gobierno estadounidense para apaciguar a su tradicional aliado en la región, molesto por el acercamiento entre Washington y Caracas.",strong_political_signal
https://www.elchiguirebipolar.net/14-06-2022/elecciones-en-colombia-hacen-que-venezolano-se-debata-entre-emigrar-o-emigrar/,Elecciones en Colombia hacen que venezolano se debata entre emigrar o emigrar | El Chigüire Bipolar,"El próximo domingo se llevará a cabo en Colombia la segunda vuelta de las elecciones presidenciales de ese país, en la que se medirán los candidatos Gustavo Petro y Rodolfo Hernández por el derecho a ocupar el Palacio de Nariño. El venezolano Julián Romero, residenciado en Bogotá, observa atentamente los acontecimientos y desde ya baraja las siguientes opciones, dependiendo de los resultados finales: emigrar o emigrar.",strong_political_signal
https://www.elchiguirebipolar.net/04-11-2022/migracion-colombia-entrena-perros-anti-budares/,Migración Colombia entrena perros anti-budares | El Chigüire Bipolar,"La reunión entre Petro y Maduro ya dejó frutos, entre esos una pelea con las espadas de Bolívar y también la reactivación de vuelos directos entre Caracas y Bogotá a partir del lunes 7 de noviembre; esta noticia alarmó a la migración Colombiana y por ello tomaron la decisión de empezar a entrenar los perros con habilidades especiales para que puedan detectar budares en maletas de venezolanos.",strong_political_signal
https://www.elchiguirebipolar.net/24-04-2023/puntos-a-tratar-en-la-cumbre-de-bogota/,Puntos a tratar en la Cumbre de Bogotá | El Chigüire Bipolar,"La cumbre internacional, convocada por el presidente de Colombia, Gustavo Petro, se convertirá este martes en el nuevo destino turístico que visitarán […]",strong_political_signal
https://www.elchiguirebipolar.net/25-04-2023/petro-se-sienta-en-piernas-de-maduro-a-explicar-razon-por-la-que-expulso-a-guaido/,Petro se sienta en piernas de Maduro a explicar razón por la que expulsó a Guaido | El Chigüire Bipolar,El Gobierno de Colombia se encuentra envuelto en una polémica internacional debido a su decisión de expulsar al líder opositor y famoso […],strong_political_signal
https://www.elchiguirebipolar.net/02-05-2023/gustavo-petro-amenaza-con-engordar-usar-guayaberas-y-bailar-salsa/,"Gustavo Petro amenaza con engordar, usar guayaberas y bailar salsa | El Chigüire Bipolar",El presidente de Colombia Gustavo Petro se asomó desde el balcón de la Casa de Nariño para dirigirse a sus partidarios. Desde […],strong_political_signal
https://www.elchiguirebipolar.net/29-05-2023/buenas-noticias-ingenieros-de-corpoelec-regresan-de-colombia-con-dos-power-banks-cargados/,BUENAS NOTICIAS: Ingenieros de Corpoelec regresan de Colombia con dos Power Banks cargados | El Chigüire Bipolar,"Venezuela avanza camino a convertirse en un país potencia, y es que los tiempos de racionamiento eléctrico, apagones y bajones que fundían […]",place+political_context
https://www.elchiguirebipolar.net/15-06-2023/venezolanos-recuerdan-que-era-el-petro-porque-gobierno-anuncio-que-va-a-eliminar-el-petro/,Venezolanos recuerdan que era el Petro porque gobierno anunció que va a eliminar el Petro | El Chigüire Bipolar,"En Venezuela ya es costumbre tener una economía basada en cuentas en el extranjero, dólares americanos y un banco central que solo […]",strong_political_signal
https://www.elchiguirebipolar.net/11-12-2023/romeo-santos-logra-meter-mas-gente-arrecha-a-la-carlota-que-guaido/,Romeo Santos logra meter más gente arrecha a La Carlota que Guaidó | El Chigüire Bipolar,"Romeo Santos, el rey de la bachata y único artista que viajó a Caracas por su olor a peligro, logró lo que […]",strong_political_signal
https://www.elchiguirebipolar.net/27-01-2025/petro-evita-crisis-diplomatica-aceptando-vuelos-de-migrantes-que-petro-se-rehuso-a-recibir/,Petro evita crisis diplomática aceptando vuelos de migrantes que Petro se rehusó a recibir | El Chigüire Bipolar,"Luego del impasse entre el mandatario colombiano Gustavo Petro y el presidente de Estados Unidos, Donald Trump, tras negarse a recibir migrantes deportados, Petro, con sus impresionantes habilidades de estratega político, logró evitar una crisis diplomática entre ambos países al aceptar los vuelos de migrantes deportados desde Estados Unidos.",strong_political_signal
https://www.elchiguirebipolar.net/13-10-2025/ponen-bandera-de-palestina-en-el-helicoide-a-ver-si-petro-por-fin-lo-denuncia/,Ponen bandera de Palestina en el Helicoide a ver si Petro por fin lo denuncia | El Chigüire Bipolar,"Tras las quejas de Gustavo Petro por el Nobel de la Paz entregado a María Corina Machado, un grupo de venezolanos tomó la iniciativa de izar una bandera de Palestina en las instalaciones del Helicoide para ver si el presidente colombiano finalmente decide poner la vista en él y denunciar los crímenes que ahí ocurren.",strong_political_signal
https://www.elchiguirebipolar.net/21-10-2025/indefendible-petro-argumenta-que-el-nuevo-album-de-taylor-swift-es-buenisimo/,INDEFENDIBLE: Petro argumenta que el nuevo álbum de Taylor Swift es buenísimo | El Chigüire Bipolar,"El máximo mandatario colombiano y dueño de la colección más grande de figuras de Súper Bigote, Gustavo Petro, ofreció una polémica entrevista donde nuevamente defendió lo indefendible, afirmando que el último disco de Taylor Swift es, en realidad, una obra maestra sólo comparable a las composiciones de Mozart, Beethoven y Calle Ciega.",strong_political_signal
https://www.elchiguirebipolar.net/26-12-2025/hallan-a-venezolanos-peruanos-y-colombianos-trabajando-sin-papeles-en-allanamiento-al-taller-de-santa-claus/,"Hallan a venezolanos, peruanos y colombianos trabajando sin papeles en allanamiento al taller de Santa Claus | El Chigüire Bipolar","En un operativo desplegado ayer en una fábrica clandestina de juguetes en el Polo Norte por el Comando Universal de Migración, CUM, fueron capturados in fraganti 200 venezolanos, 300 peruanos, 233 colombianos y Peter Dinklage, acusados de estar trabajando sin la respectiva documentación legal. Los detenidos, todos de baja estatura y con las orejas deformadas por una mutación genética causada por la pintura de plomo de los juguetes, fueron puestos a la orden del Tribunal Sexto de Primera Instancia de Derecho Laboral Infantil y de Personas de Baja Estatura.",place+political_context
https://www.elchiguirebipolar.net/04-02-2026/petro-le-regala-copia-firmada-de-sin-tetas-no-hay-paraiso-a-trump/,Petro le regala copia firmada de Sin Tetas no hay Paraíso a Trump | El Chigüire Bipolar,"El presidente de Colombia, Gustavo Petro, se reunió con Donald Trump en La Casa Blanca, y como gesto de buena fe, el colombiano le llevó un merengón hecho por él mismo y una copia en DVD de la telenovela Sin Tetas No Hay Paraíso autografiada por Carmen Villalobos, la protagonista.",strong_political_signal
https://www.elchiguirebipolar.net/06-02-2026/desde-que-emigre-ya-no-entiendo-venezuela-asegura-joven-que-tiene-tres-dias-en-colombia/,"«Desde que emigré ya no entiendo Venezuela», asegura joven que tiene tres días en Colombia – El Chigüire Bipolar","El joven Adalberto Urdaneta, uno de los miles de migrantes venezolanos en Colombia, aseguró que los constantes cambios políticos y sociales en Venezuela hacen que ya no entienda nada sobre la situación de su propio país. Esto, luego de haber emigrado hace casi tres días a la ciudad de Medellín, donde —al igual que media ciudad— trabaja en un Call Center.",place+political_context
https://www.elchiguirebipolar.net/20-05-2026/chavismo-asegura-que-chavez-maduro-cilia-luisa-ortega-el-pollo-carvajal-rafael-ramirez-y-leito-oficial-son-colombianos/,"Chavismo asegura que Chávez, Maduro, Cilia, Luisa Ortega, El Pollo Carvajal, Rafael Ramírez y Leito Oficial son colombianos | El Chigüire Bipolar","La presidenta encargada eternamente temporal, Delcy Rodríguez, explicó esta mañana que –al igual que Alex Saab– todas las cosas malas del chavismo son realmente culpa de ciudadanos colombianos que los tenían engañados con documentos falsos, como Chávez, Maduro, Cilia, Luisa Ortega, El Pollo Carvajal, Rafael Ramírez y Leito Oficial.",place+political_context
https://www.elchiguirebipolar.net/22-06-2026/petro-denuncia-que-solo-le-contaron-1-de-sus-243-mil-votos-por-cepeda/,Petro denuncia que solo le contaron 1 de sus 243 mil votos por Cepeda | El Chigüire Bipolar,"El presidente colombiano de Colombia y única persona que extraña a Maduro, Gustavo Petro, denunció irregularidades en las elecciones señalando que el CNE, Consejo Nea Electoral, contó apenas 1 de sus 243.000 votos por Ivan Cepeda –el candidato de la izquierda– resultando en la victoria de Abelardo de la Espriella, el abogado de la izquierda.",strong_political_signal
https://www.elchiguirebipolar.net/11-08-2026/gobierno-de-delcy-envia-funcionarios-a-colombia-para-que-vayan-a-ver-como-levantan-los-escombros/,Gobierno de Delcy envía funcionarios a Colombia para que vayan a ver como levantan los escombros | El Chigüire Bipolar,"En un gesto de solidaridad con Colombia, la presidenta electa por los Estados Unidos, Delcy Rodríguez, envió un contingente militar venezolano al país vecino. El objetivo: asistir en observación, visualización, contemplación y cruce de brazos a los cuerpos de seguridad colombianos que sí saben actuar ante un desastre.",strong_political_signal
https://www.elchiguirebipolar.net/25-08-2026/abelardo-ordena-operativo-migratorio-en-barranquilla-pero-no-consigue-ni-un-solo-colombiano/,Abelardo ordena operativo migratorio en Barranquilla pero no consigue ni un solo colombiano | El Chigüire Bipolar,"Abelardo de la Espriella, el primer presidente skinny fit de Colombia, ordenó un operativo migratorio en la ciudad de Barranquilla para capturar, cachetear y expulsar venezolanos sin papeles porque el mismo gobierno no se los quiso dar. Sin embargo, en el despliegue se dieron cuenta de que ni un solo habitante de la costa caribe es colombiano.",place+political_context
https://www.elchiguirebipolar.net/09-09-2026/de-la-espriella-condecora-a-marco-rubio-con-los-pantalones-tubito-de-santander/,De La Espriella condecora a Marco Rubio con los pantalones tubito de Santander | El Chigüire Bipolar,"El presidente toyo-italo-colombiano, Abelardo de la Espriella, recibió al secretario de estado de EE.UU, Marco Rubio, en Barranquilla, Colombia, con todos los honores, incluyendo un concierto de 17 horas de covers de Béele cantado por él mismo, una cata de vino del D1 y una condecoración con los pantalones tubito de Francisco de Paula Santander.",place+political_context
https://www.elchiguirebipolar.net/etiqueta/juan-manuel-santos/,Etiqueta:  Juan Manuel Santos | El Chigüire Bipolar,,strong_political_signal
https://actualidadpanamericana.com/entradas-bogota-logran-codiciado-premio-embudo-oro-2019/,Entradas a Bogotá logran codiciado premio 'Embudo de oro' - Actualidad Panamericana,"El regreso de vacaciones trajo excelentes noticias para los bogotanos. Tras décadas de intentos fallidos, la ciudad por fin conquistó el...",strong_political_signal
